timestamp,uuid,signalName,customerDesignation,value,unitSymbol
2026-07-30T09:00:00Z,60d9dba0-601f-427c-b57c-35fbac327bf2,Gate opening,BUD2MEX41.CG310.XJ02,53.0227897914294,%
2026-07-30T08:00:00Z,60d9dba0-601f-427c-b57c-35fbac327bf2,Gate opening,BUD2MEX41.CG310.XJ02,53.7080266210768,%
2026-07-30T07:00:00Z,60d9dba0-601f-427c-b57c-35fbac327bf2,Gate opening,BUD2MEX41.CG310.XJ02,53.44534241358439,%
2026-07-30T06:00:00Z,60d9dba0-601f-427c-b57c-35fbac327bf2,Gate opening,BUD2MEX41.CG310.XJ02,53.39345323395981,%
2026-07-30T05:00:00Z,60d9dba0-601f-427c-b57c-35fbac327bf2,Gate opening,BUD2MEX41.CG310.XJ02,53.31114334742228,%
2026-07-30T04:00:00Z,60d9dba0-601f-427c-b57c-35fbac327bf2,Gate opening,BUD2MEX41.CG310.XJ02,53.20954215838022,%
2026-07-30T03:00:00Z,60d9dba0-601f-427c-b57c-35fbac327bf2,Gate opening,BUD2MEX41.CG310.XJ02,46.804274785783555,%
2026-07-30T02:00:00Z,60d9dba0-601f-427c-b57c-35fbac327bf2,Gate opening,BUD2MEX41.CG310.XJ02,45.4206946494517,%
2026-07-30T01:00:00Z,60d9dba0-601f-427c-b57c-35fbac327bf2,Gate opening,BUD2MEX41.CG310.XJ02,45.4289573902554,%
2026-07-30T00:00:00Z,60d9dba0-601f-427c-b57c-35fbac327bf2,Gate opening,BUD2MEX41.CG310.XJ02,45.44467814613355,%
2026-07-29T23:00:00Z,60d9dba0-601f-427c-b57c-35fbac327bf2,Gate opening,BUD2MEX41.CG310.XJ02,45.8902490231829,%
2026-07-29T22:00:00Z,60d9dba0-601f-427c-b57c-35fbac327bf2,Gate opening,BUD2MEX41.CG310.XJ02,48.49107323074765,%
2026-07-29T21:00:00Z,60d9dba0-601f-427c-b57c-35fbac327bf2,Gate opening,BUD2MEX41.CG310.XJ02,52.58851143307156,%
2026-07-29T20:00:00Z,60d9dba0-601f-427c-b57c-35fbac327bf2,Gate opening,BUD2MEX41.CG310.XJ02,54.84722917556763,%
2026-07-29T19:00:00Z,60d9dba0-601f-427c-b57c-35fbac327bf2,Gate opening,BUD2MEX41.CG310.XJ02,57.85933848608209,%
2026-07-29T18:00:00Z,60d9dba0-601f-427c-b57c-35fbac327bf2,Gate opening,BUD2MEX41.CG310.XJ02,57.185772661372475,%
2026-07-29T17:00:00Z,60d9dba0-601f-427c-b57c-35fbac327bf2,Gate opening,BUD2MEX41.CG310.XJ02,51.62127757178413,%
2026-07-29T16:00:00Z,60d9dba0-601f-427c-b57c-35fbac327bf2,Gate opening,BUD2MEX41.CG310.XJ02,52.85269666466478,%
2026-07-29T15:00:00Z,60d9dba0-601f-427c-b57c-35fbac327bf2,Gate opening,BUD2MEX41.CG310.XJ02,52.99171150419447,%
2026-07-29T14:00:00Z,60d9dba0-601f-427c-b57c-35fbac327bf2,Gate opening,BUD2MEX41.CG310.XJ02,54.85482988669963,%
2026-07-29T13:00:00Z,60d9dba0-601f-427c-b57c-35fbac327bf2,Gate opening,BUD2MEX41.CG310.XJ02,62.88529279620766,%
2026-07-29T12:00:00Z,60d9dba0-601f-427c-b57c-35fbac327bf2,Gate opening,BUD2MEX41.CG310.XJ02,62.201157372792565,%
2026-07-29T11:00:00Z,60d9dba0-601f-427c-b57c-35fbac327bf2,Gate opening,BUD2MEX41.CG310.XJ02,57.49616362533018,%
2026-07-29T10:00:00Z,60d9dba0-601f-427c-b57c-35fbac327bf2,Gate opening,BUD2MEX41.CG310.XJ02,54.817626819610595,%
2026-07-29T09:00:00Z,60d9dba0-601f-427c-b57c-35fbac327bf2,Gate opening,BUD2MEX41.CG310.XJ02,61.553707199181545,%
2026-07-29T08:00:00Z,60d9dba0-601f-427c-b57c-35fbac327bf2,Gate opening,BUD2MEX41.CG310.XJ02,56.24013257768419,%
2026-07-29T07:00:00Z,60d9dba0-601f-427c-b57c-35fbac327bf2,Gate opening,BUD2MEX41.CG310.XJ02,59.06553523523268,%
2026-07-29T06:00:00Z,60d9dba0-601f-427c-b57c-35fbac327bf2,Gate opening,BUD2MEX41.CG310.XJ02,59.99270112067875,%
2026-07-29T05:00:00Z,60d9dba0-601f-427c-b57c-35fbac327bf2,Gate opening,BUD2MEX41.CG310.XJ02,46.05774793931832,%
2026-07-29T04:00:00Z,60d9dba0-601f-427c-b57c-35fbac327bf2,Gate opening,BUD2MEX41.CG310.XJ02,45.40073249312226,%
2026-07-29T03:00:00Z,60d9dba0-601f-427c-b57c-35fbac327bf2,Gate opening,BUD2MEX41.CG310.XJ02,46.126807087792294,%
2026-07-29T02:00:00Z,60d9dba0-601f-427c-b57c-35fbac327bf2,Gate opening,BUD2MEX41.CG310.XJ02,50.4962477323744,%
2026-07-29T01:00:00Z,60d9dba0-601f-427c-b57c-35fbac327bf2,Gate opening,BUD2MEX41.CG310.XJ02,52.27373927858141,%
2026-07-29T00:00:00Z,60d9dba0-601f-427c-b57c-35fbac327bf2,Gate opening,BUD2MEX41.CG310.XJ02,57.375564195422896,%
2026-07-28T23:00:00Z,60d9dba0-601f-427c-b57c-35fbac327bf2,Gate opening,BUD2MEX41.CG310.XJ02,62.418696447502846,%
2026-07-28T22:00:00Z,60d9dba0-601f-427c-b57c-35fbac327bf2,Gate opening,BUD2MEX41.CG310.XJ02,62.23740903430515,%
2026-07-28T21:00:00Z,60d9dba0-601f-427c-b57c-35fbac327bf2,Gate opening,BUD2MEX41.CG310.XJ02,62.007582677205406,%
2026-07-28T20:00:00Z,60d9dba0-601f-427c-b57c-35fbac327bf2,Gate opening,BUD2MEX41.CG310.XJ02,52.53939129511515,%
2026-07-28T19:00:00Z,60d9dba0-601f-427c-b57c-35fbac327bf2,Gate opening,BUD2MEX41.CG310.XJ02,52.96324720584246,%
2026-07-28T18:00:00Z,60d9dba0-601f-427c-b57c-35fbac327bf2,Gate opening,BUD2MEX41.CG310.XJ02,54.45644598585669,%
2026-07-28T17:00:00Z,60d9dba0-601f-427c-b57c-35fbac327bf2,Gate opening,BUD2MEX41.CG310.XJ02,47.04263426819356,%
2026-07-28T16:00:00Z,60d9dba0-601f-427c-b57c-35fbac327bf2,Gate opening,BUD2MEX41.CG310.XJ02,51.63287402047051,%
2026-07-28T15:00:00Z,60d9dba0-601f-427c-b57c-35fbac327bf2,Gate opening,BUD2MEX41.CG310.XJ02,51.678145535786946,%
2026-07-28T14:00:00Z,60d9dba0-601f-427c-b57c-35fbac327bf2,Gate opening,BUD2MEX41.CG310.XJ02,57.89961861292521,%
2026-07-28T13:00:00Z,60d9dba0-601f-427c-b57c-35fbac327bf2,Gate opening,BUD2MEX41.CG310.XJ02,65.26703849906986,%
2026-07-28T12:00:00Z,60d9dba0-601f-427c-b57c-35fbac327bf2,Gate opening,BUD2MEX41.CG310.XJ02,68.57943212574926,%
2026-07-28T11:00:00Z,60d9dba0-601f-427c-b57c-35fbac327bf2,Gate opening,BUD2MEX41.CG310.XJ02,61.607740800645615,%
2026-07-28T10:00:00Z,60d9dba0-601f-427c-b57c-35fbac327bf2,Gate opening,BUD2MEX41.CG310.XJ02,55.41617855072022,%
2026-07-28T09:00:00Z,60d9dba0-601f-427c-b57c-35fbac327bf2,Gate opening,BUD2MEX41.CG310.XJ02,52.466210007137725,%
2026-07-28T08:00:00Z,60d9dba0-601f-427c-b57c-35fbac327bf2,Gate opening,BUD2MEX41.CG310.XJ02,61.81220499179707,%
2026-07-28T07:00:00Z,60d9dba0-601f-427c-b57c-35fbac327bf2,Gate opening,BUD2MEX41.CG310.XJ02,58.19020746177007,%
2026-07-28T06:00:00Z,60d9dba0-601f-427c-b57c-35fbac327bf2,Gate opening,BUD2MEX41.CG310.XJ02,55.93131391388499,%
2026-07-28T05:00:00Z,60d9dba0-601f-427c-b57c-35fbac327bf2,Gate opening,BUD2MEX41.CG310.XJ02,53.87151565254894,%
2026-07-28T04:00:00Z,60d9dba0-601f-427c-b57c-35fbac327bf2,Gate opening,BUD2MEX41.CG310.XJ02,51.87543742921617,%
2026-07-28T03:00:00Z,60d9dba0-601f-427c-b57c-35fbac327bf2,Gate opening,BUD2MEX41.CG310.XJ02,46.48101799223158,%
2026-07-28T02:00:00Z,60d9dba0-601f-427c-b57c-35fbac327bf2,Gate opening,BUD2MEX41.CG310.XJ02,46.00237349404229,%
2026-07-28T01:00:00Z,60d9dba0-601f-427c-b57c-35fbac327bf2,Gate opening,BUD2MEX41.CG310.XJ02,45.6393107647366,%
2026-07-28T00:00:00Z,60d9dba0-601f-427c-b57c-35fbac327bf2,Gate opening,BUD2MEX41.CG310.XJ02,45.83601842501748,%
2026-07-27T23:00:00Z,60d9dba0-601f-427c-b57c-35fbac327bf2,Gate opening,BUD2MEX41.CG310.XJ02,45.40890337350174,%
2026-07-27T22:00:00Z,60d9dba0-601f-427c-b57c-35fbac327bf2,Gate opening,BUD2MEX41.CG310.XJ02,45.419138760036894,%
2026-07-27T21:00:00Z,60d9dba0-601f-427c-b57c-35fbac327bf2,Gate opening,BUD2MEX41.CG310.XJ02,47.59983763800727,%
2026-07-27T20:00:00Z,60d9dba0-601f-427c-b57c-35fbac327bf2,Gate opening,BUD2MEX41.CG310.XJ02,49.021383449857666,%
2026-07-27T19:00:00Z,60d9dba0-601f-427c-b57c-35fbac327bf2,Gate opening,BUD2MEX41.CG310.XJ02,47.01890840047992,%
2026-07-27T18:00:00Z,60d9dba0-601f-427c-b57c-35fbac327bf2,Gate opening,BUD2MEX41.CG310.XJ02,46.48923062191466,%
2026-07-27T17:00:00Z,60d9dba0-601f-427c-b57c-35fbac327bf2,Gate opening,BUD2MEX41.CG310.XJ02,45.80856647003479,%
2026-07-27T16:00:00Z,60d9dba0-601f-427c-b57c-35fbac327bf2,Gate opening,BUD2MEX41.CG310.XJ02,47.71115763982137,%
2026-07-27T15:00:00Z,60d9dba0-601f-427c-b57c-35fbac327bf2,Gate opening,BUD2MEX41.CG310.XJ02,49.16398461871677,%
2026-07-27T14:00:00Z,60d9dba0-601f-427c-b57c-35fbac327bf2,Gate opening,BUD2MEX41.CG310.XJ02,50.53502833783593,%
2026-07-27T13:00:00Z,60d9dba0-601f-427c-b57c-35fbac327bf2,Gate opening,BUD2MEX41.CG310.XJ02,73.9086143620809,%
2026-07-27T12:00:00Z,60d9dba0-601f-427c-b57c-35fbac327bf2,Gate opening,BUD2MEX41.CG310.XJ02,60.36981368687764,%
2026-07-27T11:00:00Z,60d9dba0-601f-427c-b57c-35fbac327bf2,Gate opening,BUD2MEX41.CG310.XJ02,49.01319121254815,%
2026-07-27T10:00:00Z,60d9dba0-601f-427c-b57c-35fbac327bf2,Gate opening,BUD2MEX41.CG310.XJ02,52.25496344672309,%
2026-07-27T09:00:00Z,60d9dba0-601f-427c-b57c-35fbac327bf2,Gate opening,BUD2MEX41.CG310.XJ02,60.7993743748135,%
2026-07-27T08:00:00Z,60d9dba0-601f-427c-b57c-35fbac327bf2,Gate opening,BUD2MEX41.CG310.XJ02,51.79080347566885,%
2026-07-27T07:00:00Z,60d9dba0-601f-427c-b57c-35fbac327bf2,Gate opening,BUD2MEX41.CG310.XJ02,45.52674945875828,%
2026-07-27T06:00:00Z,60d9dba0-601f-427c-b57c-35fbac327bf2,Gate opening,BUD2MEX41.CG310.XJ02,45.39358524746365,%
2026-07-27T05:00:00Z,60d9dba0-601f-427c-b57c-35fbac327bf2,Gate opening,BUD2MEX41.CG310.XJ02,45.39128069323656,%
2026-07-27T04:00:00Z,60d9dba0-601f-427c-b57c-35fbac327bf2,Gate opening,BUD2MEX41.CG310.XJ02,45.38330210579766,%
2026-07-27T03:00:00Z,60d9dba0-601f-427c-b57c-35fbac327bf2,Gate opening,BUD2MEX41.CG310.XJ02,45.377019254896375,%
2026-07-27T02:00:00Z,60d9dba0-601f-427c-b57c-35fbac327bf2,Gate opening,BUD2MEX41.CG310.XJ02,45.377751194019325,%
2026-07-27T01:00:00Z,60d9dba0-601f-427c-b57c-35fbac327bf2,Gate opening,BUD2MEX41.CG310.XJ02,45.378874672783745,%
2026-07-27T00:00:00Z,60d9dba0-601f-427c-b57c-35fbac327bf2,Gate opening,BUD2MEX41.CG310.XJ02,45.42393175760905,%
2026-07-26T23:00:00Z,60d9dba0-601f-427c-b57c-35fbac327bf2,Gate opening,BUD2MEX41.CG310.XJ02,49.9104887093438,%
2026-07-26T22:00:00Z,60d9dba0-601f-427c-b57c-35fbac327bf2,Gate opening,BUD2MEX41.CG310.XJ02,48.52946649437947,%
2026-07-26T21:00:00Z,60d9dba0-601f-427c-b57c-35fbac327bf2,Gate opening,BUD2MEX41.CG310.XJ02,56.06494416496103,%
2026-07-26T20:00:00Z,60d9dba0-601f-427c-b57c-35fbac327bf2,Gate opening,BUD2MEX41.CG310.XJ02,55.60239887449477,%
2026-07-26T19:00:00Z,60d9dba0-601f-427c-b57c-35fbac327bf2,Gate opening,BUD2MEX41.CG310.XJ02,48.14364255927441,%
2026-07-26T18:00:00Z,60d9dba0-601f-427c-b57c-35fbac327bf2,Gate opening,BUD2MEX41.CG310.XJ02,47.963014189402266,%
2026-07-26T17:00:00Z,60d9dba0-601f-427c-b57c-35fbac327bf2,Gate opening,BUD2MEX41.CG310.XJ02,46.671682866980156,%
2026-07-26T16:00:00Z,60d9dba0-601f-427c-b57c-35fbac327bf2,Gate opening,BUD2MEX41.CG310.XJ02,47.603637568155925,%
2026-07-26T15:00:00Z,60d9dba0-601f-427c-b57c-35fbac327bf2,Gate opening,BUD2MEX41.CG310.XJ02,58.979122736508344,%
2026-07-26T14:00:00Z,60d9dba0-601f-427c-b57c-35fbac327bf2,Gate opening,BUD2MEX41.CG310.XJ02,63.875921450720895,%
2026-07-26T13:00:00Z,60d9dba0-601f-427c-b57c-35fbac327bf2,Gate opening,BUD2MEX41.CG310.XJ02,80.16878283606636,%
2026-07-26T12:00:00Z,60d9dba0-601f-427c-b57c-35fbac327bf2,Gate opening,BUD2MEX41.CG310.XJ02,79.95123357984755,%
2026-07-26T11:00:00Z,60d9dba0-601f-427c-b57c-35fbac327bf2,Gate opening,BUD2MEX41.CG310.XJ02,63.37255263222588,%
2026-07-26T10:00:00Z,60d9dba0-601f-427c-b57c-35fbac327bf2,Gate opening,BUD2MEX41.CG310.XJ02,59.495256718529596,%
2026-07-26T09:00:00Z,60d9dba0-601f-427c-b57c-35fbac327bf2,Gate opening,BUD2MEX41.CG310.XJ02,59.48702996148003,%
2026-07-26T08:00:00Z,60d9dba0-601f-427c-b57c-35fbac327bf2,Gate opening,BUD2MEX41.CG310.XJ02,56.14826610155938,%
2026-07-26T07:00:00Z,60d9dba0-601f-427c-b57c-35fbac327bf2,Gate opening,BUD2MEX41.CG310.XJ02,51.403812270617735,%
2026-07-26T06:00:00Z,60d9dba0-601f-427c-b57c-35fbac327bf2,Gate opening,BUD2MEX41.CG310.XJ02,50.32151400036282,%
2026-07-26T05:00:00Z,60d9dba0-601f-427c-b57c-35fbac327bf2,Gate opening,BUD2MEX41.CG310.XJ02,48.70260815198982,%
2026-07-26T04:00:00Z,60d9dba0-601f-427c-b57c-35fbac327bf2,Gate opening,BUD2MEX41.CG310.XJ02,48.73385534922282,%
2026-07-26T03:00:00Z,60d9dba0-601f-427c-b57c-35fbac327bf2,Gate opening,BUD2MEX41.CG310.XJ02,56.52218712064955,%
2026-07-26T02:00:00Z,60d9dba0-601f-427c-b57c-35fbac327bf2,Gate opening,BUD2MEX41.CG310.XJ02,56.63102458807546,%
2026-07-26T01:00:00Z,60d9dba0-601f-427c-b57c-35fbac327bf2,Gate opening,BUD2MEX41.CG310.XJ02,58.77724266158269,%
2026-07-26T00:00:00Z,60d9dba0-601f-427c-b57c-35fbac327bf2,Gate opening,BUD2MEX41.CG310.XJ02,59.34224608315362,%
2026-07-25T23:00:00Z,60d9dba0-601f-427c-b57c-35fbac327bf2,Gate opening,BUD2MEX41.CG310.XJ02,61.17410804879857,%
2026-07-25T22:00:00Z,60d9dba0-601f-427c-b57c-35fbac327bf2,Gate opening,BUD2MEX41.CG310.XJ02,61.558590878904894,%
2026-07-25T21:00:00Z,60d9dba0-601f-427c-b57c-35fbac327bf2,Gate opening,BUD2MEX41.CG310.XJ02,67.36772976017157,%
2026-07-25T20:00:00Z,60d9dba0-601f-427c-b57c-35fbac327bf2,Gate opening,BUD2MEX41.CG310.XJ02,65.10764372083875,%
2026-07-25T19:00:00Z,60d9dba0-601f-427c-b57c-35fbac327bf2,Gate opening,BUD2MEX41.CG310.XJ02,62.505952559577096,%
2026-07-25T18:00:00Z,60d9dba0-601f-427c-b57c-35fbac327bf2,Gate opening,BUD2MEX41.CG310.XJ02,61.242405573527016,%
2026-07-25T17:00:00Z,60d9dba0-601f-427c-b57c-35fbac327bf2,Gate opening,BUD2MEX41.CG310.XJ02,61.29045740763346,%
2026-07-25T16:00:00Z,60d9dba0-601f-427c-b57c-35fbac327bf2,Gate opening,BUD2MEX41.CG310.XJ02,61.29984734853109,%
2026-07-25T15:00:00Z,60d9dba0-601f-427c-b57c-35fbac327bf2,Gate opening,BUD2MEX41.CG310.XJ02,61.66202523749428,%
2026-07-25T14:00:00Z,60d9dba0-601f-427c-b57c-35fbac327bf2,Gate opening,BUD2MEX41.CG310.XJ02,63.52899819903904,%
2026-07-25T13:00:00Z,60d9dba0-601f-427c-b57c-35fbac327bf2,Gate opening,BUD2MEX41.CG310.XJ02,63.59910395835889,%
2026-07-25T12:00:00Z,60d9dba0-601f-427c-b57c-35fbac327bf2,Gate opening,BUD2MEX41.CG310.XJ02,71.79230631657516,%
2026-07-25T11:00:00Z,60d9dba0-601f-427c-b57c-35fbac327bf2,Gate opening,BUD2MEX41.CG310.XJ02,72.45828845038422,%
2026-07-25T10:00:00Z,60d9dba0-601f-427c-b57c-35fbac327bf2,Gate opening,BUD2MEX41.CG310.XJ02,60.11206110848321,%
2026-07-25T09:00:00Z,60d9dba0-601f-427c-b57c-35fbac327bf2,Gate opening,BUD2MEX41.CG310.XJ02,45.86227401512871,%
2026-07-25T08:00:00Z,60d9dba0-601f-427c-b57c-35fbac327bf2,Gate opening,BUD2MEX41.CG310.XJ02,45.86597143809001,%
2026-07-25T07:00:00Z,60d9dba0-601f-427c-b57c-35fbac327bf2,Gate opening,BUD2MEX41.CG310.XJ02,45.86607201470269,%
2026-07-25T06:00:00Z,60d9dba0-601f-427c-b57c-35fbac327bf2,Gate opening,BUD2MEX41.CG310.XJ02,45.86254868393411,%
2026-07-25T05:00:00Z,60d9dba0-601f-427c-b57c-35fbac327bf2,Gate opening,BUD2MEX41.CG310.XJ02,45.864664267539446,%
2026-07-25T04:00:00Z,60d9dba0-601f-427c-b57c-35fbac327bf2,Gate opening,BUD2MEX41.CG310.XJ02,45.805492131974965,%
2026-07-25T03:00:00Z,60d9dba0-601f-427c-b57c-35fbac327bf2,Gate opening,BUD2MEX41.CG310.XJ02,46.95668227089776,%
2026-07-25T02:00:00Z,60d9dba0-601f-427c-b57c-35fbac327bf2,Gate opening,BUD2MEX41.CG310.XJ02,46.68833878623115,%
2026-07-25T01:00:00Z,60d9dba0-601f-427c-b57c-35fbac327bf2,Gate opening,BUD2MEX41.CG310.XJ02,46.69644242054363,%
2026-07-25T00:00:00Z,60d9dba0-601f-427c-b57c-35fbac327bf2,Gate opening,BUD2MEX41.CG310.XJ02,47.211396560668945,%
2026-07-24T23:00:00Z,60d9dba0-601f-427c-b57c-35fbac327bf2,Gate opening,BUD2MEX41.CG310.XJ02,48.177880501866404,%
2026-07-24T22:00:00Z,60d9dba0-601f-427c-b57c-35fbac327bf2,Gate opening,BUD2MEX41.CG310.XJ02,55.23946877225629,%
2026-07-24T21:00:00Z,60d9dba0-601f-427c-b57c-35fbac327bf2,Gate opening,BUD2MEX41.CG310.XJ02,55.312452051668664,%
2026-07-24T20:00:00Z,60d9dba0-601f-427c-b57c-35fbac327bf2,Gate opening,BUD2MEX41.CG310.XJ02,55.39529487011895,%
2026-07-24T19:00:00Z,60d9dba0-601f-427c-b57c-35fbac327bf2,Gate opening,BUD2MEX41.CG310.XJ02,62.265032908121746,%
2026-07-24T18:00:00Z,60d9dba0-601f-427c-b57c-35fbac327bf2,Gate opening,BUD2MEX41.CG310.XJ02,70.21043432933062,%
2026-07-24T17:00:00Z,60d9dba0-601f-427c-b57c-35fbac327bf2,Gate opening,BUD2MEX41.CG310.XJ02,66.80396877712674,%
2026-07-24T16:00:00Z,60d9dba0-601f-427c-b57c-35fbac327bf2,Gate opening,BUD2MEX41.CG310.XJ02,55.65775468920654,%
2026-07-24T15:00:00Z,60d9dba0-601f-427c-b57c-35fbac327bf2,Gate opening,BUD2MEX41.CG310.XJ02,54.936164440578885,%
2026-07-24T14:00:00Z,60d9dba0-601f-427c-b57c-35fbac327bf2,Gate opening,BUD2MEX41.CG310.XJ02,60.70604270511203,%
2026-07-24T13:00:00Z,60d9dba0-601f-427c-b57c-35fbac327bf2,Gate opening,BUD2MEX41.CG310.XJ02,67.57221253748332,%
2026-07-24T12:00:00Z,60d9dba0-601f-427c-b57c-35fbac327bf2,Gate opening,BUD2MEX41.CG310.XJ02,67.57538245718456,%
2026-07-24T11:00:00Z,60d9dba0-601f-427c-b57c-35fbac327bf2,Gate opening,BUD2MEX41.CG310.XJ02,70.5949271689521,%
2026-07-24T10:00:00Z,60d9dba0-601f-427c-b57c-35fbac327bf2,Gate opening,BUD2MEX41.CG310.XJ02,71.26390191653789,%
2026-07-24T09:00:00Z,60d9dba0-601f-427c-b57c-35fbac327bf2,Gate opening,BUD2MEX41.CG310.XJ02,68.91079503069449,%
2026-07-24T08:00:00Z,60d9dba0-601f-427c-b57c-35fbac327bf2,Gate opening,BUD2MEX41.CG310.XJ02,75.13879890717554,%
2026-07-24T07:00:00Z,60d9dba0-601f-427c-b57c-35fbac327bf2,Gate opening,BUD2MEX41.CG310.XJ02,56.40035556369357,%
2026-07-24T06:00:00Z,60d9dba0-601f-427c-b57c-35fbac327bf2,Gate opening,BUD2MEX41.CG310.XJ02,50.06268317328559,%
2026-07-24T05:00:00Z,60d9dba0-601f-427c-b57c-35fbac327bf2,Gate opening,BUD2MEX41.CG310.XJ02,49.15697916909812,%
2026-07-24T04:00:00Z,60d9dba0-601f-427c-b57c-35fbac327bf2,Gate opening,BUD2MEX41.CG310.XJ02,48.428848514694714,%
2026-07-24T03:00:00Z,60d9dba0-601f-427c-b57c-35fbac327bf2,Gate opening,BUD2MEX41.CG310.XJ02,49.29300529178876,%
2026-07-24T02:00:00Z,60d9dba0-601f-427c-b57c-35fbac327bf2,Gate opening,BUD2MEX41.CG310.XJ02,48.689168804026785,%
2026-07-24T01:00:00Z,60d9dba0-601f-427c-b57c-35fbac327bf2,Gate opening,BUD2MEX41.CG310.XJ02,49.01282494439019,%
2026-07-24T00:00:00Z,60d9dba0-601f-427c-b57c-35fbac327bf2,Gate opening,BUD2MEX41.CG310.XJ02,50.06720728977579,%
2026-07-23T23:00:00Z,60d9dba0-601f-427c-b57c-35fbac327bf2,Gate opening,BUD2MEX41.CG310.XJ02,52.495514414599526,%
2026-07-23T22:00:00Z,60d9dba0-601f-427c-b57c-35fbac327bf2,Gate opening,BUD2MEX41.CG310.XJ02,59.778019685909754,%
2026-07-23T21:00:00Z,60d9dba0-601f-427c-b57c-35fbac327bf2,Gate opening,BUD2MEX41.CG310.XJ02,64.02975105510413,%
2026-07-23T20:00:00Z,60d9dba0-601f-427c-b57c-35fbac327bf2,Gate opening,BUD2MEX41.CG310.XJ02,69.75156380522901,%
2026-07-23T19:00:00Z,60d9dba0-601f-427c-b57c-35fbac327bf2,Gate opening,BUD2MEX41.CG310.XJ02,80.92008948868875,%
2026-07-23T18:00:00Z,60d9dba0-601f-427c-b57c-35fbac327bf2,Gate opening,BUD2MEX41.CG310.XJ02,80.77409566469797,%
2026-07-23T17:00:00Z,60d9dba0-601f-427c-b57c-35fbac327bf2,Gate opening,BUD2MEX41.CG310.XJ02,79.01376287641627,%
2026-07-23T16:00:00Z,60d9dba0-601f-427c-b57c-35fbac327bf2,Gate opening,BUD2MEX41.CG310.XJ02,71.55428364675797,%
2026-07-23T15:00:00Z,60d9dba0-601f-427c-b57c-35fbac327bf2,Gate opening,BUD2MEX41.CG310.XJ02,74.57280597686767,%
2026-07-23T14:00:00Z,60d9dba0-601f-427c-b57c-35fbac327bf2,Gate opening,BUD2MEX41.CG310.XJ02,76.82083721489559,%
2026-07-23T13:00:00Z,60d9dba0-601f-427c-b57c-35fbac327bf2,Gate opening,BUD2MEX41.CG310.XJ02,77.62814461674672,%
2026-07-23T12:00:00Z,60d9dba0-601f-427c-b57c-35fbac327bf2,Gate opening,BUD2MEX41.CG310.XJ02,80.66888207753499,%
2026-07-23T11:00:00Z,60d9dba0-601f-427c-b57c-35fbac327bf2,Gate opening,BUD2MEX41.CG310.XJ02,80.15014138963487,%
2026-07-23T10:00:00Z,60d9dba0-601f-427c-b57c-35fbac327bf2,Gate opening,BUD2MEX41.CG310.XJ02,80.12794783434781,%
2026-07-23T09:00:00Z,60d9dba0-601f-427c-b57c-35fbac327bf2,Gate opening,BUD2MEX41.CG310.XJ02,59.506847479186945,%
2026-07-23T08:00:00Z,60d9dba0-601f-427c-b57c-35fbac327bf2,Gate opening,BUD2MEX41.CG310.XJ02,63.14226941411062,%
2026-07-23T07:00:00Z,60d9dba0-601f-427c-b57c-35fbac327bf2,Gate opening,BUD2MEX41.CG310.XJ02,57.09239414215088,%
2026-07-23T06:00:00Z,60d9dba0-601f-427c-b57c-35fbac327bf2,Gate opening,BUD2MEX41.CG310.XJ02,55.374873587290445,%
2026-07-23T05:00:00Z,60d9dba0-601f-427c-b57c-35fbac327bf2,Gate opening,BUD2MEX41.CG310.XJ02,48.06021541171604,%
2026-07-23T04:00:00Z,60d9dba0-601f-427c-b57c-35fbac327bf2,Gate opening,BUD2MEX41.CG310.XJ02,46.693192846510144,%
2026-07-23T03:00:00Z,60d9dba0-601f-427c-b57c-35fbac327bf2,Gate opening,BUD2MEX41.CG310.XJ02,47.42363039440579,%
2026-07-23T02:00:00Z,60d9dba0-601f-427c-b57c-35fbac327bf2,Gate opening,BUD2MEX41.CG310.XJ02,51.92958804630199,%
2026-07-23T01:00:00Z,60d9dba0-601f-427c-b57c-35fbac327bf2,Gate opening,BUD2MEX41.CG310.XJ02,60.75105104022556,%
2026-07-23T00:00:00Z,60d9dba0-601f-427c-b57c-35fbac327bf2,Gate opening,BUD2MEX41.CG310.XJ02,80.0617731240753,%
2026-07-22T23:00:00Z,60d9dba0-601f-427c-b57c-35fbac327bf2,Gate opening,BUD2MEX41.CG310.XJ02,70.19641627140915,%
2026-07-22T22:00:00Z,60d9dba0-601f-427c-b57c-35fbac327bf2,Gate opening,BUD2MEX41.CG310.XJ02,62.43459058059447,%
2026-07-22T21:00:00Z,60d9dba0-601f-427c-b57c-35fbac327bf2,Gate opening,BUD2MEX41.CG310.XJ02,50.65000836266412,%
2026-07-22T20:00:00Z,60d9dba0-601f-427c-b57c-35fbac327bf2,Gate opening,BUD2MEX41.CG310.XJ02,66.71034185135855,%
2026-07-22T19:00:00Z,60d9dba0-601f-427c-b57c-35fbac327bf2,Gate opening,BUD2MEX41.CG310.XJ02,70.62462841583134,%
2026-07-22T18:00:00Z,60d9dba0-601f-427c-b57c-35fbac327bf2,Gate opening,BUD2MEX41.CG310.XJ02,75.62182602776421,%
2026-07-22T17:00:00Z,60d9dba0-601f-427c-b57c-35fbac327bf2,Gate opening,BUD2MEX41.CG310.XJ02,80.15847368224453,%
2026-07-22T16:00:00Z,60d9dba0-601f-427c-b57c-35fbac327bf2,Gate opening,BUD2MEX41.CG310.XJ02,80.05352582295735,%
2026-07-22T15:00:00Z,60d9dba0-601f-427c-b57c-35fbac327bf2,Gate opening,BUD2MEX41.CG310.XJ02,68.32382619453841,%
2026-07-22T14:00:00Z,60d9dba0-601f-427c-b57c-35fbac327bf2,Gate opening,BUD2MEX41.CG310.XJ02,60.500626216464575,%
2026-07-22T13:00:00Z,60d9dba0-601f-427c-b57c-35fbac327bf2,Gate opening,BUD2MEX41.CG310.XJ02,63.720116990407305,%
2026-07-22T12:00:00Z,60d9dba0-601f-427c-b57c-35fbac327bf2,Gate opening,BUD2MEX41.CG310.XJ02,79.72963080936007,%
2026-07-22T11:00:00Z,60d9dba0-601f-427c-b57c-35fbac327bf2,Gate opening,BUD2MEX41.CG310.XJ02,57.50596462461684,%
2026-07-22T10:00:00Z,60d9dba0-601f-427c-b57c-35fbac327bf2,Gate opening,BUD2MEX41.CG310.XJ02,51.65917840321859,%
2026-07-22T09:00:00Z,60d9dba0-601f-427c-b57c-35fbac327bf2,Gate opening,BUD2MEX41.CG310.XJ02,54.7848708516959,%
2026-07-22T08:00:00Z,60d9dba0-601f-427c-b57c-35fbac327bf2,Gate opening,BUD2MEX41.CG310.XJ02,54.85108080700147,%
2026-07-22T07:00:00Z,60d9dba0-601f-427c-b57c-35fbac327bf2,Gate opening,BUD2MEX41.CG310.XJ02,45.49498703426785,%
2026-07-22T06:00:00Z,60d9dba0-601f-427c-b57c-35fbac327bf2,Gate opening,BUD2MEX41.CG310.XJ02,45.442200143844836,%
2026-07-22T05:00:00Z,60d9dba0-601f-427c-b57c-35fbac327bf2,Gate opening,BUD2MEX41.CG310.XJ02,45.44985699189776,%
2026-07-22T04:00:00Z,60d9dba0-601f-427c-b57c-35fbac327bf2,Gate opening,BUD2MEX41.CG310.XJ02,45.44929785990861,%
2026-07-22T03:00:00Z,60d9dba0-601f-427c-b57c-35fbac327bf2,Gate opening,BUD2MEX41.CG310.XJ02,45.43984102964136,%
2026-07-22T02:00:00Z,60d9dba0-601f-427c-b57c-35fbac327bf2,Gate opening,BUD2MEX41.CG310.XJ02,45.440954252878825,%
2026-07-22T01:00:00Z,60d9dba0-601f-427c-b57c-35fbac327bf2,Gate opening,BUD2MEX41.CG310.XJ02,45.4673861386446,%
2026-07-22T00:00:00Z,60d9dba0-601f-427c-b57c-35fbac327bf2,Gate opening,BUD2MEX41.CG310.XJ02,45.76096283349148,%
2026-07-21T23:00:00Z,60d9dba0-601f-427c-b57c-35fbac327bf2,Gate opening,BUD2MEX41.CG310.XJ02,60.09895023769803,%
2026-07-21T22:00:00Z,60d9dba0-601f-427c-b57c-35fbac327bf2,Gate opening,BUD2MEX41.CG310.XJ02,62.71258152643839,%
2026-07-21T21:00:00Z,60d9dba0-601f-427c-b57c-35fbac327bf2,Gate opening,BUD2MEX41.CG310.XJ02,62.66989805221558,%
2026-07-21T20:00:00Z,60d9dba0-601f-427c-b57c-35fbac327bf2,Gate opening,BUD2MEX41.CG310.XJ02,67.03196801126765,%
2026-07-21T19:00:00Z,60d9dba0-601f-427c-b57c-35fbac327bf2,Gate opening,BUD2MEX41.CG310.XJ02,67.39823623920162,%
2026-07-21T18:00:00Z,60d9dba0-601f-427c-b57c-35fbac327bf2,Gate opening,BUD2MEX41.CG310.XJ02,78.29733108096653,%
2026-07-21T17:00:00Z,60d9dba0-601f-427c-b57c-35fbac327bf2,Gate opening,BUD2MEX41.CG310.XJ02,49.89462586932712,%
2026-07-21T16:00:00Z,60d9dba0-601f-427c-b57c-35fbac327bf2,Gate opening,BUD2MEX41.CG310.XJ02,46.246087592200745,%
2026-07-21T15:00:00Z,60d9dba0-601f-427c-b57c-35fbac327bf2,Gate opening,BUD2MEX41.CG310.XJ02,48.88793417824639,%
2026-07-21T14:00:00Z,60d9dba0-601f-427c-b57c-35fbac327bf2,Gate opening,BUD2MEX41.CG310.XJ02,54.338542518615725,%
2026-07-21T13:00:00Z,60d9dba0-601f-427c-b57c-35fbac327bf2,Gate opening,BUD2MEX41.CG310.XJ02,45.918256725735134,%
2026-07-21T12:00:00Z,60d9dba0-601f-427c-b57c-35fbac327bf2,Gate opening,BUD2MEX41.CG310.XJ02,45.70610914442274,%
2026-07-21T11:00:00Z,60d9dba0-601f-427c-b57c-35fbac327bf2,Gate opening,BUD2MEX41.CG310.XJ02,73.1793495602078,%
2026-07-21T10:00:00Z,60d9dba0-601f-427c-b57c-35fbac327bf2,Gate opening,BUD2MEX41.CG310.XJ02,73.21957978142632,%
2026-07-21T09:00:00Z,60d9dba0-601f-427c-b57c-35fbac327bf2,Gate opening,BUD2MEX41.CG310.XJ02,68.12080165106035,%
2026-07-21T08:00:00Z,60d9dba0-601f-427c-b57c-35fbac327bf2,Gate opening,BUD2MEX41.CG310.XJ02,59.00424834781223,%
2026-07-21T07:00:00Z,60d9dba0-601f-427c-b57c-35fbac327bf2,Gate opening,BUD2MEX41.CG310.XJ02,51.17286547342936,%
2026-07-21T06:00:00Z,60d9dba0-601f-427c-b57c-35fbac327bf2,Gate opening,BUD2MEX41.CG310.XJ02,48.47937405056424,%
2026-07-21T05:00:00Z,60d9dba0-601f-427c-b57c-35fbac327bf2,Gate opening,BUD2MEX41.CG310.XJ02,45.44203709866499,%
2026-07-21T04:00:00Z,60d9dba0-601f-427c-b57c-35fbac327bf2,Gate opening,BUD2MEX41.CG310.XJ02,45.403066393534345,%
2026-07-21T03:00:00Z,60d9dba0-601f-427c-b57c-35fbac327bf2,Gate opening,BUD2MEX41.CG310.XJ02,45.440970063342135,%
2026-07-21T02:00:00Z,60d9dba0-601f-427c-b57c-35fbac327bf2,Gate opening,BUD2MEX41.CG310.XJ02,48.13235509236654,%
2026-07-21T01:00:00Z,60d9dba0-601f-427c-b57c-35fbac327bf2,Gate opening,BUD2MEX41.CG310.XJ02,46.84155955844455,%
2026-07-21T00:00:00Z,60d9dba0-601f-427c-b57c-35fbac327bf2,Gate opening,BUD2MEX41.CG310.XJ02,46.95334982102917,%
2026-07-20T23:00:00Z,60d9dba0-601f-427c-b57c-35fbac327bf2,Gate opening,BUD2MEX41.CG310.XJ02,62.43129709220437,%
2026-07-20T22:00:00Z,60d9dba0-601f-427c-b57c-35fbac327bf2,Gate opening,BUD2MEX41.CG310.XJ02,72.79945636471489,%
2026-07-20T21:00:00Z,60d9dba0-601f-427c-b57c-35fbac327bf2,Gate opening,BUD2MEX41.CG310.XJ02,79.94449590033064,%
2026-07-20T20:00:00Z,60d9dba0-601f-427c-b57c-35fbac327bf2,Gate opening,BUD2MEX41.CG310.XJ02,71.02961003236696,%
2026-07-20T19:00:00Z,60d9dba0-601f-427c-b57c-35fbac327bf2,Gate opening,BUD2MEX41.CG310.XJ02,70.8522154726937,%
2026-07-20T18:00:00Z,60d9dba0-601f-427c-b57c-35fbac327bf2,Gate opening,BUD2MEX41.CG310.XJ02,67.80180995235051,%
2026-07-20T17:00:00Z,60d9dba0-601f-427c-b57c-35fbac327bf2,Gate opening,BUD2MEX41.CG310.XJ02,48.26801301956177,%
2026-07-20T16:00:00Z,60d9dba0-601f-427c-b57c-35fbac327bf2,Gate opening,BUD2MEX41.CG310.XJ02,55.42016364839342,%
2026-07-20T15:00:00Z,60d9dba0-601f-427c-b57c-35fbac327bf2,Gate opening,BUD2MEX41.CG310.XJ02,57.7313444073995,%
2026-07-20T14:00:00Z,60d9dba0-601f-427c-b57c-35fbac327bf2,Gate opening,BUD2MEX41.CG310.XJ02,60.878060106440834,%
2026-07-20T13:00:00Z,60d9dba0-601f-427c-b57c-35fbac327bf2,Gate opening,BUD2MEX41.CG310.XJ02,65.06848551418172,%
2026-07-20T12:00:00Z,60d9dba0-601f-427c-b57c-35fbac327bf2,Gate opening,BUD2MEX41.CG310.XJ02,66.85797644165108,%
2026-07-20T11:00:00Z,60d9dba0-601f-427c-b57c-35fbac327bf2,Gate opening,BUD2MEX41.CG310.XJ02,74.21610049777561,%
2026-07-20T10:00:00Z,60d9dba0-601f-427c-b57c-35fbac327bf2,Gate opening,BUD2MEX41.CG310.XJ02,80.09066942191627,%
2026-07-20T09:00:00Z,60d9dba0-601f-427c-b57c-35fbac327bf2,Gate opening,BUD2MEX41.CG310.XJ02,63.940879321905854,%
2026-07-20T08:00:00Z,60d9dba0-601f-427c-b57c-35fbac327bf2,Gate opening,BUD2MEX41.CG310.XJ02,50.244848140018924,%
2026-07-20T07:00:00Z,60d9dba0-601f-427c-b57c-35fbac327bf2,Gate opening,BUD2MEX41.CG310.XJ02,63.79704032897949,%
2026-07-20T06:00:00Z,60d9dba0-601f-427c-b57c-35fbac327bf2,Gate opening,BUD2MEX41.CG310.XJ02,45.52859923468696,%
2026-07-20T05:00:00Z,60d9dba0-601f-427c-b57c-35fbac327bf2,Gate opening,BUD2MEX41.CG310.XJ02,45.788998831896414,%
2026-07-20T04:00:00Z,60d9dba0-601f-427c-b57c-35fbac327bf2,Gate opening,BUD2MEX41.CG310.XJ02,61.799072433047826,%
2026-07-20T03:00:00Z,60d9dba0-601f-427c-b57c-35fbac327bf2,Gate opening,BUD2MEX41.CG310.XJ02,64.82125515691028,%
2026-07-20T02:00:00Z,60d9dba0-601f-427c-b57c-35fbac327bf2,Gate opening,BUD2MEX41.CG310.XJ02,45.71496699928508,%
2026-07-20T01:00:00Z,60d9dba0-601f-427c-b57c-35fbac327bf2,Gate opening,BUD2MEX41.CG310.XJ02,45.73142494129565,%
2026-07-20T00:00:00Z,60d9dba0-601f-427c-b57c-35fbac327bf2,Gate opening,BUD2MEX41.CG310.XJ02,47.46182984441701,%
2026-07-19T23:00:00Z,60d9dba0-601f-427c-b57c-35fbac327bf2,Gate opening,BUD2MEX41.CG310.XJ02,53.309929046630856,%
2026-07-19T22:00:00Z,60d9dba0-601f-427c-b57c-35fbac327bf2,Gate opening,BUD2MEX41.CG310.XJ02,53.37039064340554,%
2026-07-19T21:00:00Z,60d9dba0-601f-427c-b57c-35fbac327bf2,Gate opening,BUD2MEX41.CG310.XJ02,55.73343220604791,%
2026-07-19T20:00:00Z,60d9dba0-601f-427c-b57c-35fbac327bf2,Gate opening,BUD2MEX41.CG310.XJ02,64.77479961198061,%
2026-07-19T19:00:00Z,60d9dba0-601f-427c-b57c-35fbac327bf2,Gate opening,BUD2MEX41.CG310.XJ02,59.60105722427368,%
2026-07-19T18:00:00Z,60d9dba0-601f-427c-b57c-35fbac327bf2,Gate opening,BUD2MEX41.CG310.XJ02,53.168846136728924,%
2026-07-19T17:00:00Z,60d9dba0-601f-427c-b57c-35fbac327bf2,Gate opening,BUD2MEX41.CG310.XJ02,47.83439631565469,%
2026-07-19T16:00:00Z,60d9dba0-601f-427c-b57c-35fbac327bf2,Gate opening,BUD2MEX41.CG310.XJ02,46.834871457417805,%
2026-07-19T15:00:00Z,60d9dba0-601f-427c-b57c-35fbac327bf2,Gate opening,BUD2MEX41.CG310.XJ02,49.90507542292277,%
2026-07-19T14:00:00Z,60d9dba0-601f-427c-b57c-35fbac327bf2,Gate opening,BUD2MEX41.CG310.XJ02,50.04690826780734,%
2026-07-19T13:00:00Z,60d9dba0-601f-427c-b57c-35fbac327bf2,Gate opening,BUD2MEX41.CG310.XJ02,50.09673423915357,%
2026-07-19T12:00:00Z,60d9dba0-601f-427c-b57c-35fbac327bf2,Gate opening,BUD2MEX41.CG310.XJ02,49.78186913872507,%
2026-07-19T11:00:00Z,60d9dba0-601f-427c-b57c-35fbac327bf2,Gate opening,BUD2MEX41.CG310.XJ02,47.72425300051675,%
2026-07-19T10:00:00Z,60d9dba0-601f-427c-b57c-35fbac327bf2,Gate opening,BUD2MEX41.CG310.XJ02,47.27030521157452,%
2026-07-19T09:00:00Z,60d9dba0-601f-427c-b57c-35fbac327bf2,Gate opening,BUD2MEX41.CG310.XJ02,48.33198339674208,%
2026-07-19T08:00:00Z,60d9dba0-601f-427c-b57c-35fbac327bf2,Gate opening,BUD2MEX41.CG310.XJ02,48.440448913574215,%
2026-07-19T07:00:00Z,60d9dba0-601f-427c-b57c-35fbac327bf2,Gate opening,BUD2MEX41.CG310.XJ02,60.57173997286361,%
2026-07-19T06:00:00Z,60d9dba0-601f-427c-b57c-35fbac327bf2,Gate opening,BUD2MEX41.CG310.XJ02,66.20486797949816,%
2026-07-19T05:00:00Z,60d9dba0-601f-427c-b57c-35fbac327bf2,Gate opening,BUD2MEX41.CG310.XJ02,66.03701285892063,%
2026-07-19T04:00:00Z,60d9dba0-601f-427c-b57c-35fbac327bf2,Gate opening,BUD2MEX41.CG310.XJ02,63.98133204631371,%
2026-07-19T03:00:00Z,60d9dba0-601f-427c-b57c-35fbac327bf2,Gate opening,BUD2MEX41.CG310.XJ02,59.929378888661304,%
2026-07-19T02:00:00Z,60d9dba0-601f-427c-b57c-35fbac327bf2,Gate opening,BUD2MEX41.CG310.XJ02,46.045386695861815,%
2026-07-19T01:00:00Z,60d9dba0-601f-427c-b57c-35fbac327bf2,Gate opening,BUD2MEX41.CG310.XJ02,45.40495472473857,%
2026-07-19T00:00:00Z,60d9dba0-601f-427c-b57c-35fbac327bf2,Gate opening,BUD2MEX41.CG310.XJ02,45.41488240333714,%
2026-07-18T23:00:00Z,60d9dba0-601f-427c-b57c-35fbac327bf2,Gate opening,BUD2MEX41.CG310.XJ02,45.457283401489256,%
2026-07-18T22:00:00Z,60d9dba0-601f-427c-b57c-35fbac327bf2,Gate opening,BUD2MEX41.CG310.XJ02,47.31934926138984,%
2026-07-18T21:00:00Z,60d9dba0-601f-427c-b57c-35fbac327bf2,Gate opening,BUD2MEX41.CG310.XJ02,47.4562601422574,%
2026-07-18T20:00:00Z,60d9dba0-601f-427c-b57c-35fbac327bf2,Gate opening,BUD2MEX41.CG310.XJ02,54.402131872087004,%
2026-07-18T19:00:00Z,60d9dba0-601f-427c-b57c-35fbac327bf2,Gate opening,BUD2MEX41.CG310.XJ02,55.84721227645874,%
2026-07-18T18:00:00Z,60d9dba0-601f-427c-b57c-35fbac327bf2,Gate opening,BUD2MEX41.CG310.XJ02,61.82893247747501,%
2026-07-18T17:00:00Z,60d9dba0-601f-427c-b57c-35fbac327bf2,Gate opening,BUD2MEX41.CG310.XJ02,51.03147777618798,%
2026-07-18T16:00:00Z,60d9dba0-601f-427c-b57c-35fbac327bf2,Gate opening,BUD2MEX41.CG310.XJ02,50.09898272832235,%
2026-07-18T15:00:00Z,60d9dba0-601f-427c-b57c-35fbac327bf2,Gate opening,BUD2MEX41.CG310.XJ02,50.11297206656015,%
2026-07-18T14:00:00Z,60d9dba0-601f-427c-b57c-35fbac327bf2,Gate opening,BUD2MEX41.CG310.XJ02,50.25728797912598,%
2026-07-18T13:00:00Z,60d9dba0-601f-427c-b57c-35fbac327bf2,Gate opening,BUD2MEX41.CG310.XJ02,53.089507795824744,%
2026-07-18T12:00:00Z,60d9dba0-601f-427c-b57c-35fbac327bf2,Gate opening,BUD2MEX41.CG310.XJ02,55.60264201694065,%
2026-07-18T11:00:00Z,60d9dba0-601f-427c-b57c-35fbac327bf2,Gate opening,BUD2MEX41.CG310.XJ02,50.405505633884005,%
2026-07-18T10:00:00Z,60d9dba0-601f-427c-b57c-35fbac327bf2,Gate opening,BUD2MEX41.CG310.XJ02,46.620866752200655,%
2026-07-18T09:00:00Z,60d9dba0-601f-427c-b57c-35fbac327bf2,Gate opening,BUD2MEX41.CG310.XJ02,45.8703183688302,%
2026-07-18T08:00:00Z,60d9dba0-601f-427c-b57c-35fbac327bf2,Gate opening,BUD2MEX41.CG310.XJ02,46.57226959228515,%
2026-07-18T07:00:00Z,60d9dba0-601f-427c-b57c-35fbac327bf2,Gate opening,BUD2MEX41.CG310.XJ02,45.83640511954341,%
2026-07-18T06:00:00Z,60d9dba0-601f-427c-b57c-35fbac327bf2,Gate opening,BUD2MEX41.CG310.XJ02,45.954233340442215,%
2026-07-18T05:00:00Z,60d9dba0-601f-427c-b57c-35fbac327bf2,Gate opening,BUD2MEX41.CG310.XJ02,45.94353695880578,%
2026-07-18T04:00:00Z,60d9dba0-601f-427c-b57c-35fbac327bf2,Gate opening,BUD2MEX41.CG310.XJ02,45.90792014227973,%
2026-07-18T03:00:00Z,60d9dba0-601f-427c-b57c-35fbac327bf2,Gate opening,BUD2MEX41.CG310.XJ02,46.82650612433,%
2026-07-18T02:00:00Z,60d9dba0-601f-427c-b57c-35fbac327bf2,Gate opening,BUD2MEX41.CG310.XJ02,46.22374907599555,%
2026-07-18T01:00:00Z,60d9dba0-601f-427c-b57c-35fbac327bf2,Gate opening,BUD2MEX41.CG310.XJ02,46.11028264123155,%
2026-07-18T00:00:00Z,60d9dba0-601f-427c-b57c-35fbac327bf2,Gate opening,BUD2MEX41.CG310.XJ02,47.81780276635145,%
2026-07-17T23:00:00Z,60d9dba0-601f-427c-b57c-35fbac327bf2,Gate opening,BUD2MEX41.CG310.XJ02,45.420670903523764,%
2026-07-17T22:00:00Z,60d9dba0-601f-427c-b57c-35fbac327bf2,Gate opening,BUD2MEX41.CG310.XJ02,45.99268893771701,%
2026-07-17T21:00:00Z,60d9dba0-601f-427c-b57c-35fbac327bf2,Gate opening,BUD2MEX41.CG310.XJ02,47.619654056095044,%
2026-07-17T20:00:00Z,60d9dba0-601f-427c-b57c-35fbac327bf2,Gate opening,BUD2MEX41.CG310.XJ02,48.397661633433174,%
2026-07-17T19:00:00Z,60d9dba0-601f-427c-b57c-35fbac327bf2,Gate opening,BUD2MEX41.CG310.XJ02,51.94490311237227,%
2026-07-17T18:00:00Z,60d9dba0-601f-427c-b57c-35fbac327bf2,Gate opening,BUD2MEX41.CG310.XJ02,60.7060974235662,%
2026-07-17T17:00:00Z,60d9dba0-601f-427c-b57c-35fbac327bf2,Gate opening,BUD2MEX41.CG310.XJ02,59.79300813107705,%
2026-07-17T16:00:00Z,60d9dba0-601f-427c-b57c-35fbac327bf2,Gate opening,BUD2MEX41.CG310.XJ02,78.73891162448459,%
2026-07-17T15:00:00Z,60d9dba0-601f-427c-b57c-35fbac327bf2,Gate opening,BUD2MEX41.CG310.XJ02,78.37333443828793,%
2026-07-17T14:00:00Z,60d9dba0-601f-427c-b57c-35fbac327bf2,Gate opening,BUD2MEX41.CG310.XJ02,66.44202076652412,%
2026-07-17T13:00:00Z,60d9dba0-601f-427c-b57c-35fbac327bf2,Gate opening,BUD2MEX41.CG310.XJ02,79.45240975697835,%
2026-07-17T12:00:00Z,60d9dba0-601f-427c-b57c-35fbac327bf2,Gate opening,BUD2MEX41.CG310.XJ02,66.79174706141154,%
2026-07-17T11:00:00Z,60d9dba0-601f-427c-b57c-35fbac327bf2,Gate opening,BUD2MEX41.CG310.XJ02,52.087022931840686,%
2026-07-17T10:00:00Z,60d9dba0-601f-427c-b57c-35fbac327bf2,Gate opening,BUD2MEX41.CG310.XJ02,51.38166879018148,%
2026-07-17T09:00:00Z,60d9dba0-601f-427c-b57c-35fbac327bf2,Gate opening,BUD2MEX41.CG310.XJ02,59.55947393785257,%
2026-07-17T08:00:00Z,60d9dba0-601f-427c-b57c-35fbac327bf2,Gate opening,BUD2MEX41.CG310.XJ02,50.95596987194485,%
2026-07-17T07:00:00Z,60d9dba0-601f-427c-b57c-35fbac327bf2,Gate opening,BUD2MEX41.CG310.XJ02,50.42992403876576,%
2026-07-17T06:00:00Z,60d9dba0-601f-427c-b57c-35fbac327bf2,Gate opening,BUD2MEX41.CG310.XJ02,45.76308191511366,%
2026-07-17T05:00:00Z,60d9dba0-601f-427c-b57c-35fbac327bf2,Gate opening,BUD2MEX41.CG310.XJ02,45.6789339902071,%
2026-07-17T04:00:00Z,60d9dba0-601f-427c-b57c-35fbac327bf2,Gate opening,BUD2MEX41.CG310.XJ02,45.41596522604246,%
2026-07-17T03:00:00Z,60d9dba0-601f-427c-b57c-35fbac327bf2,Gate opening,BUD2MEX41.CG310.XJ02,45.429095844692654,%
2026-07-17T02:00:00Z,60d9dba0-601f-427c-b57c-35fbac327bf2,Gate opening,BUD2MEX41.CG310.XJ02,45.61089423976387,%
2026-07-17T01:00:00Z,60d9dba0-601f-427c-b57c-35fbac327bf2,Gate opening,BUD2MEX41.CG310.XJ02,45.60717082977295,%
2026-07-17T00:00:00Z,60d9dba0-601f-427c-b57c-35fbac327bf2,Gate opening,BUD2MEX41.CG310.XJ02,46.62527505260762,%
2026-07-16T23:00:00Z,60d9dba0-601f-427c-b57c-35fbac327bf2,Gate opening,BUD2MEX41.CG310.XJ02,47.467206489516336,%
2026-07-16T22:00:00Z,60d9dba0-601f-427c-b57c-35fbac327bf2,Gate opening,BUD2MEX41.CG310.XJ02,49.452188638051354,%
2026-07-16T21:00:00Z,60d9dba0-601f-427c-b57c-35fbac327bf2,Gate opening,BUD2MEX41.CG310.XJ02,52.64343777974447,%
2026-07-16T20:00:00Z,60d9dba0-601f-427c-b57c-35fbac327bf2,Gate opening,BUD2MEX41.CG310.XJ02,56.94785256067912,%
2026-07-16T19:00:00Z,60d9dba0-601f-427c-b57c-35fbac327bf2,Gate opening,BUD2MEX41.CG310.XJ02,61.75425932778253,%
2026-07-16T18:00:00Z,60d9dba0-601f-427c-b57c-35fbac327bf2,Gate opening,BUD2MEX41.CG310.XJ02,54.84452874713474,%
2026-07-16T17:00:00Z,60d9dba0-601f-427c-b57c-35fbac327bf2,Gate opening,BUD2MEX41.CG310.XJ02,64.05078282886082,%
2026-07-16T16:00:00Z,60d9dba0-601f-427c-b57c-35fbac327bf2,Gate opening,BUD2MEX41.CG310.XJ02,59.356554164047964,%
2026-07-16T15:00:00Z,60d9dba0-601f-427c-b57c-35fbac327bf2,Gate opening,BUD2MEX41.CG310.XJ02,57.26233694076538,%
2026-07-16T14:00:00Z,60d9dba0-601f-427c-b57c-35fbac327bf2,Gate opening,BUD2MEX41.CG310.XJ02,69.64084524154663,%
2026-07-16T13:00:00Z,60d9dba0-601f-427c-b57c-35fbac327bf2,Gate opening,BUD2MEX41.CG310.XJ02,55.4024357287089,%
2026-07-16T12:00:00Z,60d9dba0-601f-427c-b57c-35fbac327bf2,Gate opening,BUD2MEX41.CG310.XJ02,67.91240890935742,%
2026-07-16T11:00:00Z,60d9dba0-601f-427c-b57c-35fbac327bf2,Gate opening,BUD2MEX41.CG310.XJ02,67.26748160082627,%
2026-07-16T10:00:00Z,60d9dba0-601f-427c-b57c-35fbac327bf2,Gate opening,BUD2MEX41.CG310.XJ02,64.97043661329481,%
2026-07-16T09:00:00Z,60d9dba0-601f-427c-b57c-35fbac327bf2,Gate opening,BUD2MEX41.CG310.XJ02,65.99639802508884,%
2026-07-16T08:00:00Z,60d9dba0-601f-427c-b57c-35fbac327bf2,Gate opening,BUD2MEX41.CG310.XJ02,49.014146158430314,%
2026-07-16T07:00:00Z,60d9dba0-601f-427c-b57c-35fbac327bf2,Gate opening,BUD2MEX41.CG310.XJ02,48.848303081858084,%
2026-07-16T06:00:00Z,60d9dba0-601f-427c-b57c-35fbac327bf2,Gate opening,BUD2MEX41.CG310.XJ02,47.59108042822944,%
2026-07-16T05:00:00Z,60d9dba0-601f-427c-b57c-35fbac327bf2,Gate opening,BUD2MEX41.CG310.XJ02,45.4888906865435,%
2026-07-16T04:00:00Z,60d9dba0-601f-427c-b57c-35fbac327bf2,Gate opening,BUD2MEX41.CG310.XJ02,45.697307137383355,%
2026-07-16T03:00:00Z,60d9dba0-601f-427c-b57c-35fbac327bf2,Gate opening,BUD2MEX41.CG310.XJ02,46.28458950225185,%
2026-07-16T02:00:00Z,60d9dba0-601f-427c-b57c-35fbac327bf2,Gate opening,BUD2MEX41.CG310.XJ02,46.74921227031579,%
2026-07-16T01:00:00Z,60d9dba0-601f-427c-b57c-35fbac327bf2,Gate opening,BUD2MEX41.CG310.XJ02,47.64329034530699,%
2026-07-16T00:00:00Z,60d9dba0-601f-427c-b57c-35fbac327bf2,Gate opening,BUD2MEX41.CG310.XJ02,48.20127461539374,%
2026-07-15T23:00:00Z,60d9dba0-601f-427c-b57c-35fbac327bf2,Gate opening,BUD2MEX41.CG310.XJ02,48.918492449197984,%
2026-07-15T22:00:00Z,60d9dba0-601f-427c-b57c-35fbac327bf2,Gate opening,BUD2MEX41.CG310.XJ02,52.4788395668017,%
2026-07-15T21:00:00Z,60d9dba0-601f-427c-b57c-35fbac327bf2,Gate opening,BUD2MEX41.CG310.XJ02,53.7033518324958,%
2026-07-15T20:00:00Z,60d9dba0-601f-427c-b57c-35fbac327bf2,Gate opening,BUD2MEX41.CG310.XJ02,57.04199066713427,%
2026-07-15T19:00:00Z,60d9dba0-601f-427c-b57c-35fbac327bf2,Gate opening,BUD2MEX41.CG310.XJ02,64.1199915784561,%
2026-07-15T18:00:00Z,60d9dba0-601f-427c-b57c-35fbac327bf2,Gate opening,BUD2MEX41.CG310.XJ02,62.28557621849908,%
2026-07-15T17:00:00Z,60d9dba0-601f-427c-b57c-35fbac327bf2,Gate opening,BUD2MEX41.CG310.XJ02,60.44733324628727,%
2026-07-15T16:00:00Z,60d9dba0-601f-427c-b57c-35fbac327bf2,Gate opening,BUD2MEX41.CG310.XJ02,50.977486411620006,%
2026-07-15T15:00:00Z,60d9dba0-601f-427c-b57c-35fbac327bf2,Gate opening,BUD2MEX41.CG310.XJ02,63.57588335750764,%
2026-07-15T14:00:00Z,60d9dba0-601f-427c-b57c-35fbac327bf2,Gate opening,BUD2MEX41.CG310.XJ02,56.536241096920435,%
2026-07-15T13:00:00Z,60d9dba0-601f-427c-b57c-35fbac327bf2,Gate opening,BUD2MEX41.CG310.XJ02,51.90474351882935,%
2026-07-15T12:00:00Z,60d9dba0-601f-427c-b57c-35fbac327bf2,Gate opening,BUD2MEX41.CG310.XJ02,59.01697654151599,%
2026-07-15T11:00:00Z,60d9dba0-601f-427c-b57c-35fbac327bf2,Gate opening,BUD2MEX41.CG310.XJ02,64.06948244180727,%
2026-07-15T10:00:00Z,60d9dba0-601f-427c-b57c-35fbac327bf2,Gate opening,BUD2MEX41.CG310.XJ02,63.788454989846244,%
2026-07-15T09:00:00Z,60d9dba0-601f-427c-b57c-35fbac327bf2,Gate opening,BUD2MEX41.CG310.XJ02,69.815421233707,%
2026-07-15T08:00:00Z,60d9dba0-601f-427c-b57c-35fbac327bf2,Gate opening,BUD2MEX41.CG310.XJ02,61.56274386315396,%
2026-07-15T07:00:00Z,60d9dba0-601f-427c-b57c-35fbac327bf2,Gate opening,BUD2MEX41.CG310.XJ02,53.71128811287575,%
2026-07-15T06:00:00Z,60d9dba0-601f-427c-b57c-35fbac327bf2,Gate opening,BUD2MEX41.CG310.XJ02,46.88623118718465,%
2026-07-15T05:00:00Z,60d9dba0-601f-427c-b57c-35fbac327bf2,Gate opening,BUD2MEX41.CG310.XJ02,45.9274878870321,%
2026-07-15T04:00:00Z,60d9dba0-601f-427c-b57c-35fbac327bf2,Gate opening,BUD2MEX41.CG310.XJ02,45.46755730026897,%
2026-07-15T03:00:00Z,60d9dba0-601f-427c-b57c-35fbac327bf2,Gate opening,BUD2MEX41.CG310.XJ02,45.88726934362027,%
2026-07-15T02:00:00Z,60d9dba0-601f-427c-b57c-35fbac327bf2,Gate opening,BUD2MEX41.CG310.XJ02,45.92557037989298,%
2026-07-15T01:00:00Z,60d9dba0-601f-427c-b57c-35fbac327bf2,Gate opening,BUD2MEX41.CG310.XJ02,47.19058655209012,%
2026-07-15T00:00:00Z,60d9dba0-601f-427c-b57c-35fbac327bf2,Gate opening,BUD2MEX41.CG310.XJ02,47.57484586079915,%
2026-07-14T23:00:00Z,60d9dba0-601f-427c-b57c-35fbac327bf2,Gate opening,BUD2MEX41.CG310.XJ02,47.31099768570226,%
2026-07-14T22:00:00Z,60d9dba0-601f-427c-b57c-35fbac327bf2,Gate opening,BUD2MEX41.CG310.XJ02,52.427762779659695,%
2026-07-14T21:00:00Z,60d9dba0-601f-427c-b57c-35fbac327bf2,Gate opening,BUD2MEX41.CG310.XJ02,64.78969447737408,%
2026-07-14T20:00:00Z,60d9dba0-601f-427c-b57c-35fbac327bf2,Gate opening,BUD2MEX41.CG310.XJ02,67.88911297268338,%
2026-07-14T19:00:00Z,60d9dba0-601f-427c-b57c-35fbac327bf2,Gate opening,BUD2MEX41.CG310.XJ02,67.99388424087194,%
2026-07-14T18:00:00Z,60d9dba0-601f-427c-b57c-35fbac327bf2,Gate opening,BUD2MEX41.CG310.XJ02,63.84305956098768,%
2026-07-14T17:00:00Z,60d9dba0-601f-427c-b57c-35fbac327bf2,Gate opening,BUD2MEX41.CG310.XJ02,62.482650004074664,%
2026-07-14T16:00:00Z,60d9dba0-601f-427c-b57c-35fbac327bf2,Gate opening,BUD2MEX41.CG310.XJ02,68.67765932506985,%
2026-07-14T15:00:00Z,60d9dba0-601f-427c-b57c-35fbac327bf2,Gate opening,BUD2MEX41.CG310.XJ02,58.93662631133982,%
2026-07-14T14:00:00Z,60d9dba0-601f-427c-b57c-35fbac327bf2,Gate opening,BUD2MEX41.CG310.XJ02,60.75675590519378,%
2026-07-14T13:00:00Z,60d9dba0-601f-427c-b57c-35fbac327bf2,Gate opening,BUD2MEX41.CG310.XJ02,67.20621224573547,%
2026-07-14T12:00:00Z,60d9dba0-601f-427c-b57c-35fbac327bf2,Gate opening,BUD2MEX41.CG310.XJ02,74.35474021063911,%
2026-07-14T11:00:00Z,60d9dba0-601f-427c-b57c-35fbac327bf2,Gate opening,BUD2MEX41.CG310.XJ02,51.39993272576975,%
2026-07-14T10:00:00Z,60d9dba0-601f-427c-b57c-35fbac327bf2,Gate opening,BUD2MEX41.CG310.XJ02,72.5267569202847,%
2026-07-14T09:00:00Z,60d9dba0-601f-427c-b57c-35fbac327bf2,Gate opening,BUD2MEX41.CG310.XJ02,64.16674515669581,%
2026-07-14T08:00:00Z,60d9dba0-601f-427c-b57c-35fbac327bf2,Gate opening,BUD2MEX41.CG310.XJ02,57.282782133482186,%
2026-07-14T07:00:00Z,60d9dba0-601f-427c-b57c-35fbac327bf2,Gate opening,BUD2MEX41.CG310.XJ02,49.35385382758246,%
2026-07-14T06:00:00Z,60d9dba0-601f-427c-b57c-35fbac327bf2,Gate opening,BUD2MEX41.CG310.XJ02,46.133813468928864,%
2026-07-14T05:00:00Z,60d9dba0-601f-427c-b57c-35fbac327bf2,Gate opening,BUD2MEX41.CG310.XJ02,45.49183788585822,%
2026-07-14T04:00:00Z,60d9dba0-601f-427c-b57c-35fbac327bf2,Gate opening,BUD2MEX41.CG310.XJ02,45.533491043413306,%
2026-07-14T03:00:00Z,60d9dba0-601f-427c-b57c-35fbac327bf2,Gate opening,BUD2MEX41.CG310.XJ02,45.62628007796554,%
2026-07-14T02:00:00Z,60d9dba0-601f-427c-b57c-35fbac327bf2,Gate opening,BUD2MEX41.CG310.XJ02,46.02848379982842,%
2026-07-14T01:00:00Z,60d9dba0-601f-427c-b57c-35fbac327bf2,Gate opening,BUD2MEX41.CG310.XJ02,50.5049312583085,%
2026-07-14T00:00:00Z,60d9dba0-601f-427c-b57c-35fbac327bf2,Gate opening,BUD2MEX41.CG310.XJ02,55.4175409105089,%
2026-07-13T23:00:00Z,60d9dba0-601f-427c-b57c-35fbac327bf2,Gate opening,BUD2MEX41.CG310.XJ02,46.99194980767649,%
2026-07-13T22:00:00Z,60d9dba0-601f-427c-b57c-35fbac327bf2,Gate opening,BUD2MEX41.CG310.XJ02,48.27333263717406,%
2026-07-13T21:00:00Z,60d9dba0-601f-427c-b57c-35fbac327bf2,Gate opening,BUD2MEX41.CG310.XJ02,47.05636550691393,%
2026-07-13T20:00:00Z,60d9dba0-601f-427c-b57c-35fbac327bf2,Gate opening,BUD2MEX41.CG310.XJ02,66.38112696117825,%
2026-07-13T19:00:00Z,60d9dba0-601f-427c-b57c-35fbac327bf2,Gate opening,BUD2MEX41.CG310.XJ02,79.93226564586527,%
2026-07-13T18:00:00Z,60d9dba0-601f-427c-b57c-35fbac327bf2,Gate opening,BUD2MEX41.CG310.XJ02,67.37753275553385,%
2026-07-13T17:00:00Z,60d9dba0-601f-427c-b57c-35fbac327bf2,Gate opening,BUD2MEX41.CG310.XJ02,65.14022833721846,%
2026-07-13T16:00:00Z,60d9dba0-601f-427c-b57c-35fbac327bf2,Gate opening,BUD2MEX41.CG310.XJ02,63.391802118089466,%
2026-07-13T15:00:00Z,60d9dba0-601f-427c-b57c-35fbac327bf2,Gate opening,BUD2MEX41.CG310.XJ02,55.17928330739339,%
2026-07-13T14:00:00Z,60d9dba0-601f-427c-b57c-35fbac327bf2,Gate opening,BUD2MEX41.CG310.XJ02,62.62806687884861,%
2026-07-13T13:00:00Z,60d9dba0-601f-427c-b57c-35fbac327bf2,Gate opening,BUD2MEX41.CG310.XJ02,65.71265022693672,%
2026-07-13T12:00:00Z,60d9dba0-601f-427c-b57c-35fbac327bf2,Gate opening,BUD2MEX41.CG310.XJ02,64.40564555178224,%
2026-07-13T11:00:00Z,60d9dba0-601f-427c-b57c-35fbac327bf2,Gate opening,BUD2MEX41.CG310.XJ02,61.984070752461754,%
2026-07-13T10:00:00Z,60d9dba0-601f-427c-b57c-35fbac327bf2,Gate opening,BUD2MEX41.CG310.XJ02,59.40658529705471,%
2026-07-13T09:00:00Z,60d9dba0-601f-427c-b57c-35fbac327bf2,Gate opening,BUD2MEX41.CG310.XJ02,56.19336732458313,%
2026-07-13T08:00:00Z,60d9dba0-601f-427c-b57c-35fbac327bf2,Gate opening,BUD2MEX41.CG310.XJ02,54.67710065205892,%
2026-07-13T07:00:00Z,60d9dba0-601f-427c-b57c-35fbac327bf2,Gate opening,BUD2MEX41.CG310.XJ02,59.75383394029405,%
2026-07-13T06:00:00Z,60d9dba0-601f-427c-b57c-35fbac327bf2,Gate opening,BUD2MEX41.CG310.XJ02,46.78348361445242,%
2026-07-13T05:00:00Z,60d9dba0-601f-427c-b57c-35fbac327bf2,Gate opening,BUD2MEX41.CG310.XJ02,45.95521001058575,%
2026-07-13T04:00:00Z,60d9dba0-601f-427c-b57c-35fbac327bf2,Gate opening,BUD2MEX41.CG310.XJ02,46.14688197877672,%
2026-07-13T03:00:00Z,60d9dba0-601f-427c-b57c-35fbac327bf2,Gate opening,BUD2MEX41.CG310.XJ02,46.25832470421528,%
2026-07-13T02:00:00Z,60d9dba0-601f-427c-b57c-35fbac327bf2,Gate opening,BUD2MEX41.CG310.XJ02,46.688861246835266,%
2026-07-13T01:00:00Z,60d9dba0-601f-427c-b57c-35fbac327bf2,Gate opening,BUD2MEX41.CG310.XJ02,47.14863010830349,%
2026-07-13T00:00:00Z,60d9dba0-601f-427c-b57c-35fbac327bf2,Gate opening,BUD2MEX41.CG310.XJ02,51.99737487792969,%
2026-07-12T23:00:00Z,60d9dba0-601f-427c-b57c-35fbac327bf2,Gate opening,BUD2MEX41.CG310.XJ02,61.651150268690245,%
2026-07-12T22:00:00Z,60d9dba0-601f-427c-b57c-35fbac327bf2,Gate opening,BUD2MEX41.CG310.XJ02,54.086233730973866,%
2026-07-12T21:00:00Z,60d9dba0-601f-427c-b57c-35fbac327bf2,Gate opening,BUD2MEX41.CG310.XJ02,62.12169779883491,%
2026-07-12T20:00:00Z,60d9dba0-601f-427c-b57c-35fbac327bf2,Gate opening,BUD2MEX41.CG310.XJ02,72.25031176673042,%
2026-07-12T19:00:00Z,60d9dba0-601f-427c-b57c-35fbac327bf2,Gate opening,BUD2MEX41.CG310.XJ02,55.496206489139134,%
2026-07-12T18:00:00Z,60d9dba0-601f-427c-b57c-35fbac327bf2,Gate opening,BUD2MEX41.CG310.XJ02,56.20582768543146,%
2026-07-12T17:00:00Z,60d9dba0-601f-427c-b57c-35fbac327bf2,Gate opening,BUD2MEX41.CG310.XJ02,63.28869058928137,%
2026-07-12T16:00:00Z,60d9dba0-601f-427c-b57c-35fbac327bf2,Gate opening,BUD2MEX41.CG310.XJ02,55.694259859720866,%
2026-07-12T15:00:00Z,60d9dba0-601f-427c-b57c-35fbac327bf2,Gate opening,BUD2MEX41.CG310.XJ02,54.80567483054267,%
2026-07-12T14:00:00Z,60d9dba0-601f-427c-b57c-35fbac327bf2,Gate opening,BUD2MEX41.CG310.XJ02,58.78059640036689,%
2026-07-12T13:00:00Z,60d9dba0-601f-427c-b57c-35fbac327bf2,Gate opening,BUD2MEX41.CG310.XJ02,61.5797922305096,%
2026-07-12T12:00:00Z,60d9dba0-601f-427c-b57c-35fbac327bf2,Gate opening,BUD2MEX41.CG310.XJ02,62.130735668907974,%
2026-07-12T11:00:00Z,60d9dba0-601f-427c-b57c-35fbac327bf2,Gate opening,BUD2MEX41.CG310.XJ02,54.87908171335856,%
2026-07-12T10:00:00Z,60d9dba0-601f-427c-b57c-35fbac327bf2,Gate opening,BUD2MEX41.CG310.XJ02,47.98932629055447,%
2026-07-12T09:00:00Z,60d9dba0-601f-427c-b57c-35fbac327bf2,Gate opening,BUD2MEX41.CG310.XJ02,50.44872834099664,%
2026-07-12T08:00:00Z,60d9dba0-601f-427c-b57c-35fbac327bf2,Gate opening,BUD2MEX41.CG310.XJ02,46.34665083991157,%
2026-07-12T07:00:00Z,60d9dba0-601f-427c-b57c-35fbac327bf2,Gate opening,BUD2MEX41.CG310.XJ02,46.24417879952325,%
2026-07-12T06:00:00Z,60d9dba0-601f-427c-b57c-35fbac327bf2,Gate opening,BUD2MEX41.CG310.XJ02,52.76035525215997,%
2026-07-12T05:00:00Z,60d9dba0-601f-427c-b57c-35fbac327bf2,Gate opening,BUD2MEX41.CG310.XJ02,46.940536166297065,%
2026-07-12T04:00:00Z,60d9dba0-601f-427c-b57c-35fbac327bf2,Gate opening,BUD2MEX41.CG310.XJ02,47.23916790008545,%
2026-07-12T03:00:00Z,60d9dba0-601f-427c-b57c-35fbac327bf2,Gate opening,BUD2MEX41.CG310.XJ02,47.62501452935279,%
2026-07-12T02:00:00Z,60d9dba0-601f-427c-b57c-35fbac327bf2,Gate opening,BUD2MEX41.CG310.XJ02,52.67563888906041,%
2026-07-12T01:00:00Z,60d9dba0-601f-427c-b57c-35fbac327bf2,Gate opening,BUD2MEX41.CG310.XJ02,48.68829060502023,%
2026-07-12T00:00:00Z,60d9dba0-601f-427c-b57c-35fbac327bf2,Gate opening,BUD2MEX41.CG310.XJ02,49.295047702789304,%
2026-07-11T23:00:00Z,60d9dba0-601f-427c-b57c-35fbac327bf2,Gate opening,BUD2MEX41.CG310.XJ02,57.02160246743096,%
2026-07-11T22:00:00Z,60d9dba0-601f-427c-b57c-35fbac327bf2,Gate opening,BUD2MEX41.CG310.XJ02,60.42743397448181,%
2026-07-11T21:00:00Z,60d9dba0-601f-427c-b57c-35fbac327bf2,Gate opening,BUD2MEX41.CG310.XJ02,70.10492632588964,%
2026-07-11T20:00:00Z,60d9dba0-601f-427c-b57c-35fbac327bf2,Gate opening,BUD2MEX41.CG310.XJ02,64.84789113940036,%
2026-07-11T19:00:00Z,60d9dba0-601f-427c-b57c-35fbac327bf2,Gate opening,BUD2MEX41.CG310.XJ02,56.60456558965868,%
2026-07-11T18:00:00Z,60d9dba0-601f-427c-b57c-35fbac327bf2,Gate opening,BUD2MEX41.CG310.XJ02,65.29188058641222,%
2026-07-11T17:00:00Z,60d9dba0-601f-427c-b57c-35fbac327bf2,Gate opening,BUD2MEX41.CG310.XJ02,54.62089516521494,%
2026-07-11T16:00:00Z,60d9dba0-601f-427c-b57c-35fbac327bf2,Gate opening,BUD2MEX41.CG310.XJ02,51.022656633589,%
2026-07-11T15:00:00Z,60d9dba0-601f-427c-b57c-35fbac327bf2,Gate opening,BUD2MEX41.CG310.XJ02,49.20037473481277,%
2026-07-11T14:00:00Z,60d9dba0-601f-427c-b57c-35fbac327bf2,Gate opening,BUD2MEX41.CG310.XJ02,53.80851347993371,%
2026-07-11T13:00:00Z,60d9dba0-601f-427c-b57c-35fbac327bf2,Gate opening,BUD2MEX41.CG310.XJ02,53.038005968807404,%
2026-07-11T12:00:00Z,60d9dba0-601f-427c-b57c-35fbac327bf2,Gate opening,BUD2MEX41.CG310.XJ02,53.02857439336613,%
2026-07-11T11:00:00Z,60d9dba0-601f-427c-b57c-35fbac327bf2,Gate opening,BUD2MEX41.CG310.XJ02,49.90538416762296,%
2026-07-11T10:00:00Z,60d9dba0-601f-427c-b57c-35fbac327bf2,Gate opening,BUD2MEX41.CG310.XJ02,45.509893074035645,%
2026-07-11T09:00:00Z,60d9dba0-601f-427c-b57c-35fbac327bf2,Gate opening,BUD2MEX41.CG310.XJ02,52.070489192538794,%
2026-07-11T08:00:00Z,60d9dba0-601f-427c-b57c-35fbac327bf2,Gate opening,BUD2MEX41.CG310.XJ02,45.5106275811866,%
2026-07-11T07:00:00Z,60d9dba0-601f-427c-b57c-35fbac327bf2,Gate opening,BUD2MEX41.CG310.XJ02,45.452485630473845,%
2026-07-11T06:00:00Z,60d9dba0-601f-427c-b57c-35fbac327bf2,Gate opening,BUD2MEX41.CG310.XJ02,45.450766714666045,%
2026-07-11T05:00:00Z,60d9dba0-601f-427c-b57c-35fbac327bf2,Gate opening,BUD2MEX41.CG310.XJ02,45.43824399319406,%
2026-07-11T04:00:00Z,60d9dba0-601f-427c-b57c-35fbac327bf2,Gate opening,BUD2MEX41.CG310.XJ02,45.44856438090459,%
2026-07-11T03:00:00Z,60d9dba0-601f-427c-b57c-35fbac327bf2,Gate opening,BUD2MEX41.CG310.XJ02,45.44162871177257,%
2026-07-11T02:00:00Z,60d9dba0-601f-427c-b57c-35fbac327bf2,Gate opening,BUD2MEX41.CG310.XJ02,45.52629035071839,%
2026-07-11T01:00:00Z,60d9dba0-601f-427c-b57c-35fbac327bf2,Gate opening,BUD2MEX41.CG310.XJ02,45.530434839315525,%
2026-07-11T00:00:00Z,60d9dba0-601f-427c-b57c-35fbac327bf2,Gate opening,BUD2MEX41.CG310.XJ02,45.664324325985376,%
2026-07-10T23:00:00Z,60d9dba0-601f-427c-b57c-35fbac327bf2,Gate opening,BUD2MEX41.CG310.XJ02,59.890193163553874,%
2026-07-10T22:00:00Z,60d9dba0-601f-427c-b57c-35fbac327bf2,Gate opening,BUD2MEX41.CG310.XJ02,62.56384514490763,%
2026-07-10T21:00:00Z,60d9dba0-601f-427c-b57c-35fbac327bf2,Gate opening,BUD2MEX41.CG310.XJ02,62.72763378602938,%
2026-07-10T20:00:00Z,60d9dba0-601f-427c-b57c-35fbac327bf2,Gate opening,BUD2MEX41.CG310.XJ02,61.266123995499825,%
2026-07-10T19:00:00Z,60d9dba0-601f-427c-b57c-35fbac327bf2,Gate opening,BUD2MEX41.CG310.XJ02,66.86930564770292,%
2026-07-10T18:00:00Z,60d9dba0-601f-427c-b57c-35fbac327bf2,Gate opening,BUD2MEX41.CG310.XJ02,79.93412213861212,%
2026-07-10T17:00:00Z,60d9dba0-601f-427c-b57c-35fbac327bf2,Gate opening,BUD2MEX41.CG310.XJ02,79.34045787173022,%
2026-07-10T16:00:00Z,60d9dba0-601f-427c-b57c-35fbac327bf2,Gate opening,BUD2MEX41.CG310.XJ02,79.65621083520928,%
2026-07-10T15:00:00Z,60d9dba0-601f-427c-b57c-35fbac327bf2,Gate opening,BUD2MEX41.CG310.XJ02,77.34685397108417,%
2026-07-10T14:00:00Z,60d9dba0-601f-427c-b57c-35fbac327bf2,Gate opening,BUD2MEX41.CG310.XJ02,59.7414029290941,%
2026-07-10T13:00:00Z,60d9dba0-601f-427c-b57c-35fbac327bf2,Gate opening,BUD2MEX41.CG310.XJ02,79.5648018222385,%
2026-07-10T12:00:00Z,60d9dba0-601f-427c-b57c-35fbac327bf2,Gate opening,BUD2MEX41.CG310.XJ02,80.64758986068912,%
2026-07-10T11:00:00Z,60d9dba0-601f-427c-b57c-35fbac327bf2,Gate opening,BUD2MEX41.CG310.XJ02,80.6591049465905,%
2026-07-10T10:00:00Z,60d9dba0-601f-427c-b57c-35fbac327bf2,Gate opening,BUD2MEX41.CG310.XJ02,80.52807933631571,%
2026-07-10T09:00:00Z,60d9dba0-601f-427c-b57c-35fbac327bf2,Gate opening,BUD2MEX41.CG310.XJ02,80.77612064809486,%
2026-07-10T08:00:00Z,60d9dba0-601f-427c-b57c-35fbac327bf2,Gate opening,BUD2MEX41.CG310.XJ02,80.59186897235399,%
2026-07-10T07:00:00Z,60d9dba0-601f-427c-b57c-35fbac327bf2,Gate opening,BUD2MEX41.CG310.XJ02,76.95124802059597,%
2026-07-10T06:00:00Z,60d9dba0-601f-427c-b57c-35fbac327bf2,Gate opening,BUD2MEX41.CG310.XJ02,74.55173125168957,%
2026-07-10T05:00:00Z,60d9dba0-601f-427c-b57c-35fbac327bf2,Gate opening,BUD2MEX41.CG310.XJ02,68.24844136855681,%
2026-07-10T04:00:00Z,60d9dba0-601f-427c-b57c-35fbac327bf2,Gate opening,BUD2MEX41.CG310.XJ02,66.0881116272278,%
2026-07-10T03:00:00Z,60d9dba0-601f-427c-b57c-35fbac327bf2,Gate opening,BUD2MEX41.CG310.XJ02,71.06546605230041,%
2026-07-10T02:00:00Z,60d9dba0-601f-427c-b57c-35fbac327bf2,Gate opening,BUD2MEX41.CG310.XJ02,72.94231424967448,%
2026-07-10T01:00:00Z,60d9dba0-601f-427c-b57c-35fbac327bf2,Gate opening,BUD2MEX41.CG310.XJ02,67.93674524125952,%
2026-07-10T00:00:00Z,60d9dba0-601f-427c-b57c-35fbac327bf2,Gate opening,BUD2MEX41.CG310.XJ02,73.93048081723668,%
2026-07-09T23:00:00Z,60d9dba0-601f-427c-b57c-35fbac327bf2,Gate opening,BUD2MEX41.CG310.XJ02,71.94141357387929,%
2026-07-09T22:00:00Z,60d9dba0-601f-427c-b57c-35fbac327bf2,Gate opening,BUD2MEX41.CG310.XJ02,76.88154099223611,%
2026-07-09T21:00:00Z,60d9dba0-601f-427c-b57c-35fbac327bf2,Gate opening,BUD2MEX41.CG310.XJ02,79.2323158454895,%
2026-07-09T20:00:00Z,60d9dba0-601f-427c-b57c-35fbac327bf2,Gate opening,BUD2MEX41.CG310.XJ02,61.43924238525323,%
2026-07-09T19:00:00Z,60d9dba0-601f-427c-b57c-35fbac327bf2,Gate opening,BUD2MEX41.CG310.XJ02,62.518056013319224,%
2026-07-09T18:00:00Z,60d9dba0-601f-427c-b57c-35fbac327bf2,Gate opening,BUD2MEX41.CG310.XJ02,65.22742724458399,%
2026-07-09T17:00:00Z,60d9dba0-601f-427c-b57c-35fbac327bf2,Gate opening,BUD2MEX41.CG310.XJ02,61.91884449428982,%
2026-07-09T16:00:00Z,60d9dba0-601f-427c-b57c-35fbac327bf2,Gate opening,BUD2MEX41.CG310.XJ02,56.31055732671919,%
2026-07-09T15:00:00Z,60d9dba0-601f-427c-b57c-35fbac327bf2,Gate opening,BUD2MEX41.CG310.XJ02,59.35298646351176,%
2026-07-09T14:00:00Z,60d9dba0-601f-427c-b57c-35fbac327bf2,Gate opening,BUD2MEX41.CG310.XJ02,53.3558803278294,%
2026-07-09T13:00:00Z,60d9dba0-601f-427c-b57c-35fbac327bf2,Gate opening,BUD2MEX41.CG310.XJ02,76.65133126152887,%
2026-07-09T12:00:00Z,60d9dba0-601f-427c-b57c-35fbac327bf2,Gate opening,BUD2MEX41.CG310.XJ02,76.51034740024143,%
2026-07-09T11:00:00Z,60d9dba0-601f-427c-b57c-35fbac327bf2,Gate opening,BUD2MEX41.CG310.XJ02,75.54166237301297,%
2026-07-09T10:00:00Z,60d9dba0-601f-427c-b57c-35fbac327bf2,Gate opening,BUD2MEX41.CG310.XJ02,75.89643587748209,%
2026-07-09T09:00:00Z,60d9dba0-601f-427c-b57c-35fbac327bf2,Gate opening,BUD2MEX41.CG310.XJ02,75.66936088960878,%
2026-07-09T08:00:00Z,60d9dba0-601f-427c-b57c-35fbac327bf2,Gate opening,BUD2MEX41.CG310.XJ02,76.16524049293471,%
2026-07-09T07:00:00Z,60d9dba0-601f-427c-b57c-35fbac327bf2,Gate opening,BUD2MEX41.CG310.XJ02,74.0587049569024,%
2026-07-09T06:00:00Z,60d9dba0-601f-427c-b57c-35fbac327bf2,Gate opening,BUD2MEX41.CG310.XJ02,65.22257198314657,%
2026-07-09T05:00:00Z,60d9dba0-601f-427c-b57c-35fbac327bf2,Gate opening,BUD2MEX41.CG310.XJ02,68.29815507160419,%
2026-07-09T04:00:00Z,60d9dba0-601f-427c-b57c-35fbac327bf2,Gate opening,BUD2MEX41.CG310.XJ02,68.35431643168131,%
2026-07-09T03:00:00Z,60d9dba0-601f-427c-b57c-35fbac327bf2,Gate opening,BUD2MEX41.CG310.XJ02,71.11803954230415,%
2026-07-09T02:00:00Z,60d9dba0-601f-427c-b57c-35fbac327bf2,Gate opening,BUD2MEX41.CG310.XJ02,73.36344844357977,%
2026-07-09T01:00:00Z,60d9dba0-601f-427c-b57c-35fbac327bf2,Gate opening,BUD2MEX41.CG310.XJ02,74.65046859834511,%
2026-07-09T00:00:00Z,60d9dba0-601f-427c-b57c-35fbac327bf2,Gate opening,BUD2MEX41.CG310.XJ02,69.2019949484163,%
2026-07-08T23:00:00Z,60d9dba0-601f-427c-b57c-35fbac327bf2,Gate opening,BUD2MEX41.CG310.XJ02,79.38196895359754,%
2026-07-08T22:00:00Z,60d9dba0-601f-427c-b57c-35fbac327bf2,Gate opening,BUD2MEX41.CG310.XJ02,78.40013875738532,%
2026-07-08T21:00:00Z,60d9dba0-601f-427c-b57c-35fbac327bf2,Gate opening,BUD2MEX41.CG310.XJ02,77.89102189815196,%
2026-07-08T20:00:00Z,60d9dba0-601f-427c-b57c-35fbac327bf2,Gate opening,BUD2MEX41.CG310.XJ02,76.36312472654622,%
2026-07-08T19:00:00Z,60d9dba0-601f-427c-b57c-35fbac327bf2,Gate opening,BUD2MEX41.CG310.XJ02,78.41582034640842,%
2026-07-08T18:00:00Z,60d9dba0-601f-427c-b57c-35fbac327bf2,Gate opening,BUD2MEX41.CG310.XJ02,78.71177101982964,%
2026-07-08T17:00:00Z,60d9dba0-601f-427c-b57c-35fbac327bf2,Gate opening,BUD2MEX41.CG310.XJ02,76.73127501593696,%
2026-07-08T16:00:00Z,60d9dba0-601f-427c-b57c-35fbac327bf2,Gate opening,BUD2MEX41.CG310.XJ02,78.0165532345242,%
2026-07-08T15:00:00Z,60d9dba0-601f-427c-b57c-35fbac327bf2,Gate opening,BUD2MEX41.CG310.XJ02,78.36317327711318,%
2026-07-08T14:00:00Z,60d9dba0-601f-427c-b57c-35fbac327bf2,Gate opening,BUD2MEX41.CG310.XJ02,79.38453020731608,%
2026-07-08T13:00:00Z,60d9dba0-601f-427c-b57c-35fbac327bf2,Gate opening,BUD2MEX41.CG310.XJ02,79.22385896591508,%
2026-07-08T12:00:00Z,60d9dba0-601f-427c-b57c-35fbac327bf2,Gate opening,BUD2MEX41.CG310.XJ02,76.75203262439489,%
2026-07-08T11:00:00Z,60d9dba0-601f-427c-b57c-35fbac327bf2,Gate opening,BUD2MEX41.CG310.XJ02,79.8361296258813,%
2026-07-08T10:00:00Z,60d9dba0-601f-427c-b57c-35fbac327bf2,Gate opening,BUD2MEX41.CG310.XJ02,78.05299819098579,%
2026-07-08T09:00:00Z,60d9dba0-601f-427c-b57c-35fbac327bf2,Gate opening,BUD2MEX41.CG310.XJ02,73.07414402356392,%
2026-07-08T08:00:00Z,60d9dba0-601f-427c-b57c-35fbac327bf2,Gate opening,BUD2MEX41.CG310.XJ02,65.71228060192531,%
2026-07-08T07:00:00Z,60d9dba0-601f-427c-b57c-35fbac327bf2,Gate opening,BUD2MEX41.CG310.XJ02,66.36341694725884,%
2026-07-08T06:00:00Z,60d9dba0-601f-427c-b57c-35fbac327bf2,Gate opening,BUD2MEX41.CG310.XJ02,65.72872031317817,%
2026-07-08T05:00:00Z,60d9dba0-601f-427c-b57c-35fbac327bf2,Gate opening,BUD2MEX41.CG310.XJ02,63.59361537721422,%
2026-07-08T04:00:00Z,60d9dba0-601f-427c-b57c-35fbac327bf2,Gate opening,BUD2MEX41.CG310.XJ02,64.58981114569544,%
2026-07-08T03:00:00Z,60d9dba0-601f-427c-b57c-35fbac327bf2,Gate opening,BUD2MEX41.CG310.XJ02,63.159958820343014,%
2026-07-08T02:00:00Z,60d9dba0-601f-427c-b57c-35fbac327bf2,Gate opening,BUD2MEX41.CG310.XJ02,63.866506436510264,%
2026-07-08T01:00:00Z,60d9dba0-601f-427c-b57c-35fbac327bf2,Gate opening,BUD2MEX41.CG310.XJ02,65.96686990799442,%
2026-07-08T00:00:00Z,60d9dba0-601f-427c-b57c-35fbac327bf2,Gate opening,BUD2MEX41.CG310.XJ02,67.24189725240072,%
2026-07-07T23:00:00Z,60d9dba0-601f-427c-b57c-35fbac327bf2,Gate opening,BUD2MEX41.CG310.XJ02,77.73899896409776,%
2026-07-07T22:00:00Z,60d9dba0-601f-427c-b57c-35fbac327bf2,Gate opening,BUD2MEX41.CG310.XJ02,78.96625614643362,%
2026-07-07T21:00:00Z,60d9dba0-601f-427c-b57c-35fbac327bf2,Gate opening,BUD2MEX41.CG310.XJ02,72.73676160445335,%
2026-07-07T20:00:00Z,60d9dba0-601f-427c-b57c-35fbac327bf2,Gate opening,BUD2MEX41.CG310.XJ02,79.92552099015978,%
2026-07-07T19:00:00Z,60d9dba0-601f-427c-b57c-35fbac327bf2,Gate opening,BUD2MEX41.CG310.XJ02,79.96023708850295,%
2026-07-07T18:00:00Z,60d9dba0-601f-427c-b57c-35fbac327bf2,Gate opening,BUD2MEX41.CG310.XJ02,79.95176442464192,%
2026-07-07T17:00:00Z,60d9dba0-601f-427c-b57c-35fbac327bf2,Gate opening,BUD2MEX41.CG310.XJ02,79.28381166569454,%
2026-07-07T16:00:00Z,60d9dba0-601f-427c-b57c-35fbac327bf2,Gate opening,BUD2MEX41.CG310.XJ02,79.62617323039439,%
2026-07-07T15:00:00Z,60d9dba0-601f-427c-b57c-35fbac327bf2,Gate opening,BUD2MEX41.CG310.XJ02,79.87960917211494,%
2026-07-07T14:00:00Z,60d9dba0-601f-427c-b57c-35fbac327bf2,Gate opening,BUD2MEX41.CG310.XJ02,80.45638055589464,%
2026-07-07T13:00:00Z,60d9dba0-601f-427c-b57c-35fbac327bf2,Gate opening,BUD2MEX41.CG310.XJ02,80.51067537095811,%
2026-07-07T12:00:00Z,60d9dba0-601f-427c-b57c-35fbac327bf2,Gate opening,BUD2MEX41.CG310.XJ02,80.43603447346372,%
2026-07-07T11:00:00Z,60d9dba0-601f-427c-b57c-35fbac327bf2,Gate opening,BUD2MEX41.CG310.XJ02,73.39340055889554,%
2026-07-07T10:00:00Z,60d9dba0-601f-427c-b57c-35fbac327bf2,Gate opening,BUD2MEX41.CG310.XJ02,69.83295343822903,%
2026-07-07T09:00:00Z,60d9dba0-601f-427c-b57c-35fbac327bf2,Gate opening,BUD2MEX41.CG310.XJ02,74.72162829505072,%
2026-07-07T08:00:00Z,60d9dba0-601f-427c-b57c-35fbac327bf2,Gate opening,BUD2MEX41.CG310.XJ02,69.88403625869962,%
2026-07-07T07:00:00Z,60d9dba0-601f-427c-b57c-35fbac327bf2,Gate opening,BUD2MEX41.CG310.XJ02,46.172940777672665,%
2026-07-07T06:00:00Z,60d9dba0-601f-427c-b57c-35fbac327bf2,Gate opening,BUD2MEX41.CG310.XJ02,60.990417766730076,%
2026-07-07T05:00:00Z,60d9dba0-601f-427c-b57c-35fbac327bf2,Gate opening,BUD2MEX41.CG310.XJ02,51.397763892279734,%
2026-07-07T04:00:00Z,60d9dba0-601f-427c-b57c-35fbac327bf2,Gate opening,BUD2MEX41.CG310.XJ02,49.098659392462835,%
2026-07-07T03:00:00Z,60d9dba0-601f-427c-b57c-35fbac327bf2,Gate opening,BUD2MEX41.CG310.XJ02,51.51028717888726,%
2026-07-07T02:00:00Z,60d9dba0-601f-427c-b57c-35fbac327bf2,Gate opening,BUD2MEX41.CG310.XJ02,57.51252473467519,%
2026-07-07T01:00:00Z,60d9dba0-601f-427c-b57c-35fbac327bf2,Gate opening,BUD2MEX41.CG310.XJ02,61.50178377491822,%
2026-07-07T00:00:00Z,60d9dba0-601f-427c-b57c-35fbac327bf2,Gate opening,BUD2MEX41.CG310.XJ02,63.24504025565253,%
2026-07-06T23:00:00Z,60d9dba0-601f-427c-b57c-35fbac327bf2,Gate opening,BUD2MEX41.CG310.XJ02,64.43606784850259,%
2026-07-06T22:00:00Z,60d9dba0-601f-427c-b57c-35fbac327bf2,Gate opening,BUD2MEX41.CG310.XJ02,61.05504137413445,%
2026-07-06T21:00:00Z,60d9dba0-601f-427c-b57c-35fbac327bf2,Gate opening,BUD2MEX41.CG310.XJ02,61.975563611236794,%
2026-07-06T20:00:00Z,60d9dba0-601f-427c-b57c-35fbac327bf2,Gate opening,BUD2MEX41.CG310.XJ02,71.74005686442057,%
2026-07-06T19:00:00Z,60d9dba0-601f-427c-b57c-35fbac327bf2,Gate opening,BUD2MEX41.CG310.XJ02,75.21153819925458,%
2026-07-06T18:00:00Z,60d9dba0-601f-427c-b57c-35fbac327bf2,Gate opening,BUD2MEX41.CG310.XJ02,77.98939794484214,%
2026-07-06T17:00:00Z,60d9dba0-601f-427c-b57c-35fbac327bf2,Gate opening,BUD2MEX41.CG310.XJ02,77.39809874894554,%
2026-07-06T16:00:00Z,60d9dba0-601f-427c-b57c-35fbac327bf2,Gate opening,BUD2MEX41.CG310.XJ02,72.16778666234931,%
2026-07-06T15:00:00Z,60d9dba0-601f-427c-b57c-35fbac327bf2,Gate opening,BUD2MEX41.CG310.XJ02,77.44585512425252,%
2026-07-06T14:00:00Z,60d9dba0-601f-427c-b57c-35fbac327bf2,Gate opening,BUD2MEX41.CG310.XJ02,73.0487074329828,%
2026-07-06T13:00:00Z,60d9dba0-601f-427c-b57c-35fbac327bf2,Gate opening,BUD2MEX41.CG310.XJ02,75.45145375547044,%
2026-07-06T12:00:00Z,60d9dba0-601f-427c-b57c-35fbac327bf2,Gate opening,BUD2MEX41.CG310.XJ02,73.64395256042481,%
2026-07-06T11:00:00Z,60d9dba0-601f-427c-b57c-35fbac327bf2,Gate opening,BUD2MEX41.CG310.XJ02,78.68031832934882,%
2026-07-06T10:00:00Z,60d9dba0-601f-427c-b57c-35fbac327bf2,Gate opening,BUD2MEX41.CG310.XJ02,79.58492569393582,%
2026-07-06T09:00:00Z,60d9dba0-601f-427c-b57c-35fbac327bf2,Gate opening,BUD2MEX41.CG310.XJ02,77.6170618715652,%
2026-07-06T08:00:00Z,60d9dba0-601f-427c-b57c-35fbac327bf2,Gate opening,BUD2MEX41.CG310.XJ02,66.44739963586656,%
2026-07-06T07:00:00Z,60d9dba0-601f-427c-b57c-35fbac327bf2,Gate opening,BUD2MEX41.CG310.XJ02,65.9320346768697,%
2026-07-06T06:00:00Z,60d9dba0-601f-427c-b57c-35fbac327bf2,Gate opening,BUD2MEX41.CG310.XJ02,62.77878447283248,%
2026-07-06T05:00:00Z,60d9dba0-601f-427c-b57c-35fbac327bf2,Gate opening,BUD2MEX41.CG310.XJ02,59.72097994302616,%
2026-07-06T04:00:00Z,60d9dba0-601f-427c-b57c-35fbac327bf2,Gate opening,BUD2MEX41.CG310.XJ02,49.885333970363035,%
2026-07-06T03:00:00Z,60d9dba0-601f-427c-b57c-35fbac327bf2,Gate opening,BUD2MEX41.CG310.XJ02,49.94519821166992,%
2026-07-06T02:00:00Z,60d9dba0-601f-427c-b57c-35fbac327bf2,Gate opening,BUD2MEX41.CG310.XJ02,49.985542083078286,%
2026-07-06T01:00:00Z,60d9dba0-601f-427c-b57c-35fbac327bf2,Gate opening,BUD2MEX41.CG310.XJ02,50.070482131110296,%
2026-07-06T00:00:00Z,60d9dba0-601f-427c-b57c-35fbac327bf2,Gate opening,BUD2MEX41.CG310.XJ02,50.192991214328345,%
2026-07-05T23:00:00Z,60d9dba0-601f-427c-b57c-35fbac327bf2,Gate opening,BUD2MEX41.CG310.XJ02,53.41793499872909,%
2026-07-05T22:00:00Z,60d9dba0-601f-427c-b57c-35fbac327bf2,Gate opening,BUD2MEX41.CG310.XJ02,58.724985160827636,%
2026-07-05T21:00:00Z,60d9dba0-601f-427c-b57c-35fbac327bf2,Gate opening,BUD2MEX41.CG310.XJ02,69.85783118777805,%
2026-07-05T20:00:00Z,60d9dba0-601f-427c-b57c-35fbac327bf2,Gate opening,BUD2MEX41.CG310.XJ02,74.28260877014465,%
2026-07-05T19:00:00Z,60d9dba0-601f-427c-b57c-35fbac327bf2,Gate opening,BUD2MEX41.CG310.XJ02,77.14960517459446,%
2026-07-05T18:00:00Z,60d9dba0-601f-427c-b57c-35fbac327bf2,Gate opening,BUD2MEX41.CG310.XJ02,77.07726920937272,%
2026-07-05T17:00:00Z,60d9dba0-601f-427c-b57c-35fbac327bf2,Gate opening,BUD2MEX41.CG310.XJ02,71.33398659299519,%
2026-07-05T16:00:00Z,60d9dba0-601f-427c-b57c-35fbac327bf2,Gate opening,BUD2MEX41.CG310.XJ02,68.84150407522601,%
2026-07-05T15:00:00Z,60d9dba0-601f-427c-b57c-35fbac327bf2,Gate opening,BUD2MEX41.CG310.XJ02,65.63047964828687,%
2026-07-05T14:00:00Z,60d9dba0-601f-427c-b57c-35fbac327bf2,Gate opening,BUD2MEX41.CG310.XJ02,66.89487132845885,%
2026-07-05T13:00:00Z,60d9dba0-601f-427c-b57c-35fbac327bf2,Gate opening,BUD2MEX41.CG310.XJ02,67.79000286634529,%
2026-07-05T12:00:00Z,60d9dba0-601f-427c-b57c-35fbac327bf2,Gate opening,BUD2MEX41.CG310.XJ02,65.74007939390664,%
2026-07-05T11:00:00Z,60d9dba0-601f-427c-b57c-35fbac327bf2,Gate opening,BUD2MEX41.CG310.XJ02,72.99938541601074,%
2026-07-05T10:00:00Z,60d9dba0-601f-427c-b57c-35fbac327bf2,Gate opening,BUD2MEX41.CG310.XJ02,28.53019326494418,%
2026-07-05T09:00:00Z,60d9dba0-601f-427c-b57c-35fbac327bf2,Gate opening,BUD2MEX41.CG310.XJ02,-0.005271629178090818,%
2026-07-05T08:00:00Z,60d9dba0-601f-427c-b57c-35fbac327bf2,Gate opening,BUD2MEX41.CG310.XJ02,36.8444989051327,%
2026-07-05T07:00:00Z,60d9dba0-601f-427c-b57c-35fbac327bf2,Gate opening,BUD2MEX41.CG310.XJ02,56.01460237953398,%
2026-07-05T06:00:00Z,60d9dba0-601f-427c-b57c-35fbac327bf2,Gate opening,BUD2MEX41.CG310.XJ02,49.85653479779144,%
2026-07-05T05:00:00Z,60d9dba0-601f-427c-b57c-35fbac327bf2,Gate opening,BUD2MEX41.CG310.XJ02,49.51137311171001,%
2026-07-05T04:00:00Z,60d9dba0-601f-427c-b57c-35fbac327bf2,Gate opening,BUD2MEX41.CG310.XJ02,49.405135773552786,%
2026-07-05T03:00:00Z,60d9dba0-601f-427c-b57c-35fbac327bf2,Gate opening,BUD2MEX41.CG310.XJ02,50.178392695479424,%
2026-07-05T02:00:00Z,60d9dba0-601f-427c-b57c-35fbac327bf2,Gate opening,BUD2MEX41.CG310.XJ02,62.41143479275664,%
2026-07-05T01:00:00Z,60d9dba0-601f-427c-b57c-35fbac327bf2,Gate opening,BUD2MEX41.CG310.XJ02,57.668499605390764,%
2026-07-05T00:00:00Z,60d9dba0-601f-427c-b57c-35fbac327bf2,Gate opening,BUD2MEX41.CG310.XJ02,66.96932094291954,%
2026-07-04T23:00:00Z,60d9dba0-601f-427c-b57c-35fbac327bf2,Gate opening,BUD2MEX41.CG310.XJ02,48.405069268544516,%
2026-07-04T22:00:00Z,60d9dba0-601f-427c-b57c-35fbac327bf2,Gate opening,BUD2MEX41.CG310.XJ02,53.620742596408405,%
2026-07-04T21:00:00Z,60d9dba0-601f-427c-b57c-35fbac327bf2,Gate opening,BUD2MEX41.CG310.XJ02,64.33946382057945,%
2026-07-04T20:00:00Z,60d9dba0-601f-427c-b57c-35fbac327bf2,Gate opening,BUD2MEX41.CG310.XJ02,73.37974317338731,%
2026-07-04T19:00:00Z,60d9dba0-601f-427c-b57c-35fbac327bf2,Gate opening,BUD2MEX41.CG310.XJ02,71.20021572113038,%
2026-07-04T18:00:00Z,60d9dba0-601f-427c-b57c-35fbac327bf2,Gate opening,BUD2MEX41.CG310.XJ02,57.551498078240286,%
2026-07-04T17:00:00Z,60d9dba0-601f-427c-b57c-35fbac327bf2,Gate opening,BUD2MEX41.CG310.XJ02,58.974431694878476,%
2026-07-04T16:00:00Z,60d9dba0-601f-427c-b57c-35fbac327bf2,Gate opening,BUD2MEX41.CG310.XJ02,64.96101503865198,%
2026-07-04T15:00:00Z,60d9dba0-601f-427c-b57c-35fbac327bf2,Gate opening,BUD2MEX41.CG310.XJ02,57.49482243643867,%
2026-07-04T14:00:00Z,60d9dba0-601f-427c-b57c-35fbac327bf2,Gate opening,BUD2MEX41.CG310.XJ02,73.70484747159998,%
2026-07-04T13:00:00Z,60d9dba0-601f-427c-b57c-35fbac327bf2,Gate opening,BUD2MEX41.CG310.XJ02,75.41733624776204,%
2026-07-04T12:00:00Z,60d9dba0-601f-427c-b57c-35fbac327bf2,Gate opening,BUD2MEX41.CG310.XJ02,63.56773021274143,%
2026-07-04T11:00:00Z,60d9dba0-601f-427c-b57c-35fbac327bf2,Gate opening,BUD2MEX41.CG310.XJ02,60.427360475328236,%
2026-07-04T10:00:00Z,60d9dba0-601f-427c-b57c-35fbac327bf2,Gate opening,BUD2MEX41.CG310.XJ02,57.28815078523424,%
2026-07-04T09:00:00Z,60d9dba0-601f-427c-b57c-35fbac327bf2,Gate opening,BUD2MEX41.CG310.XJ02,71.44298527823554,%
2026-07-04T08:00:00Z,60d9dba0-601f-427c-b57c-35fbac327bf2,Gate opening,BUD2MEX41.CG310.XJ02,56.412301566615376,%
2026-07-04T07:00:00Z,60d9dba0-601f-427c-b57c-35fbac327bf2,Gate opening,BUD2MEX41.CG310.XJ02,58.49893889991129,%
2026-07-04T06:00:00Z,60d9dba0-601f-427c-b57c-35fbac327bf2,Gate opening,BUD2MEX41.CG310.XJ02,50.78473605049981,%
2026-07-04T05:00:00Z,60d9dba0-601f-427c-b57c-35fbac327bf2,Gate opening,BUD2MEX41.CG310.XJ02,50.33132189644708,%
2026-07-04T04:00:00Z,60d9dba0-601f-427c-b57c-35fbac327bf2,Gate opening,BUD2MEX41.CG310.XJ02,49.43146300183255,%
2026-07-04T03:00:00Z,60d9dba0-601f-427c-b57c-35fbac327bf2,Gate opening,BUD2MEX41.CG310.XJ02,49.819792414056124,%
2026-07-04T02:00:00Z,60d9dba0-601f-427c-b57c-35fbac327bf2,Gate opening,BUD2MEX41.CG310.XJ02,49.7399418562104,%
2026-07-04T01:00:00Z,60d9dba0-601f-427c-b57c-35fbac327bf2,Gate opening,BUD2MEX41.CG310.XJ02,60.53753834481895,%
2026-07-04T00:00:00Z,60d9dba0-601f-427c-b57c-35fbac327bf2,Gate opening,BUD2MEX41.CG310.XJ02,50.86845761607129,%
2026-07-03T23:00:00Z,60d9dba0-601f-427c-b57c-35fbac327bf2,Gate opening,BUD2MEX41.CG310.XJ02,62.55274113761054,%
2026-07-03T22:00:00Z,60d9dba0-601f-427c-b57c-35fbac327bf2,Gate opening,BUD2MEX41.CG310.XJ02,72.90882075376585,%
2026-07-03T21:00:00Z,60d9dba0-601f-427c-b57c-35fbac327bf2,Gate opening,BUD2MEX41.CG310.XJ02,77.1949161830813,%
2026-07-03T20:00:00Z,60d9dba0-601f-427c-b57c-35fbac327bf2,Gate opening,BUD2MEX41.CG310.XJ02,64.41493343565199,%
2026-07-03T19:00:00Z,60d9dba0-601f-427c-b57c-35fbac327bf2,Gate opening,BUD2MEX41.CG310.XJ02,69.65310078091092,%
2026-07-03T18:00:00Z,60d9dba0-601f-427c-b57c-35fbac327bf2,Gate opening,BUD2MEX41.CG310.XJ02,77.7067967489602,%
2026-07-03T17:00:00Z,60d9dba0-601f-427c-b57c-35fbac327bf2,Gate opening,BUD2MEX41.CG310.XJ02,74.91411035017148,%
2026-07-03T16:00:00Z,60d9dba0-601f-427c-b57c-35fbac327bf2,Gate opening,BUD2MEX41.CG310.XJ02,69.66645463113323,%
2026-07-03T15:00:00Z,60d9dba0-601f-427c-b57c-35fbac327bf2,Gate opening,BUD2MEX41.CG310.XJ02,60.80403600692749,%
2026-07-03T14:00:00Z,60d9dba0-601f-427c-b57c-35fbac327bf2,Gate opening,BUD2MEX41.CG310.XJ02,54.17573721143935,%
2026-07-03T13:00:00Z,60d9dba0-601f-427c-b57c-35fbac327bf2,Gate opening,BUD2MEX41.CG310.XJ02,56.247425621880424,%
2026-07-03T12:00:00Z,60d9dba0-601f-427c-b57c-35fbac327bf2,Gate opening,BUD2MEX41.CG310.XJ02,56.43192743937175,%
2026-07-03T11:00:00Z,60d9dba0-601f-427c-b57c-35fbac327bf2,Gate opening,BUD2MEX41.CG310.XJ02,73.30144298553466,%
2026-07-03T10:00:00Z,60d9dba0-601f-427c-b57c-35fbac327bf2,Gate opening,BUD2MEX41.CG310.XJ02,59.484383017653485,%
2026-07-03T09:00:00Z,60d9dba0-601f-427c-b57c-35fbac327bf2,Gate opening,BUD2MEX41.CG310.XJ02,57.342148541344535,%
2026-07-03T08:00:00Z,60d9dba0-601f-427c-b57c-35fbac327bf2,Gate opening,BUD2MEX41.CG310.XJ02,52.51275766372681,%
2026-07-03T07:00:00Z,60d9dba0-601f-427c-b57c-35fbac327bf2,Gate opening,BUD2MEX41.CG310.XJ02,62.832207482655846,%
2026-07-03T06:00:00Z,60d9dba0-601f-427c-b57c-35fbac327bf2,Gate opening,BUD2MEX41.CG310.XJ02,57.82932113011678,%
2026-07-03T05:00:00Z,60d9dba0-601f-427c-b57c-35fbac327bf2,Gate opening,BUD2MEX41.CG310.XJ02,54.6096348107822,%
2026-07-03T04:00:00Z,60d9dba0-601f-427c-b57c-35fbac327bf2,Gate opening,BUD2MEX41.CG310.XJ02,53.50691997104221,%
2026-07-03T03:00:00Z,60d9dba0-601f-427c-b57c-35fbac327bf2,Gate opening,BUD2MEX41.CG310.XJ02,52.95583786646525,%
2026-07-03T02:00:00Z,60d9dba0-601f-427c-b57c-35fbac327bf2,Gate opening,BUD2MEX41.CG310.XJ02,49.665374039544,%
2026-07-03T01:00:00Z,60d9dba0-601f-427c-b57c-35fbac327bf2,Gate opening,BUD2MEX41.CG310.XJ02,55.748395839177725,%
2026-07-03T00:00:00Z,60d9dba0-601f-427c-b57c-35fbac327bf2,Gate opening,BUD2MEX41.CG310.XJ02,58.78777565282497,%
2026-07-02T23:00:00Z,60d9dba0-601f-427c-b57c-35fbac327bf2,Gate opening,BUD2MEX41.CG310.XJ02,66.04888215170966,%
2026-07-02T22:00:00Z,60d9dba0-601f-427c-b57c-35fbac327bf2,Gate opening,BUD2MEX41.CG310.XJ02,58.57341843840143,%
2026-07-02T21:00:00Z,60d9dba0-601f-427c-b57c-35fbac327bf2,Gate opening,BUD2MEX41.CG310.XJ02,62.41987301165588,%
2026-07-02T20:00:00Z,60d9dba0-601f-427c-b57c-35fbac327bf2,Gate opening,BUD2MEX41.CG310.XJ02,70.68986790706344,%
2026-07-02T19:00:00Z,60d9dba0-601f-427c-b57c-35fbac327bf2,Gate opening,BUD2MEX41.CG310.XJ02,59.72025116501151,%
2026-07-02T18:00:00Z,60d9dba0-601f-427c-b57c-35fbac327bf2,Gate opening,BUD2MEX41.CG310.XJ02,59.865901188320585,%
2026-07-02T17:00:00Z,60d9dba0-601f-427c-b57c-35fbac327bf2,Gate opening,BUD2MEX41.CG310.XJ02,58.79055506925827,%
2026-07-02T16:00:00Z,60d9dba0-601f-427c-b57c-35fbac327bf2,Gate opening,BUD2MEX41.CG310.XJ02,60.9680469640096,%
2026-07-02T15:00:00Z,60d9dba0-601f-427c-b57c-35fbac327bf2,Gate opening,BUD2MEX41.CG310.XJ02,61.59740166982015,%
2026-07-02T14:00:00Z,60d9dba0-601f-427c-b57c-35fbac327bf2,Gate opening,BUD2MEX41.CG310.XJ02,57.22127178404066,%
2026-07-02T13:00:00Z,60d9dba0-601f-427c-b57c-35fbac327bf2,Gate opening,BUD2MEX41.CG310.XJ02,63.62671884872835,%
2026-07-02T12:00:00Z,60d9dba0-601f-427c-b57c-35fbac327bf2,Gate opening,BUD2MEX41.CG310.XJ02,63.297598687723784,%
2026-07-02T11:00:00Z,60d9dba0-601f-427c-b57c-35fbac327bf2,Gate opening,BUD2MEX41.CG310.XJ02,67.97280499135114,%
2026-07-02T10:00:00Z,60d9dba0-601f-427c-b57c-35fbac327bf2,Gate opening,BUD2MEX41.CG310.XJ02,66.07967889997694,%
2026-07-02T09:00:00Z,60d9dba0-601f-427c-b57c-35fbac327bf2,Gate opening,BUD2MEX41.CG310.XJ02,65.54543388413349,%
2026-07-02T08:00:00Z,60d9dba0-601f-427c-b57c-35fbac327bf2,Gate opening,BUD2MEX41.CG310.XJ02,76.36041987948947,%
2026-07-02T07:00:00Z,60d9dba0-601f-427c-b57c-35fbac327bf2,Gate opening,BUD2MEX41.CG310.XJ02,62.20268122355143,%
2026-07-02T06:00:00Z,60d9dba0-601f-427c-b57c-35fbac327bf2,Gate opening,BUD2MEX41.CG310.XJ02,58.39143884593043,%
2026-07-02T05:00:00Z,60d9dba0-601f-427c-b57c-35fbac327bf2,Gate opening,BUD2MEX41.CG310.XJ02,62.89878321329753,%
2026-07-02T04:00:00Z,60d9dba0-601f-427c-b57c-35fbac327bf2,Gate opening,BUD2MEX41.CG310.XJ02,61.961525768703886,%
2026-07-02T03:00:00Z,60d9dba0-601f-427c-b57c-35fbac327bf2,Gate opening,BUD2MEX41.CG310.XJ02,62.81329997715754,%
2026-07-02T02:00:00Z,60d9dba0-601f-427c-b57c-35fbac327bf2,Gate opening,BUD2MEX41.CG310.XJ02,64.4491466206269,%
2026-07-02T01:00:00Z,60d9dba0-601f-427c-b57c-35fbac327bf2,Gate opening,BUD2MEX41.CG310.XJ02,64.37798224248664,%
2026-07-02T00:00:00Z,60d9dba0-601f-427c-b57c-35fbac327bf2,Gate opening,BUD2MEX41.CG310.XJ02,63.67925729963515,%
2026-07-01T23:00:00Z,60d9dba0-601f-427c-b57c-35fbac327bf2,Gate opening,BUD2MEX41.CG310.XJ02,67.69857771961522,%
2026-07-01T22:00:00Z,60d9dba0-601f-427c-b57c-35fbac327bf2,Gate opening,BUD2MEX41.CG310.XJ02,64.80244469947117,%
2026-07-01T21:00:00Z,60d9dba0-601f-427c-b57c-35fbac327bf2,Gate opening,BUD2MEX41.CG310.XJ02,66.51269429835912,%
2026-07-01T20:00:00Z,60d9dba0-601f-427c-b57c-35fbac327bf2,Gate opening,BUD2MEX41.CG310.XJ02,68.64562073857155,%
2026-07-01T19:00:00Z,60d9dba0-601f-427c-b57c-35fbac327bf2,Gate opening,BUD2MEX41.CG310.XJ02,78.90766430643694,%
2026-07-01T18:00:00Z,60d9dba0-601f-427c-b57c-35fbac327bf2,Gate opening,BUD2MEX41.CG310.XJ02,79.92160851432962,%
2026-07-01T17:00:00Z,60d9dba0-601f-427c-b57c-35fbac327bf2,Gate opening,BUD2MEX41.CG310.XJ02,79.91416121588813,%
2026-07-01T16:00:00Z,60d9dba0-601f-427c-b57c-35fbac327bf2,Gate opening,BUD2MEX41.CG310.XJ02,79.94790922376845,%
2026-07-01T15:00:00Z,60d9dba0-601f-427c-b57c-35fbac327bf2,Gate opening,BUD2MEX41.CG310.XJ02,79.48660674217147,%
2026-07-01T14:00:00Z,60d9dba0-601f-427c-b57c-35fbac327bf2,Gate opening,BUD2MEX41.CG310.XJ02,68.53234822947779,%
2026-07-01T13:00:00Z,60d9dba0-601f-427c-b57c-35fbac327bf2,Gate opening,BUD2MEX41.CG310.XJ02,63.68577467964516,%
2026-07-01T12:00:00Z,60d9dba0-601f-427c-b57c-35fbac327bf2,Gate opening,BUD2MEX41.CG310.XJ02,63.73661841074625,%
2026-07-01T11:00:00Z,60d9dba0-601f-427c-b57c-35fbac327bf2,Gate opening,BUD2MEX41.CG310.XJ02,63.077707700124705,%
2026-07-01T10:00:00Z,60d9dba0-601f-427c-b57c-35fbac327bf2,Gate opening,BUD2MEX41.CG310.XJ02,62.07944429218604,%
2026-07-01T09:00:00Z,60d9dba0-601f-427c-b57c-35fbac327bf2,Gate opening,BUD2MEX41.CG310.XJ02,63.24210599185759,%
2026-07-01T08:00:00Z,60d9dba0-601f-427c-b57c-35fbac327bf2,Gate opening,BUD2MEX41.CG310.XJ02,59.73505565189281,%
2026-07-01T07:00:00Z,60d9dba0-601f-427c-b57c-35fbac327bf2,Gate opening,BUD2MEX41.CG310.XJ02,63.18599476246733,%
2026-07-01T06:00:00Z,60d9dba0-601f-427c-b57c-35fbac327bf2,Gate opening,BUD2MEX41.CG310.XJ02,46.26125974655152,%
2026-07-01T05:00:00Z,60d9dba0-601f-427c-b57c-35fbac327bf2,Gate opening,BUD2MEX41.CG310.XJ02,45.93472354924964,%
2026-07-01T04:00:00Z,60d9dba0-601f-427c-b57c-35fbac327bf2,Gate opening,BUD2MEX41.CG310.XJ02,45.93546834434158,%
2026-07-01T03:00:00Z,60d9dba0-601f-427c-b57c-35fbac327bf2,Gate opening,BUD2MEX41.CG310.XJ02,45.94972756360888,%
2026-07-01T02:00:00Z,60d9dba0-601f-427c-b57c-35fbac327bf2,Gate opening,BUD2MEX41.CG310.XJ02,46.21950542674844,%
2026-07-01T01:00:00Z,60d9dba0-601f-427c-b57c-35fbac327bf2,Gate opening,BUD2MEX41.CG310.XJ02,46.693571350165435,%
2026-07-01T00:00:00Z,60d9dba0-601f-427c-b57c-35fbac327bf2,Gate opening,BUD2MEX41.CG310.XJ02,47.82897537231445,%
2026-06-30T23:00:00Z,60d9dba0-601f-427c-b57c-35fbac327bf2,Gate opening,BUD2MEX41.CG310.XJ02,52.99648013979495,%
2026-06-30T22:00:00Z,60d9dba0-601f-427c-b57c-35fbac327bf2,Gate opening,BUD2MEX41.CG310.XJ02,61.11300379435222,%
2026-06-30T21:00:00Z,60d9dba0-601f-427c-b57c-35fbac327bf2,Gate opening,BUD2MEX41.CG310.XJ02,59.67273832175916,%
2026-06-30T20:00:00Z,60d9dba0-601f-427c-b57c-35fbac327bf2,Gate opening,BUD2MEX41.CG310.XJ02,66.83784007388924,%
2026-06-30T19:00:00Z,60d9dba0-601f-427c-b57c-35fbac327bf2,Gate opening,BUD2MEX41.CG310.XJ02,60.28217779205136,%
2026-06-30T18:00:00Z,60d9dba0-601f-427c-b57c-35fbac327bf2,Gate opening,BUD2MEX41.CG310.XJ02,60.683879341832935,%
2026-06-30T17:00:00Z,60d9dba0-601f-427c-b57c-35fbac327bf2,Gate opening,BUD2MEX41.CG310.XJ02,63.48408475203296,%
2026-06-30T16:00:00Z,60d9dba0-601f-427c-b57c-35fbac327bf2,Gate opening,BUD2MEX41.CG310.XJ02,63.712410136419514,%
2026-06-30T15:00:00Z,60d9dba0-601f-427c-b57c-35fbac327bf2,Gate opening,BUD2MEX41.CG310.XJ02,64.48240663530564,%
2026-06-30T14:00:00Z,60d9dba0-601f-427c-b57c-35fbac327bf2,Gate opening,BUD2MEX41.CG310.XJ02,63.54775755564372,%
2026-06-30T13:00:00Z,60d9dba0-601f-427c-b57c-35fbac327bf2,Gate opening,BUD2MEX41.CG310.XJ02,59.29097589492798,%
2026-06-30T12:00:00Z,60d9dba0-601f-427c-b57c-35fbac327bf2,Gate opening,BUD2MEX41.CG310.XJ02,58.11831415176392,%
2026-06-30T11:00:00Z,60d9dba0-601f-427c-b57c-35fbac327bf2,Gate opening,BUD2MEX41.CG310.XJ02,69.00818083139178,%
2026-06-30T10:00:00Z,60d9dba0-601f-427c-b57c-35fbac327bf2,Gate opening,BUD2MEX41.CG310.XJ02,62.83262570699056,%
2026-06-30T09:00:00Z,60d9dba0-601f-427c-b57c-35fbac327bf2,Gate opening,BUD2MEX41.CG310.XJ02,50.656081099338024,%
2026-07-30T09:00:00Z,239635e3-4297-44bf-acd5-b49a6128b3ad,Runner blade position,BUD2MEX42.CG310.XJ12,36.18840998719759,%
2026-07-30T08:00:00Z,239635e3-4297-44bf-acd5-b49a6128b3ad,Runner blade position,BUD2MEX42.CG310.XJ12,36.98871920479669,%
2026-07-30T07:00:00Z,239635e3-4297-44bf-acd5-b49a6128b3ad,Runner blade position,BUD2MEX42.CG310.XJ12,36.68580469343397,%
2026-07-30T06:00:00Z,239635e3-4297-44bf-acd5-b49a6128b3ad,Runner blade position,BUD2MEX42.CG310.XJ12,36.604218918194434,%
2026-07-30T05:00:00Z,239635e3-4297-44bf-acd5-b49a6128b3ad,Runner blade position,BUD2MEX42.CG310.XJ12,36.47534193886651,%
2026-07-30T04:00:00Z,239635e3-4297-44bf-acd5-b49a6128b3ad,Runner blade position,BUD2MEX42.CG310.XJ12,36.31061507729174,%
2026-07-30T03:00:00Z,239635e3-4297-44bf-acd5-b49a6128b3ad,Runner blade position,BUD2MEX42.CG310.XJ12,15.029890411165026,%
2026-07-30T02:00:00Z,239635e3-4297-44bf-acd5-b49a6128b3ad,Runner blade position,BUD2MEX42.CG310.XJ12,10.378857625855339,%
2026-07-30T01:00:00Z,239635e3-4297-44bf-acd5-b49a6128b3ad,Runner blade position,BUD2MEX42.CG310.XJ12,10.413404773606194,%
2026-07-30T00:00:00Z,239635e3-4297-44bf-acd5-b49a6128b3ad,Runner blade position,BUD2MEX42.CG310.XJ12,10.495539817280239,%
2026-07-29T23:00:00Z,239635e3-4297-44bf-acd5-b49a6128b3ad,Runner blade position,BUD2MEX42.CG310.XJ12,12.810871736208599,%
2026-07-29T22:00:00Z,239635e3-4297-44bf-acd5-b49a6128b3ad,Runner blade position,BUD2MEX42.CG310.XJ12,26.044491895569696,%
2026-07-29T21:00:00Z,239635e3-4297-44bf-acd5-b49a6128b3ad,Runner blade position,BUD2MEX42.CG310.XJ12,35.37756686528524,%
2026-07-29T20:00:00Z,239635e3-4297-44bf-acd5-b49a6128b3ad,Runner blade position,BUD2MEX42.CG310.XJ12,39.42549929955457,%
2026-07-29T19:00:00Z,239635e3-4297-44bf-acd5-b49a6128b3ad,Runner blade position,BUD2MEX42.CG310.XJ12,44.782002743615045,%
2026-07-29T18:00:00Z,239635e3-4297-44bf-acd5-b49a6128b3ad,Runner blade position,BUD2MEX42.CG310.XJ12,43.60400937186347,%
2026-07-29T17:00:00Z,239635e3-4297-44bf-acd5-b49a6128b3ad,Runner blade position,BUD2MEX42.CG310.XJ12,33.71826890528349,%
2026-07-29T16:00:00Z,239635e3-4297-44bf-acd5-b49a6128b3ad,Runner blade position,BUD2MEX42.CG310.XJ12,35.83979972381763,%
2026-07-29T15:00:00Z,239635e3-4297-44bf-acd5-b49a6128b3ad,Runner blade position,BUD2MEX42.CG310.XJ12,36.06453310012817,%
2026-07-29T14:00:00Z,239635e3-4297-44bf-acd5-b49a6128b3ad,Runner blade position,BUD2MEX42.CG310.XJ12,38.79245825873481,%
2026-07-29T13:00:00Z,239635e3-4297-44bf-acd5-b49a6128b3ad,Runner blade position,BUD2MEX42.CG310.XJ12,52.81267968729644,%
2026-07-29T12:00:00Z,239635e3-4297-44bf-acd5-b49a6128b3ad,Runner blade position,BUD2MEX42.CG310.XJ12,51.79516306771173,%
2026-07-29T11:00:00Z,239635e3-4297-44bf-acd5-b49a6128b3ad,Runner blade position,BUD2MEX42.CG310.XJ12,41.77904690206548,%
2026-07-29T10:00:00Z,239635e3-4297-44bf-acd5-b49a6128b3ad,Runner blade position,BUD2MEX42.CG310.XJ12,37.55049195978376,%
2026-07-29T09:00:00Z,239635e3-4297-44bf-acd5-b49a6128b3ad,Runner blade position,BUD2MEX42.CG310.XJ12,50.83370599322849,%
2026-07-29T08:00:00Z,239635e3-4297-44bf-acd5-b49a6128b3ad,Runner blade position,BUD2MEX42.CG310.XJ12,42.00142431338672,%
2026-07-29T07:00:00Z,239635e3-4297-44bf-acd5-b49a6128b3ad,Runner blade position,BUD2MEX42.CG310.XJ12,46.908215607537166,%
2026-07-29T06:00:00Z,239635e3-4297-44bf-acd5-b49a6128b3ad,Runner blade position,BUD2MEX42.CG310.XJ12,48.047469489839344,%
2026-07-29T05:00:00Z,239635e3-4297-44bf-acd5-b49a6128b3ad,Runner blade position,BUD2MEX42.CG310.XJ12,13.67279970791443,%
2026-07-29T04:00:00Z,239635e3-4297-44bf-acd5-b49a6128b3ad,Runner blade position,BUD2MEX42.CG310.XJ12,10.277469641901241,%
2026-07-29T03:00:00Z,239635e3-4297-44bf-acd5-b49a6128b3ad,Runner blade position,BUD2MEX42.CG310.XJ12,13.748037959389524,%
2026-07-29T02:00:00Z,239635e3-4297-44bf-acd5-b49a6128b3ad,Runner blade position,BUD2MEX42.CG310.XJ12,29.24350701438056,%
2026-07-29T01:00:00Z,239635e3-4297-44bf-acd5-b49a6128b3ad,Runner blade position,BUD2MEX42.CG310.XJ12,34.881677085028755,%
2026-07-29T00:00:00Z,239635e3-4297-44bf-acd5-b49a6128b3ad,Runner blade position,BUD2MEX42.CG310.XJ12,44.10717385821872,%
2026-07-28T23:00:00Z,239635e3-4297-44bf-acd5-b49a6128b3ad,Runner blade position,BUD2MEX42.CG310.XJ12,52.36890196574934,%
2026-07-28T22:00:00Z,239635e3-4297-44bf-acd5-b49a6128b3ad,Runner blade position,BUD2MEX42.CG310.XJ12,52.146408282497845,%
2026-07-28T21:00:00Z,239635e3-4297-44bf-acd5-b49a6128b3ad,Runner blade position,BUD2MEX42.CG310.XJ12,51.68403481801351,%
2026-07-28T20:00:00Z,239635e3-4297-44bf-acd5-b49a6128b3ad,Runner blade position,BUD2MEX42.CG310.XJ12,35.495042363515765,%
2026-07-28T19:00:00Z,239635e3-4297-44bf-acd5-b49a6128b3ad,Runner blade position,BUD2MEX42.CG310.XJ12,36.23928341123793,%
2026-07-28T18:00:00Z,239635e3-4297-44bf-acd5-b49a6128b3ad,Runner blade position,BUD2MEX42.CG310.XJ12,38.54319439284201,%
2026-07-28T17:00:00Z,239635e3-4297-44bf-acd5-b49a6128b3ad,Runner blade position,BUD2MEX42.CG310.XJ12,17.541848454854012,%
2026-07-28T16:00:00Z,239635e3-4297-44bf-acd5-b49a6128b3ad,Runner blade position,BUD2MEX42.CG310.XJ12,32.53043012301127,%
2026-07-28T15:00:00Z,239635e3-4297-44bf-acd5-b49a6128b3ad,Runner blade position,BUD2MEX42.CG310.XJ12,33.63362456719832,%
2026-07-28T14:00:00Z,239635e3-4297-44bf-acd5-b49a6128b3ad,Runner blade position,BUD2MEX42.CG310.XJ12,44.87008287959629,%
2026-07-28T13:00:00Z,239635e3-4297-44bf-acd5-b49a6128b3ad,Runner blade position,BUD2MEX42.CG310.XJ12,56.62807818927521,%
2026-07-28T12:00:00Z,239635e3-4297-44bf-acd5-b49a6128b3ad,Runner blade position,BUD2MEX42.CG310.XJ12,61.66898008370943,%
2026-07-28T11:00:00Z,239635e3-4297-44bf-acd5-b49a6128b3ad,Runner blade position,BUD2MEX42.CG310.XJ12,51.037383499145506,%
2026-07-28T10:00:00Z,239635e3-4297-44bf-acd5-b49a6128b3ad,Runner blade position,BUD2MEX42.CG310.XJ12,40.614089796278215,%
2026-07-28T09:00:00Z,239635e3-4297-44bf-acd5-b49a6128b3ad,Runner blade position,BUD2MEX42.CG310.XJ12,35.33903349558512,%
2026-07-28T08:00:00Z,239635e3-4297-44bf-acd5-b49a6128b3ad,Runner blade position,BUD2MEX42.CG310.XJ12,51.44928690592448,%
2026-07-28T07:00:00Z,239635e3-4297-44bf-acd5-b49a6128b3ad,Runner blade position,BUD2MEX42.CG310.XJ12,45.50924348645637,%
2026-07-28T06:00:00Z,239635e3-4297-44bf-acd5-b49a6128b3ad,Runner blade position,BUD2MEX42.CG310.XJ12,41.48325912153277,%
2026-07-28T05:00:00Z,239635e3-4297-44bf-acd5-b49a6128b3ad,Runner blade position,BUD2MEX42.CG310.XJ12,37.78311588287354,%
2026-07-28T04:00:00Z,239635e3-4297-44bf-acd5-b49a6128b3ad,Runner blade position,BUD2MEX42.CG310.XJ12,32.37344306839837,%
2026-07-28T03:00:00Z,239635e3-4297-44bf-acd5-b49a6128b3ad,Runner blade position,BUD2MEX42.CG310.XJ12,15.836615185417248,%
2026-07-28T02:00:00Z,239635e3-4297-44bf-acd5-b49a6128b3ad,Runner blade position,BUD2MEX42.CG310.XJ12,13.415064803229438,%
2026-07-28T01:00:00Z,239635e3-4297-44bf-acd5-b49a6128b3ad,Runner blade position,BUD2MEX42.CG310.XJ12,11.538253740734524,%
2026-07-28T00:00:00Z,239635e3-4297-44bf-acd5-b49a6128b3ad,Runner blade position,BUD2MEX42.CG310.XJ12,12.544801592826843,%
2026-07-27T23:00:00Z,239635e3-4297-44bf-acd5-b49a6128b3ad,Runner blade position,BUD2MEX42.CG310.XJ12,10.331762340863547,%
2026-07-27T22:00:00Z,239635e3-4297-44bf-acd5-b49a6128b3ad,Runner blade position,BUD2MEX42.CG310.XJ12,10.405838254557716,%
2026-07-27T21:00:00Z,239635e3-4297-44bf-acd5-b49a6128b3ad,Runner blade position,BUD2MEX42.CG310.XJ12,21.62993706597222,%
2026-07-27T20:00:00Z,239635e3-4297-44bf-acd5-b49a6128b3ad,Runner blade position,BUD2MEX42.CG310.XJ12,26.749314720594864,%
2026-07-27T19:00:00Z,239635e3-4297-44bf-acd5-b49a6128b3ad,Runner blade position,BUD2MEX42.CG310.XJ12,18.63053326394823,%
2026-07-27T18:00:00Z,239635e3-4297-44bf-acd5-b49a6128b3ad,Runner blade position,BUD2MEX42.CG310.XJ12,15.92907722848465,%
2026-07-27T17:00:00Z,239635e3-4297-44bf-acd5-b49a6128b3ad,Runner blade position,BUD2MEX42.CG310.XJ12,12.429764945351991,%
2026-07-27T16:00:00Z,239635e3-4297-44bf-acd5-b49a6128b3ad,Runner blade position,BUD2MEX42.CG310.XJ12,22.194791973531743,%
2026-07-27T15:00:00Z,239635e3-4297-44bf-acd5-b49a6128b3ad,Runner blade position,BUD2MEX42.CG310.XJ12,28.599826432122597,%
2026-07-27T14:00:00Z,239635e3-4297-44bf-acd5-b49a6128b3ad,Runner blade position,BUD2MEX42.CG310.XJ12,31.483719976213244,%
2026-07-27T13:00:00Z,239635e3-4297-44bf-acd5-b49a6128b3ad,Runner blade position,BUD2MEX42.CG310.XJ12,70.94050537533231,%
2026-07-27T12:00:00Z,239635e3-4297-44bf-acd5-b49a6128b3ad,Runner blade position,BUD2MEX42.CG310.XJ12,48.93092776404487,%
2026-07-27T11:00:00Z,239635e3-4297-44bf-acd5-b49a6128b3ad,Runner blade position,BUD2MEX42.CG310.XJ12,28.387542266845703,%
2026-07-27T10:00:00Z,239635e3-4297-44bf-acd5-b49a6128b3ad,Runner blade position,BUD2MEX42.CG310.XJ12,34.974020919799806,%
2026-07-27T09:00:00Z,239635e3-4297-44bf-acd5-b49a6128b3ad,Runner blade position,BUD2MEX42.CG310.XJ12,49.85540230980577,%
2026-07-27T08:00:00Z,239635e3-4297-44bf-acd5-b49a6128b3ad,Runner blade position,BUD2MEX42.CG310.XJ12,33.737230735354956,%
2026-07-27T07:00:00Z,239635e3-4297-44bf-acd5-b49a6128b3ad,Runner blade position,BUD2MEX42.CG310.XJ12,10.896218706766764,%
2026-07-27T06:00:00Z,239635e3-4297-44bf-acd5-b49a6128b3ad,Runner blade position,BUD2MEX42.CG310.XJ12,10.263787735833063,%
2026-07-27T05:00:00Z,239635e3-4297-44bf-acd5-b49a6128b3ad,Runner blade position,BUD2MEX42.CG310.XJ12,10.246078448295593,%
2026-07-27T04:00:00Z,239635e3-4297-44bf-acd5-b49a6128b3ad,Runner blade position,BUD2MEX42.CG310.XJ12,10.212831277317472,%
2026-07-27T03:00:00Z,239635e3-4297-44bf-acd5-b49a6128b3ad,Runner blade position,BUD2MEX42.CG310.XJ12,10.16953897052341,%
2026-07-27T02:00:00Z,239635e3-4297-44bf-acd5-b49a6128b3ad,Runner blade position,BUD2MEX42.CG310.XJ12,10.18494129339854,%
2026-07-27T01:00:00Z,239635e3-4297-44bf-acd5-b49a6128b3ad,Runner blade position,BUD2MEX42.CG310.XJ12,10.189246178202865,%
2026-07-27T00:00:00Z,239635e3-4297-44bf-acd5-b49a6128b3ad,Runner blade position,BUD2MEX42.CG310.XJ12,10.461013566388024,%
2026-07-26T23:00:00Z,239635e3-4297-44bf-acd5-b49a6128b3ad,Runner blade position,BUD2MEX42.CG310.XJ12,30.59337177965376,%
2026-07-26T22:00:00Z,239635e3-4297-44bf-acd5-b49a6128b3ad,Runner blade position,BUD2MEX42.CG310.XJ12,26.387438838746814,%
2026-07-26T21:00:00Z,239635e3-4297-44bf-acd5-b49a6128b3ad,Runner blade position,BUD2MEX42.CG310.XJ12,41.92767589075026,%
2026-07-26T20:00:00Z,239635e3-4297-44bf-acd5-b49a6128b3ad,Runner blade position,BUD2MEX42.CG310.XJ12,40.98487304581536,%
2026-07-26T19:00:00Z,239635e3-4297-44bf-acd5-b49a6128b3ad,Runner blade position,BUD2MEX42.CG310.XJ12,24.449765572752007,%
2026-07-26T18:00:00Z,239635e3-4297-44bf-acd5-b49a6128b3ad,Runner blade position,BUD2MEX42.CG310.XJ12,23.537812717225815,%
2026-07-26T17:00:00Z,239635e3-4297-44bf-acd5-b49a6128b3ad,Runner blade position,BUD2MEX42.CG310.XJ12,16.90363031867612,%
2026-07-26T16:00:00Z,239635e3-4297-44bf-acd5-b49a6128b3ad,Runner blade position,BUD2MEX42.CG310.XJ12,20.72126007027096,%
2026-07-26T15:00:00Z,239635e3-4297-44bf-acd5-b49a6128b3ad,Runner blade position,BUD2MEX42.CG310.XJ12,46.92148239576797,%
2026-07-26T14:00:00Z,239635e3-4297-44bf-acd5-b49a6128b3ad,Runner blade position,BUD2MEX42.CG310.XJ12,54.93217379252116,%
2026-07-26T13:00:00Z,239635e3-4297-44bf-acd5-b49a6128b3ad,Runner blade position,BUD2MEX42.CG310.XJ12,81.79493962605794,%
2026-07-26T12:00:00Z,239635e3-4297-44bf-acd5-b49a6128b3ad,Runner blade position,BUD2MEX42.CG310.XJ12,81.54916445873657,%
2026-07-26T11:00:00Z,239635e3-4297-44bf-acd5-b49a6128b3ad,Runner blade position,BUD2MEX42.CG310.XJ12,54.19098230785794,%
2026-07-26T10:00:00Z,239635e3-4297-44bf-acd5-b49a6128b3ad,Runner blade position,BUD2MEX42.CG310.XJ12,47.93140467537774,%
2026-07-26T09:00:00Z,239635e3-4297-44bf-acd5-b49a6128b3ad,Runner blade position,BUD2MEX42.CG310.XJ12,47.9248942205641,%
2026-07-26T08:00:00Z,239635e3-4297-44bf-acd5-b49a6128b3ad,Runner blade position,BUD2MEX42.CG310.XJ12,41.81610337787205,%
2026-07-26T07:00:00Z,239635e3-4297-44bf-acd5-b49a6128b3ad,Runner blade position,BUD2MEX42.CG310.XJ12,33.17679314931234,%
2026-07-26T06:00:00Z,239635e3-4297-44bf-acd5-b49a6128b3ad,Runner blade position,BUD2MEX42.CG310.XJ12,31.273646907806395,%
2026-07-26T05:00:00Z,239635e3-4297-44bf-acd5-b49a6128b3ad,Runner blade position,BUD2MEX42.CG310.XJ12,27.268730911678738,%
2026-07-26T04:00:00Z,239635e3-4297-44bf-acd5-b49a6128b3ad,Runner blade position,BUD2MEX42.CG310.XJ12,27.41877317852444,%
2026-07-26T03:00:00Z,239635e3-4297-44bf-acd5-b49a6128b3ad,Runner blade position,BUD2MEX42.CG310.XJ12,42.75588223457336,%
2026-07-26T02:00:00Z,239635e3-4297-44bf-acd5-b49a6128b3ad,Runner blade position,BUD2MEX42.CG310.XJ12,43.026137629239145,%
2026-07-26T01:00:00Z,239635e3-4297-44bf-acd5-b49a6128b3ad,Runner blade position,BUD2MEX42.CG310.XJ12,46.49271508958605,%
2026-07-26T00:00:00Z,239635e3-4297-44bf-acd5-b49a6128b3ad,Runner blade position,BUD2MEX42.CG310.XJ12,47.021349665323896,%
2026-07-25T23:00:00Z,239635e3-4297-44bf-acd5-b49a6128b3ad,Runner blade position,BUD2MEX42.CG310.XJ12,50.50853602585695,%
2026-07-25T22:00:00Z,239635e3-4297-44bf-acd5-b49a6128b3ad,Runner blade position,BUD2MEX42.CG310.XJ12,51.046467503817496,%
2026-07-25T21:00:00Z,239635e3-4297-44bf-acd5-b49a6128b3ad,Runner blade position,BUD2MEX42.CG310.XJ12,59.97006522920397,%
2026-07-25T20:00:00Z,239635e3-4297-44bf-acd5-b49a6128b3ad,Runner blade position,BUD2MEX42.CG310.XJ12,56.41356607860989,%
2026-07-25T19:00:00Z,239635e3-4297-44bf-acd5-b49a6128b3ad,Runner blade position,BUD2MEX42.CG310.XJ12,52.46437558280097,%
2026-07-25T18:00:00Z,239635e3-4297-44bf-acd5-b49a6128b3ad,Runner blade position,BUD2MEX42.CG310.XJ12,50.55335854980401,%
2026-07-25T17:00:00Z,239635e3-4297-44bf-acd5-b49a6128b3ad,Runner blade position,BUD2MEX42.CG310.XJ12,50.62582993189494,%
2026-07-25T16:00:00Z,239635e3-4297-44bf-acd5-b49a6128b3ad,Runner blade position,BUD2MEX42.CG310.XJ12,50.62004252963596,%
2026-07-25T15:00:00Z,239635e3-4297-44bf-acd5-b49a6128b3ad,Runner blade position,BUD2MEX42.CG310.XJ12,51.18906078974406,%
2026-07-25T14:00:00Z,239635e3-4297-44bf-acd5-b49a6128b3ad,Runner blade position,BUD2MEX42.CG310.XJ12,54.01929205788507,%
2026-07-25T13:00:00Z,239635e3-4297-44bf-acd5-b49a6128b3ad,Runner blade position,BUD2MEX42.CG310.XJ12,54.15008320153721,%
2026-07-25T12:00:00Z,239635e3-4297-44bf-acd5-b49a6128b3ad,Runner blade position,BUD2MEX42.CG310.XJ12,67.09080541842907,%
2026-07-25T11:00:00Z,239635e3-4297-44bf-acd5-b49a6128b3ad,Runner blade position,BUD2MEX42.CG310.XJ12,68.36399918450249,%
2026-07-25T10:00:00Z,239635e3-4297-44bf-acd5-b49a6128b3ad,Runner blade position,BUD2MEX42.CG310.XJ12,42.723931310441756,%
2026-07-25T09:00:00Z,239635e3-4297-44bf-acd5-b49a6128b3ad,Runner blade position,BUD2MEX42.CG310.XJ12,12.689942617946201,%
2026-07-25T08:00:00Z,239635e3-4297-44bf-acd5-b49a6128b3ad,Runner blade position,BUD2MEX42.CG310.XJ12,12.717513493961759,%
2026-07-25T07:00:00Z,239635e3-4297-44bf-acd5-b49a6128b3ad,Runner blade position,BUD2MEX42.CG310.XJ12,12.723491735458374,%
2026-07-25T06:00:00Z,239635e3-4297-44bf-acd5-b49a6128b3ad,Runner blade position,BUD2MEX42.CG310.XJ12,12.689584994991996,%
2026-07-25T05:00:00Z,239635e3-4297-44bf-acd5-b49a6128b3ad,Runner blade position,BUD2MEX42.CG310.XJ12,12.700209702385797,%
2026-07-25T04:00:00Z,239635e3-4297-44bf-acd5-b49a6128b3ad,Runner blade position,BUD2MEX42.CG310.XJ12,12.40892741309272,%
2026-07-25T03:00:00Z,239635e3-4297-44bf-acd5-b49a6128b3ad,Runner blade position,BUD2MEX42.CG310.XJ12,18.333832920392354,%
2026-07-25T02:00:00Z,239635e3-4297-44bf-acd5-b49a6128b3ad,Runner blade position,BUD2MEX42.CG310.XJ12,16.990520108540853,%
2026-07-25T01:00:00Z,239635e3-4297-44bf-acd5-b49a6128b3ad,Runner blade position,BUD2MEX42.CG310.XJ12,17.035916223526,%
2026-07-25T00:00:00Z,239635e3-4297-44bf-acd5-b49a6128b3ad,Runner blade position,BUD2MEX42.CG310.XJ12,19.655342019399008,%
2026-07-24T23:00:00Z,239635e3-4297-44bf-acd5-b49a6128b3ad,Runner blade position,BUD2MEX42.CG310.XJ12,24.567042395273845,%
2026-07-24T22:00:00Z,239635e3-4297-44bf-acd5-b49a6128b3ad,Runner blade position,BUD2MEX42.CG310.XJ12,40.29934965557522,%
2026-07-24T21:00:00Z,239635e3-4297-44bf-acd5-b49a6128b3ad,Runner blade position,BUD2MEX42.CG310.XJ12,40.454812650013714,%
2026-07-24T20:00:00Z,239635e3-4297-44bf-acd5-b49a6128b3ad,Runner blade position,BUD2MEX42.CG310.XJ12,40.621975330776635,%
2026-07-24T19:00:00Z,239635e3-4297-44bf-acd5-b49a6128b3ad,Runner blade position,BUD2MEX42.CG310.XJ12,52.170128926171195,%
2026-07-24T18:00:00Z,239635e3-4297-44bf-acd5-b49a6128b3ad,Runner blade position,BUD2MEX42.CG310.XJ12,64.45115529655482,%
2026-07-24T17:00:00Z,239635e3-4297-44bf-acd5-b49a6128b3ad,Runner blade position,BUD2MEX42.CG310.XJ12,59.0811922095629,%
2026-07-24T16:00:00Z,239635e3-4297-44bf-acd5-b49a6128b3ad,Runner blade position,BUD2MEX42.CG310.XJ12,41.092360977596705,%
2026-07-24T15:00:00Z,239635e3-4297-44bf-acd5-b49a6128b3ad,Runner blade position,BUD2MEX42.CG310.XJ12,39.748630460138656,%
2026-07-24T14:00:00Z,239635e3-4297-44bf-acd5-b49a6128b3ad,Runner blade position,BUD2MEX42.CG310.XJ12,49.720149334068424,%
2026-07-24T13:00:00Z,239635e3-4297-44bf-acd5-b49a6128b3ad,Runner blade position,BUD2MEX42.CG310.XJ12,60.26039291899227,%
2026-07-24T12:00:00Z,239635e3-4297-44bf-acd5-b49a6128b3ad,Runner blade position,BUD2MEX42.CG310.XJ12,60.27391700172742,%
2026-07-24T11:00:00Z,239635e3-4297-44bf-acd5-b49a6128b3ad,Runner blade position,BUD2MEX42.CG310.XJ12,65.06686494827271,%
2026-07-24T10:00:00Z,239635e3-4297-44bf-acd5-b49a6128b3ad,Runner blade position,BUD2MEX42.CG310.XJ12,66.28734250858973,%
2026-07-24T09:00:00Z,239635e3-4297-44bf-acd5-b49a6128b3ad,Runner blade position,BUD2MEX42.CG310.XJ12,62.45717028299968,%
2026-07-24T08:00:00Z,239635e3-4297-44bf-acd5-b49a6128b3ad,Runner blade position,BUD2MEX42.CG310.XJ12,73.13665242773274,%
2026-07-24T07:00:00Z,239635e3-4297-44bf-acd5-b49a6128b3ad,Runner blade position,BUD2MEX42.CG310.XJ12,42.234948308732776,%
2026-07-24T06:00:00Z,239635e3-4297-44bf-acd5-b49a6128b3ad,Runner blade position,BUD2MEX42.CG310.XJ12,30.860078159968058,%
2026-07-24T05:00:00Z,239635e3-4297-44bf-acd5-b49a6128b3ad,Runner blade position,BUD2MEX42.CG310.XJ12,28.95104015886221,%
2026-07-24T04:00:00Z,239635e3-4297-44bf-acd5-b49a6128b3ad,Runner blade position,BUD2MEX42.CG310.XJ12,25.76931273672316,%
2026-07-24T03:00:00Z,239635e3-4297-44bf-acd5-b49a6128b3ad,Runner blade position,BUD2MEX42.CG310.XJ12,28.694888676319472,%
2026-07-24T02:00:00Z,239635e3-4297-44bf-acd5-b49a6128b3ad,Runner blade position,BUD2MEX42.CG310.XJ12,27.066898116133466,%
2026-07-24T01:00:00Z,239635e3-4297-44bf-acd5-b49a6128b3ad,Runner blade position,BUD2MEX42.CG310.XJ12,28.027640540864734,%
2026-07-24T00:00:00Z,239635e3-4297-44bf-acd5-b49a6128b3ad,Runner blade position,BUD2MEX42.CG310.XJ12,30.77891653590732,%
2026-07-23T23:00:00Z,239635e3-4297-44bf-acd5-b49a6128b3ad,Runner blade position,BUD2MEX42.CG310.XJ12,35.13131383260091,%
2026-07-23T22:00:00Z,239635e3-4297-44bf-acd5-b49a6128b3ad,Runner blade position,BUD2MEX42.CG310.XJ12,47.80480368471889,%
2026-07-23T21:00:00Z,239635e3-4297-44bf-acd5-b49a6128b3ad,Runner blade position,BUD2MEX42.CG310.XJ12,54.34127421485053,%
2026-07-23T20:00:00Z,239635e3-4297-44bf-acd5-b49a6128b3ad,Runner blade position,BUD2MEX42.CG310.XJ12,63.04638077723708,%
2026-07-23T19:00:00Z,239635e3-4297-44bf-acd5-b49a6128b3ad,Runner blade position,BUD2MEX42.CG310.XJ12,82.26267573278788,%
2026-07-23T18:00:00Z,239635e3-4297-44bf-acd5-b49a6128b3ad,Runner blade position,BUD2MEX42.CG310.XJ12,82.15237373775906,%
2026-07-23T17:00:00Z,239635e3-4297-44bf-acd5-b49a6128b3ad,Runner blade position,BUD2MEX42.CG310.XJ12,79.30281032543172,%
2026-07-23T16:00:00Z,239635e3-4297-44bf-acd5-b49a6128b3ad,Runner blade position,BUD2MEX42.CG310.XJ12,66.36259245978461,%
2026-07-23T15:00:00Z,239635e3-4297-44bf-acd5-b49a6128b3ad,Runner blade position,BUD2MEX42.CG310.XJ12,71.82163057115343,%
2026-07-23T14:00:00Z,239635e3-4297-44bf-acd5-b49a6128b3ad,Runner blade position,BUD2MEX42.CG310.XJ12,75.7639174524943,%
2026-07-23T13:00:00Z,239635e3-4297-44bf-acd5-b49a6128b3ad,Runner blade position,BUD2MEX42.CG310.XJ12,76.9489861594306,%
2026-07-23T12:00:00Z,239635e3-4297-44bf-acd5-b49a6128b3ad,Runner blade position,BUD2MEX42.CG310.XJ12,82.40891389634874,%
2026-07-23T11:00:00Z,239635e3-4297-44bf-acd5-b49a6128b3ad,Runner blade position,BUD2MEX42.CG310.XJ12,81.8130693122902,%
2026-07-23T10:00:00Z,239635e3-4297-44bf-acd5-b49a6128b3ad,Runner blade position,BUD2MEX42.CG310.XJ12,81.54712276246812,%
2026-07-23T09:00:00Z,239635e3-4297-44bf-acd5-b49a6128b3ad,Runner blade position,BUD2MEX42.CG310.XJ12,47.83406920801473,%
2026-07-23T08:00:00Z,239635e3-4297-44bf-acd5-b49a6128b3ad,Runner blade position,BUD2MEX42.CG310.XJ12,53.42400027804904,%
2026-07-23T07:00:00Z,239635e3-4297-44bf-acd5-b49a6128b3ad,Runner blade position,BUD2MEX42.CG310.XJ12,43.59983175913493,%
2026-07-23T06:00:00Z,239635e3-4297-44bf-acd5-b49a6128b3ad,Runner blade position,BUD2MEX42.CG310.XJ12,40.508314259847005,%
2026-07-23T05:00:00Z,239635e3-4297-44bf-acd5-b49a6128b3ad,Runner blade position,BUD2MEX42.CG310.XJ12,23.935551217397055,%
2026-07-23T04:00:00Z,239635e3-4297-44bf-acd5-b49a6128b3ad,Runner blade position,BUD2MEX42.CG310.XJ12,16.976545634799532,%
2026-07-23T03:00:00Z,239635e3-4297-44bf-acd5-b49a6128b3ad,Runner blade position,BUD2MEX42.CG310.XJ12,20.715944496790566,%
2026-07-23T02:00:00Z,239635e3-4297-44bf-acd5-b49a6128b3ad,Runner blade position,BUD2MEX42.CG310.XJ12,34.29321544153151,%
2026-07-23T01:00:00Z,239635e3-4297-44bf-acd5-b49a6128b3ad,Runner blade position,BUD2MEX42.CG310.XJ12,49.73582194010417,%
2026-07-23T00:00:00Z,239635e3-4297-44bf-acd5-b49a6128b3ad,Runner blade position,BUD2MEX42.CG310.XJ12,81.45790471818712,%
2026-07-22T23:00:00Z,239635e3-4297-44bf-acd5-b49a6128b3ad,Runner blade position,BUD2MEX42.CG310.XJ12,64.37353183773904,%
2026-07-22T22:00:00Z,239635e3-4297-44bf-acd5-b49a6128b3ad,Runner blade position,BUD2MEX42.CG310.XJ12,51.78406203375922,%
2026-07-22T21:00:00Z,239635e3-4297-44bf-acd5-b49a6128b3ad,Runner blade position,BUD2MEX42.CG310.XJ12,23.97662816392051,%
2026-07-22T20:00:00Z,239635e3-4297-44bf-acd5-b49a6128b3ad,Runner blade position,BUD2MEX42.CG310.XJ12,58.981881296369764,%
2026-07-22T19:00:00Z,239635e3-4297-44bf-acd5-b49a6128b3ad,Runner blade position,BUD2MEX42.CG310.XJ12,65.13379592853099,%
2026-07-22T18:00:00Z,239635e3-4297-44bf-acd5-b49a6128b3ad,Runner blade position,BUD2MEX42.CG310.XJ12,74.13046924591065,%
2026-07-22T17:00:00Z,239635e3-4297-44bf-acd5-b49a6128b3ad,Runner blade position,BUD2MEX42.CG310.XJ12,81.79115259402464,%
2026-07-22T16:00:00Z,239635e3-4297-44bf-acd5-b49a6128b3ad,Runner blade position,BUD2MEX42.CG310.XJ12,81.6340102979872,%
2026-07-22T15:00:00Z,239635e3-4297-44bf-acd5-b49a6128b3ad,Runner blade position,BUD2MEX42.CG310.XJ12,60.901543159484866,%
2026-07-22T14:00:00Z,239635e3-4297-44bf-acd5-b49a6128b3ad,Runner blade position,BUD2MEX42.CG310.XJ12,48.53630989286635,%
2026-07-22T13:00:00Z,239635e3-4297-44bf-acd5-b49a6128b3ad,Runner blade position,BUD2MEX42.CG310.XJ12,51.745182235505844,%
2026-07-22T12:00:00Z,239635e3-4297-44bf-acd5-b49a6128b3ad,Runner blade position,BUD2MEX42.CG310.XJ12,81.06686937332154,%
2026-07-22T11:00:00Z,239635e3-4297-44bf-acd5-b49a6128b3ad,Runner blade position,BUD2MEX42.CG310.XJ12,44.40370049158732,%
2026-07-22T10:00:00Z,239635e3-4297-44bf-acd5-b49a6128b3ad,Runner blade position,BUD2MEX42.CG310.XJ12,33.88407408608331,%
2026-07-22T09:00:00Z,239635e3-4297-44bf-acd5-b49a6128b3ad,Runner blade position,BUD2MEX42.CG310.XJ12,39.481409613291426,%
2026-07-22T08:00:00Z,239635e3-4297-44bf-acd5-b49a6128b3ad,Runner blade position,BUD2MEX42.CG310.XJ12,39.48662682109409,%
2026-07-22T07:00:00Z,239635e3-4297-44bf-acd5-b49a6128b3ad,Runner blade position,BUD2MEX42.CG310.XJ12,10.743093778822157,%
2026-07-22T06:00:00Z,239635e3-4297-44bf-acd5-b49a6128b3ad,Runner blade position,BUD2MEX42.CG310.XJ12,10.492317184342278,%
2026-07-22T05:00:00Z,239635e3-4297-44bf-acd5-b49a6128b3ad,Runner blade position,BUD2MEX42.CG310.XJ12,10.53926539301806,%
2026-07-22T04:00:00Z,239635e3-4297-44bf-acd5-b49a6128b3ad,Runner blade position,BUD2MEX42.CG310.XJ12,10.52269944243961,%
2026-07-22T03:00:00Z,239635e3-4297-44bf-acd5-b49a6128b3ad,Runner blade position,BUD2MEX42.CG310.XJ12,10.475489379564921,%
2026-07-22T02:00:00Z,239635e3-4297-44bf-acd5-b49a6128b3ad,Runner blade position,BUD2MEX42.CG310.XJ12,10.48489240911272,%
2026-07-22T01:00:00Z,239635e3-4297-44bf-acd5-b49a6128b3ad,Runner blade position,BUD2MEX42.CG310.XJ12,10.61982991312397,%
2026-07-22T00:00:00Z,239635e3-4297-44bf-acd5-b49a6128b3ad,Runner blade position,BUD2MEX42.CG310.XJ12,12.089009212387932,%
2026-07-21T23:00:00Z,239635e3-4297-44bf-acd5-b49a6128b3ad,Runner blade position,BUD2MEX42.CG310.XJ12,48.55753896501329,%
2026-07-21T22:00:00Z,239635e3-4297-44bf-acd5-b49a6128b3ad,Runner blade position,BUD2MEX42.CG310.XJ12,52.672231129540336,%
2026-07-21T21:00:00Z,239635e3-4297-44bf-acd5-b49a6128b3ad,Runner blade position,BUD2MEX42.CG310.XJ12,52.627671570248076,%
2026-07-21T20:00:00Z,239635e3-4297-44bf-acd5-b49a6128b3ad,Runner blade position,BUD2MEX42.CG310.XJ12,59.39945740246521,%
2026-07-21T19:00:00Z,239635e3-4297-44bf-acd5-b49a6128b3ad,Runner blade position,BUD2MEX42.CG310.XJ12,60.044677340189615,%
2026-07-21T18:00:00Z,239635e3-4297-44bf-acd5-b49a6128b3ad,Runner blade position,BUD2MEX42.CG310.XJ12,78.43088300281102,%
2026-07-21T17:00:00Z,239635e3-4297-44bf-acd5-b49a6128b3ad,Runner blade position,BUD2MEX42.CG310.XJ12,30.58098148557875,%
2026-07-21T16:00:00Z,239635e3-4297-44bf-acd5-b49a6128b3ad,Runner blade position,BUD2MEX42.CG310.XJ12,14.672150727377998,%
2026-07-21T15:00:00Z,239635e3-4297-44bf-acd5-b49a6128b3ad,Runner blade position,BUD2MEX42.CG310.XJ12,27.911782683563658,%
2026-07-21T14:00:00Z,239635e3-4297-44bf-acd5-b49a6128b3ad,Runner blade position,BUD2MEX42.CG310.XJ12,38.57603324466282,%
2026-07-21T13:00:00Z,239635e3-4297-44bf-acd5-b49a6128b3ad,Runner blade position,BUD2MEX42.CG310.XJ12,12.942688437037997,%
2026-07-21T12:00:00Z,239635e3-4297-44bf-acd5-b49a6128b3ad,Runner blade position,BUD2MEX42.CG310.XJ12,11.683646991915174,%
2026-07-21T11:00:00Z,239635e3-4297-44bf-acd5-b49a6128b3ad,Runner blade position,BUD2MEX42.CG310.XJ12,69.72784048292372,%
2026-07-21T10:00:00Z,239635e3-4297-44bf-acd5-b49a6128b3ad,Runner blade position,BUD2MEX42.CG310.XJ12,69.81615242428249,%
2026-07-21T09:00:00Z,239635e3-4297-44bf-acd5-b49a6128b3ad,Runner blade position,BUD2MEX42.CG310.XJ12,61.11082874086168,%
2026-07-21T08:00:00Z,239635e3-4297-44bf-acd5-b49a6128b3ad,Runner blade position,BUD2MEX42.CG310.XJ12,46.892163297865125,%
2026-07-21T07:00:00Z,239635e3-4297-44bf-acd5-b49a6128b3ad,Runner blade position,BUD2MEX42.CG310.XJ12,32.796320582495795,%
2026-07-21T06:00:00Z,239635e3-4297-44bf-acd5-b49a6128b3ad,Runner blade position,BUD2MEX42.CG310.XJ12,26.041880416870118,%
2026-07-21T05:00:00Z,239635e3-4297-44bf-acd5-b49a6128b3ad,Runner blade position,BUD2MEX42.CG310.XJ12,10.477574432207652,%
2026-07-21T04:00:00Z,239635e3-4297-44bf-acd5-b49a6128b3ad,Runner blade position,BUD2MEX42.CG310.XJ12,10.286951734224955,%
2026-07-21T03:00:00Z,239635e3-4297-44bf-acd5-b49a6128b3ad,Runner blade position,BUD2MEX42.CG310.XJ12,10.503992036448585,%
2026-07-21T02:00:00Z,239635e3-4297-44bf-acd5-b49a6128b3ad,Runner blade position,BUD2MEX42.CG310.XJ12,24.33402592341105,%
2026-07-21T01:00:00Z,239635e3-4297-44bf-acd5-b49a6128b3ad,Runner blade position,BUD2MEX42.CG310.XJ12,17.75109955414989,%
2026-07-21T00:00:00Z,239635e3-4297-44bf-acd5-b49a6128b3ad,Runner blade position,BUD2MEX42.CG310.XJ12,18.24149094051785,%
2026-07-20T23:00:00Z,239635e3-4297-44bf-acd5-b49a6128b3ad,Runner blade position,BUD2MEX42.CG310.XJ12,52.39051042344835,%
2026-07-20T22:00:00Z,239635e3-4297-44bf-acd5-b49a6128b3ad,Runner blade position,BUD2MEX42.CG310.XJ12,69.19009544584486,%
2026-07-20T21:00:00Z,239635e3-4297-44bf-acd5-b49a6128b3ad,Runner blade position,BUD2MEX42.CG310.XJ12,81.40666760650855,%
2026-07-20T20:00:00Z,239635e3-4297-44bf-acd5-b49a6128b3ad,Runner blade position,BUD2MEX42.CG310.XJ12,65.94839991961273,%
2026-07-20T19:00:00Z,239635e3-4297-44bf-acd5-b49a6128b3ad,Runner blade position,BUD2MEX42.CG310.XJ12,65.67550303988986,%
2026-07-20T18:00:00Z,239635e3-4297-44bf-acd5-b49a6128b3ad,Runner blade position,BUD2MEX42.CG310.XJ12,60.749248061709935,%
2026-07-20T17:00:00Z,239635e3-4297-44bf-acd5-b49a6128b3ad,Runner blade position,BUD2MEX42.CG310.XJ12,20.998406921511826,%
2026-07-20T16:00:00Z,239635e3-4297-44bf-acd5-b49a6128b3ad,Runner blade position,BUD2MEX42.CG310.XJ12,39.937791182200115,%
2026-07-20T15:00:00Z,239635e3-4297-44bf-acd5-b49a6128b3ad,Runner blade position,BUD2MEX42.CG310.XJ12,44.74589686711629,%
2026-07-20T14:00:00Z,239635e3-4297-44bf-acd5-b49a6128b3ad,Runner blade position,BUD2MEX42.CG310.XJ12,49.95045663304565,%
2026-07-20T13:00:00Z,239635e3-4297-44bf-acd5-b49a6128b3ad,Runner blade position,BUD2MEX42.CG310.XJ12,56.380797443887644,%
2026-07-20T12:00:00Z,239635e3-4297-44bf-acd5-b49a6128b3ad,Runner blade position,BUD2MEX42.CG310.XJ12,59.11491174151859,%
2026-07-20T11:00:00Z,239635e3-4297-44bf-acd5-b49a6128b3ad,Runner blade position,BUD2MEX42.CG310.XJ12,71.52142866346571,%
2026-07-20T10:00:00Z,239635e3-4297-44bf-acd5-b49a6128b3ad,Runner blade position,BUD2MEX42.CG310.XJ12,81.45649518442445,%
2026-07-20T09:00:00Z,239635e3-4297-44bf-acd5-b49a6128b3ad,Runner blade position,BUD2MEX42.CG310.XJ12,54.58114351484511,%
2026-07-20T08:00:00Z,239635e3-4297-44bf-acd5-b49a6128b3ad,Runner blade position,BUD2MEX42.CG310.XJ12,31.149590887183148,%
2026-07-20T07:00:00Z,239635e3-4297-44bf-acd5-b49a6128b3ad,Runner blade position,BUD2MEX42.CG310.XJ12,54.25402303695679,%
2026-07-20T06:00:00Z,239635e3-4297-44bf-acd5-b49a6128b3ad,Runner blade position,BUD2MEX42.CG310.XJ12,10.847626037957733,%
2026-07-20T05:00:00Z,239635e3-4297-44bf-acd5-b49a6128b3ad,Runner blade position,BUD2MEX42.CG310.XJ12,12.219760147845367,%
2026-07-20T04:00:00Z,239635e3-4297-44bf-acd5-b49a6128b3ad,Runner blade position,BUD2MEX42.CG310.XJ12,51.33845991558499,%
2026-07-20T03:00:00Z,239635e3-4297-44bf-acd5-b49a6128b3ad,Runner blade position,BUD2MEX42.CG310.XJ12,55.833712994720834,%
2026-07-20T02:00:00Z,239635e3-4297-44bf-acd5-b49a6128b3ad,Runner blade position,BUD2MEX42.CG310.XJ12,11.828571140501234,%
2026-07-20T01:00:00Z,239635e3-4297-44bf-acd5-b49a6128b3ad,Runner blade position,BUD2MEX42.CG310.XJ12,12.015289600690206,%
2026-07-20T00:00:00Z,239635e3-4297-44bf-acd5-b49a6128b3ad,Runner blade position,BUD2MEX42.CG310.XJ12,20.914650207489878,%
2026-07-19T23:00:00Z,239635e3-4297-44bf-acd5-b49a6128b3ad,Runner blade position,BUD2MEX42.CG310.XJ12,36.7950300110711,%
2026-07-19T22:00:00Z,239635e3-4297-44bf-acd5-b49a6128b3ad,Runner blade position,BUD2MEX42.CG310.XJ12,36.87889639306824,%
2026-07-19T21:00:00Z,239635e3-4297-44bf-acd5-b49a6128b3ad,Runner blade position,BUD2MEX42.CG310.XJ12,41.18095776663886,%
2026-07-19T20:00:00Z,239635e3-4297-44bf-acd5-b49a6128b3ad,Runner blade position,BUD2MEX42.CG310.XJ12,55.878347085316975,%
2026-07-19T19:00:00Z,239635e3-4297-44bf-acd5-b49a6128b3ad,Runner blade position,BUD2MEX42.CG310.XJ12,47.946133047739664,%
2026-07-19T18:00:00Z,239635e3-4297-44bf-acd5-b49a6128b3ad,Runner blade position,BUD2MEX42.CG310.XJ12,36.5085960176256,%
2026-07-19T17:00:00Z,239635e3-4297-44bf-acd5-b49a6128b3ad,Runner blade position,BUD2MEX42.CG310.XJ12,22.64963125731709,%
2026-07-19T16:00:00Z,239635e3-4297-44bf-acd5-b49a6128b3ad,Runner blade position,BUD2MEX42.CG310.XJ12,17.66986872990926,%
2026-07-19T15:00:00Z,239635e3-4297-44bf-acd5-b49a6128b3ad,Runner blade position,BUD2MEX42.CG310.XJ12,30.417991948657566,%
2026-07-19T14:00:00Z,239635e3-4297-44bf-acd5-b49a6128b3ad,Runner blade position,BUD2MEX42.CG310.XJ12,30.840770352886228,%
2026-07-19T13:00:00Z,239635e3-4297-44bf-acd5-b49a6128b3ad,Runner blade position,BUD2MEX42.CG310.XJ12,30.922504880693225,%
2026-07-19T12:00:00Z,239635e3-4297-44bf-acd5-b49a6128b3ad,Runner blade position,BUD2MEX42.CG310.XJ12,29.917220557246228,%
2026-07-19T11:00:00Z,239635e3-4297-44bf-acd5-b49a6128b3ad,Runner blade position,BUD2MEX42.CG310.XJ12,22.17136796174383,%
2026-07-19T10:00:00Z,239635e3-4297-44bf-acd5-b49a6128b3ad,Runner blade position,BUD2MEX42.CG310.XJ12,19.88167609468318,%
2026-07-19T09:00:00Z,239635e3-4297-44bf-acd5-b49a6128b3ad,Runner blade position,BUD2MEX42.CG310.XJ12,25.239874787359753,%
2026-07-19T08:00:00Z,239635e3-4297-44bf-acd5-b49a6128b3ad,Runner blade position,BUD2MEX42.CG310.XJ12,25.81240769598219,%
2026-07-19T07:00:00Z,239635e3-4297-44bf-acd5-b49a6128b3ad,Runner blade position,BUD2MEX42.CG310.XJ12,49.06822012900776,%
2026-07-19T06:00:00Z,239635e3-4297-44bf-acd5-b49a6128b3ad,Runner blade position,BUD2MEX42.CG310.XJ12,57.941551831909656,%
2026-07-19T05:00:00Z,239635e3-4297-44bf-acd5-b49a6128b3ad,Runner blade position,BUD2MEX42.CG310.XJ12,57.780011084293115,%
2026-07-19T04:00:00Z,239635e3-4297-44bf-acd5-b49a6128b3ad,Runner blade position,BUD2MEX42.CG310.XJ12,54.68523103078206,%
2026-07-19T03:00:00Z,239635e3-4297-44bf-acd5-b49a6128b3ad,Runner blade position,BUD2MEX42.CG310.XJ12,48.432399681976676,%
2026-07-19T02:00:00Z,239635e3-4297-44bf-acd5-b49a6128b3ad,Runner blade position,BUD2MEX42.CG310.XJ12,12.501266970104641,%
2026-07-19T01:00:00Z,239635e3-4297-44bf-acd5-b49a6128b3ad,Runner blade position,BUD2MEX42.CG310.XJ12,10.292036946614584,%
2026-07-19T00:00:00Z,239635e3-4297-44bf-acd5-b49a6128b3ad,Runner blade position,BUD2MEX42.CG310.XJ12,10.337765706387277,%
2026-07-18T23:00:00Z,239635e3-4297-44bf-acd5-b49a6128b3ad,Runner blade position,BUD2MEX42.CG310.XJ12,10.576986953061796,%
2026-07-18T22:00:00Z,239635e3-4297-44bf-acd5-b49a6128b3ad,Runner blade position,BUD2MEX42.CG310.XJ12,20.14372126950158,%
2026-07-18T21:00:00Z,239635e3-4297-44bf-acd5-b49a6128b3ad,Runner blade position,BUD2MEX42.CG310.XJ12,20.840797726481142,%
2026-07-18T20:00:00Z,239635e3-4297-44bf-acd5-b49a6128b3ad,Runner blade position,BUD2MEX42.CG310.XJ12,38.650366555066476,%
2026-07-18T19:00:00Z,239635e3-4297-44bf-acd5-b49a6128b3ad,Runner blade position,BUD2MEX42.CG310.XJ12,41.24371667621267,%
2026-07-18T18:00:00Z,239635e3-4297-44bf-acd5-b49a6128b3ad,Runner blade position,BUD2MEX42.CG310.XJ12,51.18206334816475,%
2026-07-18T17:00:00Z,239635e3-4297-44bf-acd5-b49a6128b3ad,Runner blade position,BUD2MEX42.CG310.XJ12,32.60302316156246,%
2026-07-18T16:00:00Z,239635e3-4297-44bf-acd5-b49a6128b3ad,Runner blade position,BUD2MEX42.CG310.XJ12,30.950071982277763,%
2026-07-18T15:00:00Z,239635e3-4297-44bf-acd5-b49a6128b3ad,Runner blade position,BUD2MEX42.CG310.XJ12,30.976655315823024,%
2026-07-18T14:00:00Z,239635e3-4297-44bf-acd5-b49a6128b3ad,Runner blade position,BUD2MEX42.CG310.XJ12,31.245530633926393,%
2026-07-18T13:00:00Z,239635e3-4297-44bf-acd5-b49a6128b3ad,Runner blade position,BUD2MEX42.CG310.XJ12,36.4089778543712,%
2026-07-18T12:00:00Z,239635e3-4297-44bf-acd5-b49a6128b3ad,Runner blade position,BUD2MEX42.CG310.XJ12,40.86169718424479,%
2026-07-18T11:00:00Z,239635e3-4297-44bf-acd5-b49a6128b3ad,Runner blade position,BUD2MEX42.CG310.XJ12,27.712506612141926,%
2026-07-18T10:00:00Z,239635e3-4297-44bf-acd5-b49a6128b3ad,Runner blade position,BUD2MEX42.CG310.XJ12,16.54089359336429,%
2026-07-18T09:00:00Z,239635e3-4297-44bf-acd5-b49a6128b3ad,Runner blade position,BUD2MEX42.CG310.XJ12,12.697505760828301,%
2026-07-18T08:00:00Z,239635e3-4297-44bf-acd5-b49a6128b3ad,Runner blade position,BUD2MEX42.CG310.XJ12,16.280590219497682,%
2026-07-18T07:00:00Z,239635e3-4297-44bf-acd5-b49a6128b3ad,Runner blade position,BUD2MEX42.CG310.XJ12,12.530922642813788,%
2026-07-18T06:00:00Z,239635e3-4297-44bf-acd5-b49a6128b3ad,Runner blade position,BUD2MEX42.CG310.XJ12,13.138330147531297,%
2026-07-18T05:00:00Z,239635e3-4297-44bf-acd5-b49a6128b3ad,Runner blade position,BUD2MEX42.CG310.XJ12,13.089569017622207,%
2026-07-18T04:00:00Z,239635e3-4297-44bf-acd5-b49a6128b3ad,Runner blade position,BUD2MEX42.CG310.XJ12,12.924111573431228,%
2026-07-18T03:00:00Z,239635e3-4297-44bf-acd5-b49a6128b3ad,Runner blade position,BUD2MEX42.CG310.XJ12,17.610583607355753,%
2026-07-18T02:00:00Z,239635e3-4297-44bf-acd5-b49a6128b3ad,Runner blade position,BUD2MEX42.CG310.XJ12,14.521202390458848,%
2026-07-18T01:00:00Z,239635e3-4297-44bf-acd5-b49a6128b3ad,Runner blade position,BUD2MEX42.CG310.XJ12,13.966281243770883,%
2026-07-18T00:00:00Z,239635e3-4297-44bf-acd5-b49a6128b3ad,Runner blade position,BUD2MEX42.CG310.XJ12,22.624353188938564,%
2026-07-17T23:00:00Z,239635e3-4297-44bf-acd5-b49a6128b3ad,Runner blade position,BUD2MEX42.CG310.XJ12,10.38970710489485,%
2026-07-17T22:00:00Z,239635e3-4297-44bf-acd5-b49a6128b3ad,Runner blade position,BUD2MEX42.CG310.XJ12,13.367987213929494,%
2026-07-17T21:00:00Z,239635e3-4297-44bf-acd5-b49a6128b3ad,Runner blade position,BUD2MEX42.CG310.XJ12,21.717052248731594,%
2026-07-17T20:00:00Z,239635e3-4297-44bf-acd5-b49a6128b3ad,Runner blade position,BUD2MEX42.CG310.XJ12,25.585047535159035,%
2026-07-17T19:00:00Z,239635e3-4297-44bf-acd5-b49a6128b3ad,Runner blade position,BUD2MEX42.CG310.XJ12,34.367289788987904,%
2026-07-17T18:00:00Z,239635e3-4297-44bf-acd5-b49a6128b3ad,Runner blade position,BUD2MEX42.CG310.XJ12,49.64333217408922,%
2026-07-17T17:00:00Z,239635e3-4297-44bf-acd5-b49a6128b3ad,Runner blade position,BUD2MEX42.CG310.XJ12,48.235635634528265,%
2026-07-17T16:00:00Z,239635e3-4297-44bf-acd5-b49a6128b3ad,Runner blade position,BUD2MEX42.CG310.XJ12,79.28151630825467,%
2026-07-17T15:00:00Z,239635e3-4297-44bf-acd5-b49a6128b3ad,Runner blade position,BUD2MEX42.CG310.XJ12,78.58505313873292,%
2026-07-17T14:00:00Z,239635e3-4297-44bf-acd5-b49a6128b3ad,Runner blade position,BUD2MEX42.CG310.XJ12,58.830528380143235,%
2026-07-17T13:00:00Z,239635e3-4297-44bf-acd5-b49a6128b3ad,Runner blade position,BUD2MEX42.CG310.XJ12,80.52939572228325,%
2026-07-17T12:00:00Z,239635e3-4297-44bf-acd5-b49a6128b3ad,Runner blade position,BUD2MEX42.CG310.XJ12,58.772224683904724,%
2026-07-17T11:00:00Z,239635e3-4297-44bf-acd5-b49a6128b3ad,Runner blade position,BUD2MEX42.CG310.XJ12,29.30818358182907,%
2026-07-17T10:00:00Z,239635e3-4297-44bf-acd5-b49a6128b3ad,Runner blade position,BUD2MEX42.CG310.XJ12,33.35321469836765,%
2026-07-17T09:00:00Z,239635e3-4297-44bf-acd5-b49a6128b3ad,Runner blade position,BUD2MEX42.CG310.XJ12,47.84430199093289,%
2026-07-17T08:00:00Z,239635e3-4297-44bf-acd5-b49a6128b3ad,Runner blade position,BUD2MEX42.CG310.XJ12,26.93209675338533,%
2026-07-17T07:00:00Z,239635e3-4297-44bf-acd5-b49a6128b3ad,Runner blade position,BUD2MEX42.CG310.XJ12,31.34401291545929,%
2026-07-17T06:00:00Z,239635e3-4297-44bf-acd5-b49a6128b3ad,Runner blade position,BUD2MEX42.CG310.XJ12,12.145301682419246,%
2026-07-17T05:00:00Z,239635e3-4297-44bf-acd5-b49a6128b3ad,Runner blade position,BUD2MEX42.CG310.XJ12,11.69833277967241,%
2026-07-17T04:00:00Z,239635e3-4297-44bf-acd5-b49a6128b3ad,Runner blade position,BUD2MEX42.CG310.XJ12,10.361468563079834,%
2026-07-17T03:00:00Z,239635e3-4297-44bf-acd5-b49a6128b3ad,Runner blade position,BUD2MEX42.CG310.XJ12,10.429990233845182,%
2026-07-17T02:00:00Z,239635e3-4297-44bf-acd5-b49a6128b3ad,Runner blade position,BUD2MEX42.CG310.XJ12,11.383097915384505,%
2026-07-17T01:00:00Z,239635e3-4297-44bf-acd5-b49a6128b3ad,Runner blade position,BUD2MEX42.CG310.XJ12,11.384076640870836,%
2026-07-17T00:00:00Z,239635e3-4297-44bf-acd5-b49a6128b3ad,Runner blade position,BUD2MEX42.CG310.XJ12,16.59860530225617,%
2026-07-16T23:00:00Z,239635e3-4297-44bf-acd5-b49a6128b3ad,Runner blade position,BUD2MEX42.CG310.XJ12,20.936738154623242,%
2026-07-16T22:00:00Z,239635e3-4297-44bf-acd5-b49a6128b3ad,Runner blade position,BUD2MEX42.CG310.XJ12,29.465538629955716,%
2026-07-16T21:00:00Z,239635e3-4297-44bf-acd5-b49a6128b3ad,Runner blade position,BUD2MEX42.CG310.XJ12,35.58048490716407,%
2026-07-16T20:00:00Z,239635e3-4297-44bf-acd5-b49a6128b3ad,Runner blade position,BUD2MEX42.CG310.XJ12,43.250094729529486,%
2026-07-16T19:00:00Z,239635e3-4297-44bf-acd5-b49a6128b3ad,Runner blade position,BUD2MEX42.CG310.XJ12,51.04085892571344,%
2026-07-16T18:00:00Z,239635e3-4297-44bf-acd5-b49a6128b3ad,Runner blade position,BUD2MEX42.CG310.XJ12,39.50103231006199,%
2026-07-16T17:00:00Z,239635e3-4297-44bf-acd5-b49a6128b3ad,Runner blade position,BUD2MEX42.CG310.XJ12,54.71596716349329,%
2026-07-16T16:00:00Z,239635e3-4297-44bf-acd5-b49a6128b3ad,Runner blade position,BUD2MEX42.CG310.XJ12,47.469409668936215,%
2026-07-16T15:00:00Z,239635e3-4297-44bf-acd5-b49a6128b3ad,Runner blade position,BUD2MEX42.CG310.XJ12,43.84723279739897,%
2026-07-16T14:00:00Z,239635e3-4297-44bf-acd5-b49a6128b3ad,Runner blade position,BUD2MEX42.CG310.XJ12,63.19756957795885,%
2026-07-16T13:00:00Z,239635e3-4297-44bf-acd5-b49a6128b3ad,Runner blade position,BUD2MEX42.CG310.XJ12,40.54127309799194,%
2026-07-16T12:00:00Z,239635e3-4297-44bf-acd5-b49a6128b3ad,Runner blade position,BUD2MEX42.CG310.XJ12,60.610189151445674,%
2026-07-16T11:00:00Z,239635e3-4297-44bf-acd5-b49a6128b3ad,Runner blade position,BUD2MEX42.CG310.XJ12,59.69003987802672,%
2026-07-16T10:00:00Z,239635e3-4297-44bf-acd5-b49a6128b3ad,Runner blade position,BUD2MEX42.CG310.XJ12,56.17731685638428,%
2026-07-16T09:00:00Z,239635e3-4297-44bf-acd5-b49a6128b3ad,Runner blade position,BUD2MEX42.CG310.XJ12,57.614044210645886,%
2026-07-16T08:00:00Z,239635e3-4297-44bf-acd5-b49a6128b3ad,Runner blade position,BUD2MEX42.CG310.XJ12,28.312439488304985,%
2026-07-16T07:00:00Z,239635e3-4297-44bf-acd5-b49a6128b3ad,Runner blade position,BUD2MEX42.CG310.XJ12,27.906828139623006,%
2026-07-16T06:00:00Z,239635e3-4297-44bf-acd5-b49a6128b3ad,Runner blade position,BUD2MEX42.CG310.XJ12,21.513951551649306,%
2026-07-16T05:00:00Z,239635e3-4297-44bf-acd5-b49a6128b3ad,Runner blade position,BUD2MEX42.CG310.XJ12,10.727284143395982,%
2026-07-16T04:00:00Z,239635e3-4297-44bf-acd5-b49a6128b3ad,Runner blade position,BUD2MEX42.CG310.XJ12,11.830275498496162,%
2026-07-16T03:00:00Z,239635e3-4297-44bf-acd5-b49a6128b3ad,Runner blade position,BUD2MEX42.CG310.XJ12,14.848843188601245,%
2026-07-16T02:00:00Z,239635e3-4297-44bf-acd5-b49a6128b3ad,Runner blade position,BUD2MEX42.CG310.XJ12,17.275103436575996,%
2026-07-16T01:00:00Z,239635e3-4297-44bf-acd5-b49a6128b3ad,Runner blade position,BUD2MEX42.CG310.XJ12,21.81896414650811,%
2026-07-16T00:00:00Z,239635e3-4297-44bf-acd5-b49a6128b3ad,Runner blade position,BUD2MEX42.CG310.XJ12,24.65333080927531,%
2026-07-15T23:00:00Z,239635e3-4297-44bf-acd5-b49a6128b3ad,Runner blade position,BUD2MEX42.CG310.XJ12,28.284106237623426,%
2026-07-15T22:00:00Z,239635e3-4297-44bf-acd5-b49a6128b3ad,Runner blade position,BUD2MEX42.CG310.XJ12,31.90403473489877,%
2026-07-15T21:00:00Z,239635e3-4297-44bf-acd5-b49a6128b3ad,Runner blade position,BUD2MEX42.CG310.XJ12,36.47033398124907,%
2026-07-15T20:00:00Z,239635e3-4297-44bf-acd5-b49a6128b3ad,Runner blade position,BUD2MEX42.CG310.XJ12,43.368762984805635,%
2026-07-15T19:00:00Z,239635e3-4297-44bf-acd5-b49a6128b3ad,Runner blade position,BUD2MEX42.CG310.XJ12,54.80985001458062,%
2026-07-15T18:00:00Z,239635e3-4297-44bf-acd5-b49a6128b3ad,Runner blade position,BUD2MEX42.CG310.XJ12,51.98719116634793,%
2026-07-15T17:00:00Z,239635e3-4297-44bf-acd5-b49a6128b3ad,Runner blade position,BUD2MEX42.CG310.XJ12,49.09683590359158,%
2026-07-15T16:00:00Z,239635e3-4297-44bf-acd5-b49a6128b3ad,Runner blade position,BUD2MEX42.CG310.XJ12,32.52642494867483,%
2026-07-15T15:00:00Z,239635e3-4297-44bf-acd5-b49a6128b3ad,Runner blade position,BUD2MEX42.CG310.XJ12,53.85455824957953,%
2026-07-15T14:00:00Z,239635e3-4297-44bf-acd5-b49a6128b3ad,Runner blade position,BUD2MEX42.CG310.XJ12,42.115111157099406,%
2026-07-15T13:00:00Z,239635e3-4297-44bf-acd5-b49a6128b3ad,Runner blade position,BUD2MEX42.CG310.XJ12,34.16149346033732,%
2026-07-15T12:00:00Z,239635e3-4297-44bf-acd5-b49a6128b3ad,Runner blade position,BUD2MEX42.CG310.XJ12,46.11927545832687,%
2026-07-15T11:00:00Z,239635e3-4297-44bf-acd5-b49a6128b3ad,Runner blade position,BUD2MEX42.CG310.XJ12,54.511625321706134,%
2026-07-15T10:00:00Z,239635e3-4297-44bf-acd5-b49a6128b3ad,Runner blade position,BUD2MEX42.CG310.XJ12,54.11035015663881,%
2026-07-15T09:00:00Z,239635e3-4297-44bf-acd5-b49a6128b3ad,Runner blade position,BUD2MEX42.CG310.XJ12,63.303560418023004,%
2026-07-15T08:00:00Z,239635e3-4297-44bf-acd5-b49a6128b3ad,Runner blade position,BUD2MEX42.CG310.XJ12,50.64257519778644,%
2026-07-15T07:00:00Z,239635e3-4297-44bf-acd5-b49a6128b3ad,Runner blade position,BUD2MEX42.CG310.XJ12,37.314925925750224,%
2026-07-15T06:00:00Z,239635e3-4297-44bf-acd5-b49a6128b3ad,Runner blade position,BUD2MEX42.CG310.XJ12,17.880444511837428,%
2026-07-15T05:00:00Z,239635e3-4297-44bf-acd5-b49a6128b3ad,Runner blade position,BUD2MEX42.CG310.XJ12,12.989426381724487,%
2026-07-15T04:00:00Z,239635e3-4297-44bf-acd5-b49a6128b3ad,Runner blade position,BUD2MEX42.CG310.XJ12,10.601016644568393,%
2026-07-15T03:00:00Z,239635e3-4297-44bf-acd5-b49a6128b3ad,Runner blade position,BUD2MEX42.CG310.XJ12,12.79138114331895,%
2026-07-15T02:00:00Z,239635e3-4297-44bf-acd5-b49a6128b3ad,Runner blade position,BUD2MEX42.CG310.XJ12,13.008902583652073,%
2026-07-15T01:00:00Z,239635e3-4297-44bf-acd5-b49a6128b3ad,Runner blade position,BUD2MEX42.CG310.XJ12,19.468874050816805,%
2026-07-15T00:00:00Z,239635e3-4297-44bf-acd5-b49a6128b3ad,Runner blade position,BUD2MEX42.CG310.XJ12,21.394065436257257,%
2026-07-14T23:00:00Z,239635e3-4297-44bf-acd5-b49a6128b3ad,Runner blade position,BUD2MEX42.CG310.XJ12,20.06140435324775,%
2026-07-14T22:00:00Z,239635e3-4297-44bf-acd5-b49a6128b3ad,Runner blade position,BUD2MEX42.CG310.XJ12,34.54323748070157,%
2026-07-14T21:00:00Z,239635e3-4297-44bf-acd5-b49a6128b3ad,Runner blade position,BUD2MEX42.CG310.XJ12,55.561679963005915,%
2026-07-14T20:00:00Z,239635e3-4297-44bf-acd5-b49a6128b3ad,Runner blade position,BUD2MEX42.CG310.XJ12,60.507892103974456,%
2026-07-14T19:00:00Z,239635e3-4297-44bf-acd5-b49a6128b3ad,Runner blade position,BUD2MEX42.CG310.XJ12,60.51478582385383,%
2026-07-14T18:00:00Z,239635e3-4297-44bf-acd5-b49a6128b3ad,Runner blade position,BUD2MEX42.CG310.XJ12,54.26607786662574,%
2026-07-14T17:00:00Z,239635e3-4297-44bf-acd5-b49a6128b3ad,Runner blade position,BUD2MEX42.CG310.XJ12,52.23508741326833,%
2026-07-14T16:00:00Z,239635e3-4297-44bf-acd5-b49a6128b3ad,Runner blade position,BUD2MEX42.CG310.XJ12,61.62372475518121,%
2026-07-14T15:00:00Z,239635e3-4297-44bf-acd5-b49a6128b3ad,Runner blade position,BUD2MEX42.CG310.XJ12,46.657207896140896,%
2026-07-14T14:00:00Z,239635e3-4297-44bf-acd5-b49a6128b3ad,Runner blade position,BUD2MEX42.CG310.XJ12,49.64138562179659,%
2026-07-14T13:00:00Z,239635e3-4297-44bf-acd5-b49a6128b3ad,Runner blade position,BUD2MEX42.CG310.XJ12,59.46445425669352,%
2026-07-14T12:00:00Z,239635e3-4297-44bf-acd5-b49a6128b3ad,Runner blade position,BUD2MEX42.CG310.XJ12,71.57536206200413,%
2026-07-14T11:00:00Z,239635e3-4297-44bf-acd5-b49a6128b3ad,Runner blade position,BUD2MEX42.CG310.XJ12,33.33852156277361,%
2026-07-14T10:00:00Z,239635e3-4297-44bf-acd5-b49a6128b3ad,Runner blade position,BUD2MEX42.CG310.XJ12,68.39591952429878,%
2026-07-14T09:00:00Z,239635e3-4297-44bf-acd5-b49a6128b3ad,Runner blade position,BUD2MEX42.CG310.XJ12,54.969524196944946,%
2026-07-14T08:00:00Z,239635e3-4297-44bf-acd5-b49a6128b3ad,Runner blade position,BUD2MEX42.CG310.XJ12,37.43404757883814,%
2026-07-14T07:00:00Z,239635e3-4297-44bf-acd5-b49a6128b3ad,Runner blade position,BUD2MEX42.CG310.XJ12,28.54437676005893,%
2026-07-14T06:00:00Z,239635e3-4297-44bf-acd5-b49a6128b3ad,Runner blade position,BUD2MEX42.CG310.XJ12,14.069897527164883,%
2026-07-14T05:00:00Z,239635e3-4297-44bf-acd5-b49a6128b3ad,Runner blade position,BUD2MEX42.CG310.XJ12,10.774926637264674,%
2026-07-14T04:00:00Z,239635e3-4297-44bf-acd5-b49a6128b3ad,Runner blade position,BUD2MEX42.CG310.XJ12,11.000116358333164,%
2026-07-14T03:00:00Z,239635e3-4297-44bf-acd5-b49a6128b3ad,Runner blade position,BUD2MEX42.CG310.XJ12,11.478711269696554,%
2026-07-14T02:00:00Z,239635e3-4297-44bf-acd5-b49a6128b3ad,Runner blade position,BUD2MEX42.CG310.XJ12,13.553153896384739,%
2026-07-14T01:00:00Z,239635e3-4297-44bf-acd5-b49a6128b3ad,Runner blade position,BUD2MEX42.CG310.XJ12,31.61149706038285,%
2026-07-14T00:00:00Z,239635e3-4297-44bf-acd5-b49a6128b3ad,Runner blade position,BUD2MEX42.CG310.XJ12,40.55262002521091,%
2026-07-13T23:00:00Z,239635e3-4297-44bf-acd5-b49a6128b3ad,Runner blade position,BUD2MEX42.CG310.XJ12,18.45740451335907,%
2026-07-13T22:00:00Z,239635e3-4297-44bf-acd5-b49a6128b3ad,Runner blade position,BUD2MEX42.CG310.XJ12,24.691116606546416,%
2026-07-13T21:00:00Z,239635e3-4297-44bf-acd5-b49a6128b3ad,Runner blade position,BUD2MEX42.CG310.XJ12,18.441859881612988,%
2026-07-13T20:00:00Z,239635e3-4297-44bf-acd5-b49a6128b3ad,Runner blade position,BUD2MEX42.CG310.XJ12,58.41259612316155,%
2026-07-13T19:00:00Z,239635e3-4297-44bf-acd5-b49a6128b3ad,Runner blade position,BUD2MEX42.CG310.XJ12,81.27153458735756,%
2026-07-13T18:00:00Z,239635e3-4297-44bf-acd5-b49a6128b3ad,Runner blade position,BUD2MEX42.CG310.XJ12,59.95668084704922,%
2026-07-13T17:00:00Z,239635e3-4297-44bf-acd5-b49a6128b3ad,Runner blade position,BUD2MEX42.CG310.XJ12,56.50028599845039,%
2026-07-13T16:00:00Z,239635e3-4297-44bf-acd5-b49a6128b3ad,Runner blade position,BUD2MEX42.CG310.XJ12,53.76193563885159,%
2026-07-13T15:00:00Z,239635e3-4297-44bf-acd5-b49a6128b3ad,Runner blade position,BUD2MEX42.CG310.XJ12,40.186230176289875,%
2026-07-13T14:00:00Z,239635e3-4297-44bf-acd5-b49a6128b3ad,Runner blade position,BUD2MEX42.CG310.XJ12,52.57728835847643,%
2026-07-13T13:00:00Z,239635e3-4297-44bf-acd5-b49a6128b3ad,Runner blade position,BUD2MEX42.CG310.XJ12,57.302595674726696,%
2026-07-13T12:00:00Z,239635e3-4297-44bf-acd5-b49a6128b3ad,Runner blade position,BUD2MEX42.CG310.XJ12,55.241649612842366,%
2026-07-13T11:00:00Z,239635e3-4297-44bf-acd5-b49a6128b3ad,Runner blade position,BUD2MEX42.CG310.XJ12,51.54693866093953,%
2026-07-13T10:00:00Z,239635e3-4297-44bf-acd5-b49a6128b3ad,Runner blade position,BUD2MEX42.CG310.XJ12,47.46443560706245,%
2026-07-13T09:00:00Z,239635e3-4297-44bf-acd5-b49a6128b3ad,Runner blade position,BUD2MEX42.CG310.XJ12,39.44134971020684,%
2026-07-13T08:00:00Z,239635e3-4297-44bf-acd5-b49a6128b3ad,Runner blade position,BUD2MEX42.CG310.XJ12,39.15044548564487,%
2026-07-13T07:00:00Z,239635e3-4297-44bf-acd5-b49a6128b3ad,Runner blade position,BUD2MEX42.CG310.XJ12,47.92964418411255,%
2026-07-13T06:00:00Z,239635e3-4297-44bf-acd5-b49a6128b3ad,Runner blade position,BUD2MEX42.CG310.XJ12,17.296623996628654,%
2026-07-13T05:00:00Z,239635e3-4297-44bf-acd5-b49a6128b3ad,Runner blade position,BUD2MEX42.CG310.XJ12,13.156074390411376,%
2026-07-13T04:00:00Z,239635e3-4297-44bf-acd5-b49a6128b3ad,Runner blade position,BUD2MEX42.CG310.XJ12,14.129769827524822,%
2026-07-13T03:00:00Z,239635e3-4297-44bf-acd5-b49a6128b3ad,Runner blade position,BUD2MEX42.CG310.XJ12,14.695531036059062,%
2026-07-13T02:00:00Z,239635e3-4297-44bf-acd5-b49a6128b3ad,Runner blade position,BUD2MEX42.CG310.XJ12,16.875606677267285,%
2026-07-13T01:00:00Z,239635e3-4297-44bf-acd5-b49a6128b3ad,Runner blade position,BUD2MEX42.CG310.XJ12,19.236380376285975,%
2026-07-13T00:00:00Z,239635e3-4297-44bf-acd5-b49a6128b3ad,Runner blade position,BUD2MEX42.CG310.XJ12,34.386738540861344,%
2026-07-12T23:00:00Z,239635e3-4297-44bf-acd5-b49a6128b3ad,Runner blade position,BUD2MEX42.CG310.XJ12,50.958214405574516,%
2026-07-12T22:00:00Z,239635e3-4297-44bf-acd5-b49a6128b3ad,Runner blade position,BUD2MEX42.CG310.XJ12,38.13409378899468,%
2026-07-12T21:00:00Z,239635e3-4297-44bf-acd5-b49a6128b3ad,Runner blade position,BUD2MEX42.CG310.XJ12,51.730300699643486,%
2026-07-12T20:00:00Z,239635e3-4297-44bf-acd5-b49a6128b3ad,Runner blade position,BUD2MEX42.CG310.XJ12,67.71573387993706,%
2026-07-12T19:00:00Z,239635e3-4297-44bf-acd5-b49a6128b3ad,Runner blade position,BUD2MEX42.CG310.XJ12,32.62712675306532,%
2026-07-12T18:00:00Z,239635e3-4297-44bf-acd5-b49a6128b3ad,Runner blade position,BUD2MEX42.CG310.XJ12,37.464983375867206,%
2026-07-12T17:00:00Z,239635e3-4297-44bf-acd5-b49a6128b3ad,Runner blade position,BUD2MEX42.CG310.XJ12,53.42839929009226,%
2026-07-12T16:00:00Z,239635e3-4297-44bf-acd5-b49a6128b3ad,Runner blade position,BUD2MEX42.CG310.XJ12,40.97259931140476,%
2026-07-12T15:00:00Z,239635e3-4297-44bf-acd5-b49a6128b3ad,Runner blade position,BUD2MEX42.CG310.XJ12,39.4042057885064,%
2026-07-12T14:00:00Z,239635e3-4297-44bf-acd5-b49a6128b3ad,Runner blade position,BUD2MEX42.CG310.XJ12,46.39099164750841,%
2026-07-12T13:00:00Z,239635e3-4297-44bf-acd5-b49a6128b3ad,Runner blade position,BUD2MEX42.CG310.XJ12,50.779633606804744,%
2026-07-12T12:00:00Z,239635e3-4297-44bf-acd5-b49a6128b3ad,Runner blade position,BUD2MEX42.CG310.XJ12,51.671026117536755,%
2026-07-12T11:00:00Z,239635e3-4297-44bf-acd5-b49a6128b3ad,Runner blade position,BUD2MEX42.CG310.XJ12,39.490543545617,%
2026-07-12T10:00:00Z,239635e3-4297-44bf-acd5-b49a6128b3ad,Runner blade position,BUD2MEX42.CG310.XJ12,23.513784294128417,%
2026-07-12T09:00:00Z,239635e3-4297-44bf-acd5-b49a6128b3ad,Runner blade position,BUD2MEX42.CG310.XJ12,31.49088013437059,%
2026-07-12T08:00:00Z,239635e3-4297-44bf-acd5-b49a6128b3ad,Runner blade position,BUD2MEX42.CG310.XJ12,15.12999440881941,%
2026-07-12T07:00:00Z,239635e3-4297-44bf-acd5-b49a6128b3ad,Runner blade position,BUD2MEX42.CG310.XJ12,14.657270806630452,%
2026-07-12T06:00:00Z,239635e3-4297-44bf-acd5-b49a6128b3ad,Runner blade position,BUD2MEX42.CG310.XJ12,35.62675972790636,%
2026-07-12T05:00:00Z,239635e3-4297-44bf-acd5-b49a6128b3ad,Runner blade position,BUD2MEX42.CG310.XJ12,18.186139399210614,%
2026-07-12T04:00:00Z,239635e3-4297-44bf-acd5-b49a6128b3ad,Runner blade position,BUD2MEX42.CG310.XJ12,19.730466391245525,%
2026-07-12T03:00:00Z,239635e3-4297-44bf-acd5-b49a6128b3ad,Runner blade position,BUD2MEX42.CG310.XJ12,21.723993722301778,%
2026-07-12T02:00:00Z,239635e3-4297-44bf-acd5-b49a6128b3ad,Runner blade position,BUD2MEX42.CG310.XJ12,35.509125668714944,%
2026-07-12T01:00:00Z,239635e3-4297-44bf-acd5-b49a6128b3ad,Runner blade position,BUD2MEX42.CG310.XJ12,27.03451442082723,%
2026-07-12T00:00:00Z,239635e3-4297-44bf-acd5-b49a6128b3ad,Runner blade position,BUD2MEX42.CG310.XJ12,29.30752815776401,%
2026-07-11T23:00:00Z,239635e3-4297-44bf-acd5-b49a6128b3ad,Runner blade position,BUD2MEX42.CG310.XJ12,43.31241401248508,%
2026-07-11T22:00:00Z,239635e3-4297-44bf-acd5-b49a6128b3ad,Runner blade position,BUD2MEX42.CG310.XJ12,49.09941686220774,%
2026-07-11T21:00:00Z,239635e3-4297-44bf-acd5-b49a6128b3ad,Runner blade position,BUD2MEX42.CG310.XJ12,64.0067294288648,%
2026-07-11T20:00:00Z,239635e3-4297-44bf-acd5-b49a6128b3ad,Runner blade position,BUD2MEX42.CG310.XJ12,55.87958263397217,%
2026-07-11T19:00:00Z,239635e3-4297-44bf-acd5-b49a6128b3ad,Runner blade position,BUD2MEX42.CG310.XJ12,42.27014471650985,%
2026-07-11T18:00:00Z,239635e3-4297-44bf-acd5-b49a6128b3ad,Runner blade position,BUD2MEX42.CG310.XJ12,56.56312844382392,%
2026-07-11T17:00:00Z,239635e3-4297-44bf-acd5-b49a6128b3ad,Runner blade position,BUD2MEX42.CG310.XJ12,39.110572284533,%
2026-07-11T16:00:00Z,239635e3-4297-44bf-acd5-b49a6128b3ad,Runner blade position,BUD2MEX42.CG310.XJ12,32.66010915014479,%
2026-07-11T15:00:00Z,239635e3-4297-44bf-acd5-b49a6128b3ad,Runner blade position,BUD2MEX42.CG310.XJ12,29.306536823908488,%
2026-07-11T14:00:00Z,239635e3-4297-44bf-acd5-b49a6128b3ad,Runner blade position,BUD2MEX42.CG310.XJ12,37.63888964141456,%
2026-07-11T13:00:00Z,239635e3-4297-44bf-acd5-b49a6128b3ad,Runner blade position,BUD2MEX42.CG310.XJ12,36.263861897786455,%
2026-07-11T12:00:00Z,239635e3-4297-44bf-acd5-b49a6128b3ad,Runner blade position,BUD2MEX42.CG310.XJ12,36.23162050231289,%
2026-07-11T11:00:00Z,239635e3-4297-44bf-acd5-b49a6128b3ad,Runner blade position,BUD2MEX42.CG310.XJ12,30.516718669889237,%
2026-07-11T10:00:00Z,239635e3-4297-44bf-acd5-b49a6128b3ad,Runner blade position,BUD2MEX42.CG310.XJ12,10.841111108462016,%
2026-07-11T09:00:00Z,239635e3-4297-44bf-acd5-b49a6128b3ad,Runner blade position,BUD2MEX42.CG310.XJ12,34.490453780492146,%
2026-07-11T08:00:00Z,239635e3-4297-44bf-acd5-b49a6128b3ad,Runner blade position,BUD2MEX42.CG310.XJ12,10.830285337236193,%
2026-07-11T07:00:00Z,239635e3-4297-44bf-acd5-b49a6128b3ad,Runner blade position,BUD2MEX42.CG310.XJ12,10.530078940891942,%
2026-07-11T06:00:00Z,239635e3-4297-44bf-acd5-b49a6128b3ad,Runner blade position,BUD2MEX42.CG310.XJ12,10.505241608738965,%
2026-07-11T05:00:00Z,239635e3-4297-44bf-acd5-b49a6128b3ad,Runner blade position,BUD2MEX42.CG310.XJ12,10.446435777346293,%
2026-07-11T04:00:00Z,239635e3-4297-44bf-acd5-b49a6128b3ad,Runner blade position,BUD2MEX42.CG310.XJ12,10.514155385229323,%
2026-07-11T03:00:00Z,239635e3-4297-44bf-acd5-b49a6128b3ad,Runner blade position,BUD2MEX42.CG310.XJ12,10.465419780419495,%
2026-07-11T02:00:00Z,239635e3-4297-44bf-acd5-b49a6128b3ad,Runner blade position,BUD2MEX42.CG310.XJ12,10.919155447218154,%
2026-07-11T01:00:00Z,239635e3-4297-44bf-acd5-b49a6128b3ad,Runner blade position,BUD2MEX42.CG310.XJ12,10.954714463908783,%
2026-07-11T00:00:00Z,239635e3-4297-44bf-acd5-b49a6128b3ad,Runner blade position,BUD2MEX42.CG310.XJ12,11.637423485914866,%
2026-07-10T23:00:00Z,239635e3-4297-44bf-acd5-b49a6128b3ad,Runner blade position,BUD2MEX42.CG310.XJ12,48.155450648201835,%
2026-07-10T22:00:00Z,239635e3-4297-44bf-acd5-b49a6128b3ad,Runner blade position,BUD2MEX42.CG310.XJ12,52.361795614030626,%
2026-07-10T21:00:00Z,239635e3-4297-44bf-acd5-b49a6128b3ad,Runner blade position,BUD2MEX42.CG310.XJ12,52.59620051407801,%
2026-07-10T20:00:00Z,239635e3-4297-44bf-acd5-b49a6128b3ad,Runner blade position,BUD2MEX42.CG310.XJ12,50.34860209760995,%
2026-07-10T19:00:00Z,239635e3-4297-44bf-acd5-b49a6128b3ad,Runner blade position,BUD2MEX42.CG310.XJ12,58.90525227037572,%
2026-07-10T18:00:00Z,239635e3-4297-44bf-acd5-b49a6128b3ad,Runner blade position,BUD2MEX42.CG310.XJ12,80.86161951358747,%
2026-07-10T17:00:00Z,239635e3-4297-44bf-acd5-b49a6128b3ad,Runner blade position,BUD2MEX42.CG310.XJ12,79.92090152912235,%
2026-07-10T16:00:00Z,239635e3-4297-44bf-acd5-b49a6128b3ad,Runner blade position,BUD2MEX42.CG310.XJ12,80.47639862484402,%
2026-07-10T15:00:00Z,239635e3-4297-44bf-acd5-b49a6128b3ad,Runner blade position,BUD2MEX42.CG310.XJ12,76.44605935460524,%
2026-07-10T14:00:00Z,239635e3-4297-44bf-acd5-b49a6128b3ad,Runner blade position,BUD2MEX42.CG310.XJ12,47.6509205754598,%
2026-07-10T13:00:00Z,239635e3-4297-44bf-acd5-b49a6128b3ad,Runner blade position,BUD2MEX42.CG310.XJ12,80.24103338531341,%
2026-07-10T12:00:00Z,239635e3-4297-44bf-acd5-b49a6128b3ad,Runner blade position,BUD2MEX42.CG310.XJ12,82.04145511459681,%
2026-07-10T11:00:00Z,239635e3-4297-44bf-acd5-b49a6128b3ad,Runner blade position,BUD2MEX42.CG310.XJ12,82.04771300421821,%
2026-07-10T10:00:00Z,239635e3-4297-44bf-acd5-b49a6128b3ad,Runner blade position,BUD2MEX42.CG310.XJ12,81.84421381544841,%
2026-07-10T09:00:00Z,239635e3-4297-44bf-acd5-b49a6128b3ad,Runner blade position,BUD2MEX42.CG310.XJ12,82.28730204054989,%
2026-07-10T08:00:00Z,239635e3-4297-44bf-acd5-b49a6128b3ad,Runner blade position,BUD2MEX42.CG310.XJ12,82.00245932832965,%
2026-07-10T07:00:00Z,239635e3-4297-44bf-acd5-b49a6128b3ad,Runner blade position,BUD2MEX42.CG310.XJ12,75.96884148491753,%
2026-07-10T06:00:00Z,239635e3-4297-44bf-acd5-b49a6128b3ad,Runner blade position,BUD2MEX42.CG310.XJ12,71.75765090942383,%
2026-07-10T05:00:00Z,239635e3-4297-44bf-acd5-b49a6128b3ad,Runner blade position,BUD2MEX42.CG310.XJ12,61.08313531997401,%
2026-07-10T04:00:00Z,239635e3-4297-44bf-acd5-b49a6128b3ad,Runner blade position,BUD2MEX42.CG310.XJ12,57.79857402589586,%
2026-07-10T03:00:00Z,239635e3-4297-44bf-acd5-b49a6128b3ad,Runner blade position,BUD2MEX42.CG310.XJ12,65.69345019193673,%
2026-07-10T02:00:00Z,239635e3-4297-44bf-acd5-b49a6128b3ad,Runner blade position,BUD2MEX42.CG310.XJ12,69.10184649573432,%
2026-07-10T01:00:00Z,239635e3-4297-44bf-acd5-b49a6128b3ad,Runner blade position,BUD2MEX42.CG310.XJ12,60.782418160388175,%
2026-07-10T00:00:00Z,239635e3-4297-44bf-acd5-b49a6128b3ad,Runner blade position,BUD2MEX42.CG310.XJ12,71.06850318548615,%
2026-07-09T23:00:00Z,239635e3-4297-44bf-acd5-b49a6128b3ad,Runner blade position,BUD2MEX42.CG310.XJ12,67.4535565209296,%
2026-07-09T22:00:00Z,239635e3-4297-44bf-acd5-b49a6128b3ad,Runner blade position,BUD2MEX42.CG310.XJ12,76.20214448701819,%
2026-07-09T21:00:00Z,239635e3-4297-44bf-acd5-b49a6128b3ad,Runner blade position,BUD2MEX42.CG310.XJ12,80.1302876838455,%
2026-07-09T20:00:00Z,239635e3-4297-44bf-acd5-b49a6128b3ad,Runner blade position,BUD2MEX42.CG310.XJ12,50.87594624647707,%
2026-07-09T19:00:00Z,239635e3-4297-44bf-acd5-b49a6128b3ad,Runner blade position,BUD2MEX42.CG310.XJ12,52.476401316861455,%
2026-07-09T18:00:00Z,239635e3-4297-44bf-acd5-b49a6128b3ad,Runner blade position,BUD2MEX42.CG310.XJ12,56.53293481826782,%
2026-07-09T17:00:00Z,239635e3-4297-44bf-acd5-b49a6128b3ad,Runner blade position,BUD2MEX42.CG310.XJ12,51.37248355653551,%
2026-07-09T16:00:00Z,239635e3-4297-44bf-acd5-b49a6128b3ad,Runner blade position,BUD2MEX42.CG310.XJ12,42.04874917200501,%
2026-07-09T15:00:00Z,239635e3-4297-44bf-acd5-b49a6128b3ad,Runner blade position,BUD2MEX42.CG310.XJ12,47.1632716094123,%
2026-07-09T14:00:00Z,239635e3-4297-44bf-acd5-b49a6128b3ad,Runner blade position,BUD2MEX42.CG310.XJ12,36.194762813780045,%
2026-07-09T13:00:00Z,239635e3-4297-44bf-acd5-b49a6128b3ad,Runner blade position,BUD2MEX42.CG310.XJ12,75.3809428827308,%
2026-07-09T12:00:00Z,239635e3-4297-44bf-acd5-b49a6128b3ad,Runner blade position,BUD2MEX42.CG310.XJ12,75.14799164242214,%
2026-07-09T11:00:00Z,239635e3-4297-44bf-acd5-b49a6128b3ad,Runner blade position,BUD2MEX42.CG310.XJ12,73.44729888916015,%
2026-07-09T10:00:00Z,239635e3-4297-44bf-acd5-b49a6128b3ad,Runner blade position,BUD2MEX42.CG310.XJ12,74.03031001533648,%
2026-07-09T09:00:00Z,239635e3-4297-44bf-acd5-b49a6128b3ad,Runner blade position,BUD2MEX42.CG310.XJ12,73.73358526017931,%
2026-07-09T08:00:00Z,239635e3-4297-44bf-acd5-b49a6128b3ad,Runner blade position,BUD2MEX42.CG310.XJ12,74.54416707809135,%
2026-07-09T07:00:00Z,239635e3-4297-44bf-acd5-b49a6128b3ad,Runner blade position,BUD2MEX42.CG310.XJ12,70.86802159765816,%
2026-07-09T06:00:00Z,239635e3-4297-44bf-acd5-b49a6128b3ad,Runner blade position,BUD2MEX42.CG310.XJ12,56.37244746102227,%
2026-07-09T05:00:00Z,239635e3-4297-44bf-acd5-b49a6128b3ad,Runner blade position,BUD2MEX42.CG310.XJ12,61.04444322797987,%
2026-07-09T04:00:00Z,239635e3-4297-44bf-acd5-b49a6128b3ad,Runner blade position,BUD2MEX42.CG310.XJ12,61.1679098171658,%
2026-07-09T03:00:00Z,239635e3-4297-44bf-acd5-b49a6128b3ad,Runner blade position,BUD2MEX42.CG310.XJ12,65.69599408255684,%
2026-07-09T02:00:00Z,239635e3-4297-44bf-acd5-b49a6128b3ad,Runner blade position,BUD2MEX42.CG310.XJ12,69.773034062367,%
2026-07-09T01:00:00Z,239635e3-4297-44bf-acd5-b49a6128b3ad,Runner blade position,BUD2MEX42.CG310.XJ12,72.04617393116212,%
2026-07-09T00:00:00Z,239635e3-4297-44bf-acd5-b49a6128b3ad,Runner blade position,BUD2MEX42.CG310.XJ12,61.142968555446195,%
2026-07-08T23:00:00Z,239635e3-4297-44bf-acd5-b49a6128b3ad,Runner blade position,BUD2MEX42.CG310.XJ12,80.07288133164765,%
2026-07-08T22:00:00Z,239635e3-4297-44bf-acd5-b49a6128b3ad,Runner blade position,BUD2MEX42.CG310.XJ12,78.52203009935668,%
2026-07-08T21:00:00Z,239635e3-4297-44bf-acd5-b49a6128b3ad,Runner blade position,BUD2MEX42.CG310.XJ12,77.7174254709512,%
2026-07-08T20:00:00Z,239635e3-4297-44bf-acd5-b49a6128b3ad,Runner blade position,BUD2MEX42.CG310.XJ12,75.17112160365494,%
2026-07-08T19:00:00Z,239635e3-4297-44bf-acd5-b49a6128b3ad,Runner blade position,BUD2MEX42.CG310.XJ12,78.72038551911571,%
2026-07-08T18:00:00Z,239635e3-4297-44bf-acd5-b49a6128b3ad,Runner blade position,BUD2MEX42.CG310.XJ12,79.24916957007514,%
2026-07-08T17:00:00Z,239635e3-4297-44bf-acd5-b49a6128b3ad,Runner blade position,BUD2MEX42.CG310.XJ12,75.9216243368576,%
2026-07-08T16:00:00Z,239635e3-4297-44bf-acd5-b49a6128b3ad,Runner blade position,BUD2MEX42.CG310.XJ12,78.1311307083308,%
2026-07-08T15:00:00Z,239635e3-4297-44bf-acd5-b49a6128b3ad,Runner blade position,BUD2MEX42.CG310.XJ12,78.77293111589219,%
2026-07-08T14:00:00Z,239635e3-4297-44bf-acd5-b49a6128b3ad,Runner blade position,BUD2MEX42.CG310.XJ12,80.4345772128635,%
2026-07-08T13:00:00Z,239635e3-4297-44bf-acd5-b49a6128b3ad,Runner blade position,BUD2MEX42.CG310.XJ12,80.29026455160907,%
2026-07-08T12:00:00Z,239635e3-4297-44bf-acd5-b49a6128b3ad,Runner blade position,BUD2MEX42.CG310.XJ12,76.15697966375129,%
2026-07-08T11:00:00Z,239635e3-4297-44bf-acd5-b49a6128b3ad,Runner blade position,BUD2MEX42.CG310.XJ12,81.38925435384114,%
2026-07-08T10:00:00Z,239635e3-4297-44bf-acd5-b49a6128b3ad,Runner blade position,BUD2MEX42.CG310.XJ12,78.44408224317763,%
2026-07-08T09:00:00Z,239635e3-4297-44bf-acd5-b49a6128b3ad,Runner blade position,BUD2MEX42.CG310.XJ12,69.7513403277927,%
2026-07-08T08:00:00Z,239635e3-4297-44bf-acd5-b49a6128b3ad,Runner blade position,BUD2MEX42.CG310.XJ12,57.685507909531985,%
2026-07-08T07:00:00Z,239635e3-4297-44bf-acd5-b49a6128b3ad,Runner blade position,BUD2MEX42.CG310.XJ12,58.56180245081584,%
2026-07-08T06:00:00Z,239635e3-4297-44bf-acd5-b49a6128b3ad,Runner blade position,BUD2MEX42.CG310.XJ12,57.60878561973042,%
2026-07-08T05:00:00Z,239635e3-4297-44bf-acd5-b49a6128b3ad,Runner blade position,BUD2MEX42.CG310.XJ12,54.31457640185099,%
2026-07-08T04:00:00Z,239635e3-4297-44bf-acd5-b49a6128b3ad,Runner blade position,BUD2MEX42.CG310.XJ12,55.815289094713,%
2026-07-08T03:00:00Z,239635e3-4297-44bf-acd5-b49a6128b3ad,Runner blade position,BUD2MEX42.CG310.XJ12,53.644821122487386,%
2026-07-08T02:00:00Z,239635e3-4297-44bf-acd5-b49a6128b3ad,Runner blade position,BUD2MEX42.CG310.XJ12,54.686077471839056,%
2026-07-08T01:00:00Z,239635e3-4297-44bf-acd5-b49a6128b3ad,Runner blade position,BUD2MEX42.CG310.XJ12,57.863618715074324,%
2026-07-08T00:00:00Z,239635e3-4297-44bf-acd5-b49a6128b3ad,Runner blade position,BUD2MEX42.CG310.XJ12,59.83649099561903,%
2026-07-07T23:00:00Z,239635e3-4297-44bf-acd5-b49a6128b3ad,Runner blade position,BUD2MEX42.CG310.XJ12,77.71921488867865,%
2026-07-07T22:00:00Z,239635e3-4297-44bf-acd5-b49a6128b3ad,Runner blade position,BUD2MEX42.CG310.XJ12,79.7264742466925,%
2026-07-07T21:00:00Z,239635e3-4297-44bf-acd5-b49a6128b3ad,Runner blade position,BUD2MEX42.CG310.XJ12,69.002589477573,%
2026-07-07T20:00:00Z,239635e3-4297-44bf-acd5-b49a6128b3ad,Runner blade position,BUD2MEX42.CG310.XJ12,81.29331065283881,%
2026-07-07T19:00:00Z,239635e3-4297-44bf-acd5-b49a6128b3ad,Runner blade position,BUD2MEX42.CG310.XJ12,81.34977055019803,%
2026-07-07T18:00:00Z,239635e3-4297-44bf-acd5-b49a6128b3ad,Runner blade position,BUD2MEX42.CG310.XJ12,81.297935710608,%
2026-07-07T17:00:00Z,239635e3-4297-44bf-acd5-b49a6128b3ad,Runner blade position,BUD2MEX42.CG310.XJ12,80.23435843852789,%
2026-07-07T16:00:00Z,239635e3-4297-44bf-acd5-b49a6128b3ad,Runner blade position,BUD2MEX42.CG310.XJ12,80.72819627973769,%
2026-07-07T15:00:00Z,239635e3-4297-44bf-acd5-b49a6128b3ad,Runner blade position,BUD2MEX42.CG310.XJ12,81.18102334379289,%
2026-07-07T14:00:00Z,239635e3-4297-44bf-acd5-b49a6128b3ad,Runner blade position,BUD2MEX42.CG310.XJ12,82.1555343161689,%
2026-07-07T13:00:00Z,239635e3-4297-44bf-acd5-b49a6128b3ad,Runner blade position,BUD2MEX42.CG310.XJ12,82.18076709109766,%
2026-07-07T12:00:00Z,239635e3-4297-44bf-acd5-b49a6128b3ad,Runner blade position,BUD2MEX42.CG310.XJ12,82.06248916447858,%
2026-07-07T11:00:00Z,239635e3-4297-44bf-acd5-b49a6128b3ad,Runner blade position,BUD2MEX42.CG310.XJ12,70.23599671495829,%
2026-07-07T10:00:00Z,239635e3-4297-44bf-acd5-b49a6128b3ad,Runner blade position,BUD2MEX42.CG310.XJ12,64.54651454925538,%
2026-07-07T09:00:00Z,239635e3-4297-44bf-acd5-b49a6128b3ad,Runner blade position,BUD2MEX42.CG310.XJ12,72.47575319502089,%
2026-07-07T08:00:00Z,239635e3-4297-44bf-acd5-b49a6128b3ad,Runner blade position,BUD2MEX42.CG310.XJ12,63.74724389076763,%
2026-07-07T07:00:00Z,239635e3-4297-44bf-acd5-b49a6128b3ad,Runner blade position,BUD2MEX42.CG310.XJ12,13.99182811419169,%
2026-07-07T06:00:00Z,239635e3-4297-44bf-acd5-b49a6128b3ad,Runner blade position,BUD2MEX42.CG310.XJ12,50.028371781243216,%
2026-07-07T05:00:00Z,239635e3-4297-44bf-acd5-b49a6128b3ad,Runner blade position,BUD2MEX42.CG310.XJ12,33.34213958740234,%
2026-07-07T04:00:00Z,239635e3-4297-44bf-acd5-b49a6128b3ad,Runner blade position,BUD2MEX42.CG310.XJ12,29.02863087442186,%
2026-07-07T03:00:00Z,239635e3-4297-44bf-acd5-b49a6128b3ad,Runner blade position,BUD2MEX42.CG310.XJ12,33.585103848775226,%
2026-07-07T02:00:00Z,239635e3-4297-44bf-acd5-b49a6128b3ad,Runner blade position,BUD2MEX42.CG310.XJ12,44.3049193488227,%
2026-07-07T01:00:00Z,239635e3-4297-44bf-acd5-b49a6128b3ad,Runner blade position,BUD2MEX42.CG310.XJ12,50.8638083076477,%
2026-07-07T00:00:00Z,239635e3-4297-44bf-acd5-b49a6128b3ad,Runner blade position,BUD2MEX42.CG310.XJ12,53.59263201607598,%
2026-07-06T23:00:00Z,239635e3-4297-44bf-acd5-b49a6128b3ad,Runner blade position,BUD2MEX42.CG310.XJ12,55.373012305101646,%
2026-07-06T22:00:00Z,239635e3-4297-44bf-acd5-b49a6128b3ad,Runner blade position,BUD2MEX42.CG310.XJ12,50.25807202445136,%
2026-07-06T21:00:00Z,239635e3-4297-44bf-acd5-b49a6128b3ad,Runner blade position,BUD2MEX42.CG310.XJ12,51.639718494415284,%
2026-07-06T20:00:00Z,239635e3-4297-44bf-acd5-b49a6128b3ad,Runner blade position,BUD2MEX42.CG310.XJ12,66.95381174728962,%
2026-07-06T19:00:00Z,239635e3-4297-44bf-acd5-b49a6128b3ad,Runner blade position,BUD2MEX42.CG310.XJ12,73.21592093653783,%
2026-07-06T18:00:00Z,239635e3-4297-44bf-acd5-b49a6128b3ad,Runner blade position,BUD2MEX42.CG310.XJ12,77.97467795477974,%
2026-07-06T17:00:00Z,239635e3-4297-44bf-acd5-b49a6128b3ad,Runner blade position,BUD2MEX42.CG310.XJ12,76.9458720779419,%
2026-07-06T16:00:00Z,239635e3-4297-44bf-acd5-b49a6128b3ad,Runner blade position,BUD2MEX42.CG310.XJ12,67.83019390953912,%
2026-07-06T15:00:00Z,239635e3-4297-44bf-acd5-b49a6128b3ad,Runner blade position,BUD2MEX42.CG310.XJ12,77.08436396600406,%
2026-07-06T14:00:00Z,239635e3-4297-44bf-acd5-b49a6128b3ad,Runner blade position,BUD2MEX42.CG310.XJ12,69.62628759913974,%
2026-07-06T13:00:00Z,239635e3-4297-44bf-acd5-b49a6128b3ad,Runner blade position,BUD2MEX42.CG310.XJ12,73.71192553202312,%
2026-07-06T12:00:00Z,239635e3-4297-44bf-acd5-b49a6128b3ad,Runner blade position,BUD2MEX42.CG310.XJ12,70.65983704037137,%
2026-07-06T11:00:00Z,239635e3-4297-44bf-acd5-b49a6128b3ad,Runner blade position,BUD2MEX42.CG310.XJ12,79.28250445112933,%
2026-07-06T10:00:00Z,239635e3-4297-44bf-acd5-b49a6128b3ad,Runner blade position,BUD2MEX42.CG310.XJ12,80.78112852308485,%
2026-07-06T09:00:00Z,239635e3-4297-44bf-acd5-b49a6128b3ad,Runner blade position,BUD2MEX42.CG310.XJ12,77.35701618544455,%
2026-07-06T08:00:00Z,239635e3-4297-44bf-acd5-b49a6128b3ad,Runner blade position,BUD2MEX42.CG310.XJ12,58.74320383888728,%
2026-07-06T07:00:00Z,239635e3-4297-44bf-acd5-b49a6128b3ad,Runner blade position,BUD2MEX42.CG310.XJ12,57.756518018510604,%
2026-07-06T06:00:00Z,239635e3-4297-44bf-acd5-b49a6128b3ad,Runner blade position,BUD2MEX42.CG310.XJ12,52.90776452801083,%
2026-07-06T05:00:00Z,239635e3-4297-44bf-acd5-b49a6128b3ad,Runner blade position,BUD2MEX42.CG310.XJ12,47.89759109603034,%
2026-07-06T04:00:00Z,239635e3-4297-44bf-acd5-b49a6128b3ad,Runner blade position,BUD2MEX42.CG310.XJ12,30.61224593289234,%
2026-07-06T03:00:00Z,239635e3-4297-44bf-acd5-b49a6128b3ad,Runner blade position,BUD2MEX42.CG310.XJ12,30.696269803577,%
2026-07-06T02:00:00Z,239635e3-4297-44bf-acd5-b49a6128b3ad,Runner blade position,BUD2MEX42.CG310.XJ12,30.754853628687624,%
2026-07-06T01:00:00Z,239635e3-4297-44bf-acd5-b49a6128b3ad,Runner blade position,BUD2MEX42.CG310.XJ12,30.86951675923383,%
2026-07-06T00:00:00Z,239635e3-4297-44bf-acd5-b49a6128b3ad,Runner blade position,BUD2MEX42.CG310.XJ12,31.060175731447007,%
2026-07-05T23:00:00Z,239635e3-4297-44bf-acd5-b49a6128b3ad,Runner blade position,BUD2MEX42.CG310.XJ12,36.65968586962511,%
2026-07-05T22:00:00Z,239635e3-4297-44bf-acd5-b49a6128b3ad,Runner blade position,BUD2MEX42.CG310.XJ12,46.136068957987725,%
2026-07-05T21:00:00Z,239635e3-4297-44bf-acd5-b49a6128b3ad,Runner blade position,BUD2MEX42.CG310.XJ12,63.21511273066203,%
2026-07-05T20:00:00Z,239635e3-4297-44bf-acd5-b49a6128b3ad,Runner blade position,BUD2MEX42.CG310.XJ12,71.09679152739174,%
2026-07-05T19:00:00Z,239635e3-4297-44bf-acd5-b49a6128b3ad,Runner blade position,BUD2MEX42.CG310.XJ12,76.13622793268667,%
2026-07-05T18:00:00Z,239635e3-4297-44bf-acd5-b49a6128b3ad,Runner blade position,BUD2MEX42.CG310.XJ12,76.01598741321331,%
2026-07-05T17:00:00Z,239635e3-4297-44bf-acd5-b49a6128b3ad,Runner blade position,BUD2MEX42.CG310.XJ12,65.85115981843737,%
2026-07-05T16:00:00Z,239635e3-4297-44bf-acd5-b49a6128b3ad,Runner blade position,BUD2MEX42.CG310.XJ12,61.73492114384969,%
2026-07-05T15:00:00Z,239635e3-4297-44bf-acd5-b49a6128b3ad,Runner blade position,BUD2MEX42.CG310.XJ12,56.842827527787954,%
2026-07-05T14:00:00Z,239635e3-4297-44bf-acd5-b49a6128b3ad,Runner blade position,BUD2MEX42.CG310.XJ12,58.75130340643951,%
2026-07-05T13:00:00Z,239635e3-4297-44bf-acd5-b49a6128b3ad,Runner blade position,BUD2MEX42.CG310.XJ12,60.09949260582322,%
2026-07-05T12:00:00Z,239635e3-4297-44bf-acd5-b49a6128b3ad,Runner blade position,BUD2MEX42.CG310.XJ12,57.019947883220034,%
2026-07-05T11:00:00Z,239635e3-4297-44bf-acd5-b49a6128b3ad,Runner blade position,BUD2MEX42.CG310.XJ12,68.93003847547344,%
2026-07-05T10:00:00Z,239635e3-4297-44bf-acd5-b49a6128b3ad,Runner blade position,BUD2MEX42.CG310.XJ12,59.44573033216927,%
2026-07-05T09:00:00Z,239635e3-4297-44bf-acd5-b49a6128b3ad,Runner blade position,BUD2MEX42.CG310.XJ12,96.69346674962526,%
2026-07-05T08:00:00Z,239635e3-4297-44bf-acd5-b49a6128b3ad,Runner blade position,BUD2MEX42.CG310.XJ12,53.62376844077855,%
2026-07-05T07:00:00Z,239635e3-4297-44bf-acd5-b49a6128b3ad,Runner blade position,BUD2MEX42.CG310.XJ12,45.00578174524837,%
2026-07-05T06:00:00Z,239635e3-4297-44bf-acd5-b49a6128b3ad,Runner blade position,BUD2MEX42.CG310.XJ12,30.329936934577095,%
2026-07-05T05:00:00Z,239635e3-4297-44bf-acd5-b49a6128b3ad,Runner blade position,BUD2MEX42.CG310.XJ12,29.76675206184387,%
2026-07-05T04:00:00Z,239635e3-4297-44bf-acd5-b49a6128b3ad,Runner blade position,BUD2MEX42.CG310.XJ12,29.36112332344055,%
2026-07-05T03:00:00Z,239635e3-4297-44bf-acd5-b49a6128b3ad,Runner blade position,BUD2MEX42.CG310.XJ12,30.720128503092266,%
2026-07-05T02:00:00Z,239635e3-4297-44bf-acd5-b49a6128b3ad,Runner blade position,BUD2MEX42.CG310.XJ12,51.82583616680569,%
2026-07-05T01:00:00Z,239635e3-4297-44bf-acd5-b49a6128b3ad,Runner blade position,BUD2MEX42.CG310.XJ12,44.306287646823456,%
2026-07-05T00:00:00Z,239635e3-4297-44bf-acd5-b49a6128b3ad,Runner blade position,BUD2MEX42.CG310.XJ12,58.69747825143336,%
2026-07-04T23:00:00Z,239635e3-4297-44bf-acd5-b49a6128b3ad,Runner blade position,BUD2MEX42.CG310.XJ12,25.357242268631683,%
2026-07-04T22:00:00Z,239635e3-4297-44bf-acd5-b49a6128b3ad,Runner blade position,BUD2MEX42.CG310.XJ12,37.15051447020637,%
2026-07-04T21:00:00Z,239635e3-4297-44bf-acd5-b49a6128b3ad,Runner blade position,BUD2MEX42.CG310.XJ12,54.85812621145794,%
2026-07-04T20:00:00Z,239635e3-4297-44bf-acd5-b49a6128b3ad,Runner blade position,BUD2MEX42.CG310.XJ12,69.68558881758584,%
2026-07-04T19:00:00Z,239635e3-4297-44bf-acd5-b49a6128b3ad,Runner blade position,BUD2MEX42.CG310.XJ12,65.73730640623305,%
2026-07-04T18:00:00Z,239635e3-4297-44bf-acd5-b49a6128b3ad,Runner blade position,BUD2MEX42.CG310.XJ12,44.24405909220378,%
2026-07-04T17:00:00Z,239635e3-4297-44bf-acd5-b49a6128b3ad,Runner blade position,BUD2MEX42.CG310.XJ12,46.71047798580594,%
2026-07-04T16:00:00Z,239635e3-4297-44bf-acd5-b49a6128b3ad,Runner blade position,BUD2MEX42.CG310.XJ12,55.94241783816394,%
2026-07-04T15:00:00Z,239635e3-4297-44bf-acd5-b49a6128b3ad,Runner blade position,BUD2MEX42.CG310.XJ12,44.13758767022027,%
2026-07-04T14:00:00Z,239635e3-4297-44bf-acd5-b49a6128b3ad,Runner blade position,BUD2MEX42.CG310.XJ12,70.33147652096218,%
2026-07-04T13:00:00Z,239635e3-4297-44bf-acd5-b49a6128b3ad,Runner blade position,BUD2MEX42.CG310.XJ12,73.2139823434085,%
2026-07-04T12:00:00Z,239635e3-4297-44bf-acd5-b49a6128b3ad,Runner blade position,BUD2MEX42.CG310.XJ12,53.83929636425442,%
2026-07-04T11:00:00Z,239635e3-4297-44bf-acd5-b49a6128b3ad,Runner blade position,BUD2MEX42.CG310.XJ12,49.002333318922254,%
2026-07-04T10:00:00Z,239635e3-4297-44bf-acd5-b49a6128b3ad,Runner blade position,BUD2MEX42.CG310.XJ12,43.74302200317383,%
2026-07-04T09:00:00Z,239635e3-4297-44bf-acd5-b49a6128b3ad,Runner blade position,BUD2MEX42.CG310.XJ12,66.26738506952921,%
2026-07-04T08:00:00Z,239635e3-4297-44bf-acd5-b49a6128b3ad,Runner blade position,BUD2MEX42.CG310.XJ12,41.73424381759432,%
2026-07-04T07:00:00Z,239635e3-4297-44bf-acd5-b49a6128b3ad,Runner blade position,BUD2MEX42.CG310.XJ12,45.8867983206453,%
2026-07-04T06:00:00Z,239635e3-4297-44bf-acd5-b49a6128b3ad,Runner blade position,BUD2MEX42.CG310.XJ12,32.17675038761563,%
2026-07-04T05:00:00Z,239635e3-4297-44bf-acd5-b49a6128b3ad,Runner blade position,BUD2MEX42.CG310.XJ12,31.2014344490899,%
2026-07-04T04:00:00Z,239635e3-4297-44bf-acd5-b49a6128b3ad,Runner blade position,BUD2MEX42.CG310.XJ12,29.507710223727756,%
2026-07-04T03:00:00Z,239635e3-4297-44bf-acd5-b49a6128b3ad,Runner blade position,BUD2MEX42.CG310.XJ12,30.443465701209174,%
2026-07-04T02:00:00Z,239635e3-4297-44bf-acd5-b49a6128b3ad,Runner blade position,BUD2MEX42.CG310.XJ12,30.248400638870823,%
2026-07-04T01:00:00Z,239635e3-4297-44bf-acd5-b49a6128b3ad,Runner blade position,BUD2MEX42.CG310.XJ12,49.25806431878998,%
2026-07-04T00:00:00Z,239635e3-4297-44bf-acd5-b49a6128b3ad,Runner blade position,BUD2MEX42.CG310.XJ12,32.377524887720746,%
2026-07-03T23:00:00Z,239635e3-4297-44bf-acd5-b49a6128b3ad,Runner blade position,BUD2MEX42.CG310.XJ12,52.47219461652968,%
2026-07-03T22:00:00Z,239635e3-4297-44bf-acd5-b49a6128b3ad,Runner blade position,BUD2MEX42.CG310.XJ12,69.11621686087715,%
2026-07-03T21:00:00Z,239635e3-4297-44bf-acd5-b49a6128b3ad,Runner blade position,BUD2MEX42.CG310.XJ12,76.66382354328748,%
2026-07-03T20:00:00Z,239635e3-4297-44bf-acd5-b49a6128b3ad,Runner blade position,BUD2MEX42.CG310.XJ12,55.47190720876058,%
2026-07-03T19:00:00Z,239635e3-4297-44bf-acd5-b49a6128b3ad,Runner blade position,BUD2MEX42.CG310.XJ12,63.56672416971153,%
2026-07-03T18:00:00Z,239635e3-4297-44bf-acd5-b49a6128b3ad,Runner blade position,BUD2MEX42.CG310.XJ12,77.62288776096433,%
2026-07-03T17:00:00Z,239635e3-4297-44bf-acd5-b49a6128b3ad,Runner blade position,BUD2MEX42.CG310.XJ12,72.83337788899739,%
2026-07-03T16:00:00Z,239635e3-4297-44bf-acd5-b49a6128b3ad,Runner blade position,BUD2MEX42.CG310.XJ12,63.363259763436695,%
2026-07-03T15:00:00Z,239635e3-4297-44bf-acd5-b49a6128b3ad,Runner blade position,BUD2MEX42.CG310.XJ12,49.776109320322675,%
2026-07-03T14:00:00Z,239635e3-4297-44bf-acd5-b49a6128b3ad,Runner blade position,BUD2MEX42.CG310.XJ12,38.33290234353807,%
2026-07-03T13:00:00Z,239635e3-4297-44bf-acd5-b49a6128b3ad,Runner blade position,BUD2MEX42.CG310.XJ12,42.09794247528127,%
2026-07-03T12:00:00Z,239635e3-4297-44bf-acd5-b49a6128b3ad,Runner blade position,BUD2MEX42.CG310.XJ12,42.37094841427273,%
2026-07-03T11:00:00Z,239635e3-4297-44bf-acd5-b49a6128b3ad,Runner blade position,BUD2MEX42.CG310.XJ12,69.77605056974623,%
2026-07-03T10:00:00Z,239635e3-4297-44bf-acd5-b49a6128b3ad,Runner blade position,BUD2MEX42.CG310.XJ12,47.64186134974162,%
2026-07-03T09:00:00Z,239635e3-4297-44bf-acd5-b49a6128b3ad,Runner blade position,BUD2MEX42.CG310.XJ12,43.91678899341159,%
2026-07-03T08:00:00Z,239635e3-4297-44bf-acd5-b49a6128b3ad,Runner blade position,BUD2MEX42.CG310.XJ12,34.632390163209706,%
2026-07-03T07:00:00Z,239635e3-4297-44bf-acd5-b49a6128b3ad,Runner blade position,BUD2MEX42.CG310.XJ12,49.48922119114134,%
2026-07-03T06:00:00Z,239635e3-4297-44bf-acd5-b49a6128b3ad,Runner blade position,BUD2MEX42.CG310.XJ12,44.79512184990777,%
2026-07-03T05:00:00Z,239635e3-4297-44bf-acd5-b49a6128b3ad,Runner blade position,BUD2MEX42.CG310.XJ12,39.07344334072537,%
2026-07-03T04:00:00Z,239635e3-4297-44bf-acd5-b49a6128b3ad,Runner blade position,BUD2MEX42.CG310.XJ12,37.12077595392863,%
2026-07-03T03:00:00Z,239635e3-4297-44bf-acd5-b49a6128b3ad,Runner blade position,BUD2MEX42.CG310.XJ12,36.10035728242662,%
2026-07-03T02:00:00Z,239635e3-4297-44bf-acd5-b49a6128b3ad,Runner blade position,BUD2MEX42.CG310.XJ12,30.190407883928774,%
2026-07-03T01:00:00Z,239635e3-4297-44bf-acd5-b49a6128b3ad,Runner blade position,BUD2MEX42.CG310.XJ12,41.17193284140693,%
2026-07-03T00:00:00Z,239635e3-4297-44bf-acd5-b49a6128b3ad,Runner blade position,BUD2MEX42.CG310.XJ12,46.541263679983615,%
2026-07-02T23:00:00Z,239635e3-4297-44bf-acd5-b49a6128b3ad,Runner blade position,BUD2MEX42.CG310.XJ12,57.81288374370999,%
2026-07-02T22:00:00Z,239635e3-4297-44bf-acd5-b49a6128b3ad,Runner blade position,BUD2MEX42.CG310.XJ12,46.19355713068743,%
2026-07-02T21:00:00Z,239635e3-4297-44bf-acd5-b49a6128b3ad,Runner blade position,BUD2MEX42.CG310.XJ12,52.37712599224515,%
2026-07-02T20:00:00Z,239635e3-4297-44bf-acd5-b49a6128b3ad,Runner blade position,BUD2MEX42.CG310.XJ12,65.3010553526441,%
2026-07-02T19:00:00Z,239635e3-4297-44bf-acd5-b49a6128b3ad,Runner blade position,BUD2MEX42.CG310.XJ12,48.19409587012397,%
2026-07-02T18:00:00Z,239635e3-4297-44bf-acd5-b49a6128b3ad,Runner blade position,BUD2MEX42.CG310.XJ12,48.39360149595473,%
2026-07-02T17:00:00Z,239635e3-4297-44bf-acd5-b49a6128b3ad,Runner blade position,BUD2MEX42.CG310.XJ12,46.56875830756293,%
2026-07-02T16:00:00Z,239635e3-4297-44bf-acd5-b49a6128b3ad,Runner blade position,BUD2MEX42.CG310.XJ12,50.0972828801473,%
2026-07-02T15:00:00Z,239635e3-4297-44bf-acd5-b49a6128b3ad,Runner blade position,BUD2MEX42.CG310.XJ12,50.941649765090986,%
2026-07-02T14:00:00Z,239635e3-4297-44bf-acd5-b49a6128b3ad,Runner blade position,BUD2MEX42.CG310.XJ12,43.663356711030865,%
2026-07-02T13:00:00Z,239635e3-4297-44bf-acd5-b49a6128b3ad,Runner blade position,BUD2MEX42.CG310.XJ12,53.960333293514026,%
2026-07-02T12:00:00Z,239635e3-4297-44bf-acd5-b49a6128b3ad,Runner blade position,BUD2MEX42.CG310.XJ12,53.47373399734497,%
2026-07-02T11:00:00Z,239635e3-4297-44bf-acd5-b49a6128b3ad,Runner blade position,BUD2MEX42.CG310.XJ12,60.54764009687636,%
2026-07-02T10:00:00Z,239635e3-4297-44bf-acd5-b49a6128b3ad,Runner blade position,BUD2MEX42.CG310.XJ12,57.6725096405877,%
2026-07-02T09:00:00Z,239635e3-4297-44bf-acd5-b49a6128b3ad,Runner blade position,BUD2MEX42.CG310.XJ12,56.86222428215875,%
2026-07-02T08:00:00Z,239635e3-4297-44bf-acd5-b49a6128b3ad,Runner blade position,BUD2MEX42.CG310.XJ12,74.83972693337334,%
2026-07-02T07:00:00Z,239635e3-4297-44bf-acd5-b49a6128b3ad,Runner blade position,BUD2MEX42.CG310.XJ12,51.72674588733249,%
2026-07-02T06:00:00Z,239635e3-4297-44bf-acd5-b49a6128b3ad,Runner blade position,BUD2MEX42.CG310.XJ12,45.68158440115453,%
2026-07-02T05:00:00Z,239635e3-4297-44bf-acd5-b49a6128b3ad,Runner blade position,BUD2MEX42.CG310.XJ12,52.78828227672397,%
2026-07-02T04:00:00Z,239635e3-4297-44bf-acd5-b49a6128b3ad,Runner blade position,BUD2MEX42.CG310.XJ12,51.405150975121394,%
2026-07-02T03:00:00Z,239635e3-4297-44bf-acd5-b49a6128b3ad,Runner blade position,BUD2MEX42.CG310.XJ12,52.77395900152313,%
2026-07-02T02:00:00Z,239635e3-4297-44bf-acd5-b49a6128b3ad,Runner blade position,BUD2MEX42.CG310.XJ12,55.283679580900284,%
2026-07-02T01:00:00Z,239635e3-4297-44bf-acd5-b49a6128b3ad,Runner blade position,BUD2MEX42.CG310.XJ12,55.226640665266245,%
2026-07-02T00:00:00Z,239635e3-4297-44bf-acd5-b49a6128b3ad,Runner blade position,BUD2MEX42.CG310.XJ12,54.19540410998664,%
2026-07-01T23:00:00Z,239635e3-4297-44bf-acd5-b49a6128b3ad,Runner blade position,BUD2MEX42.CG310.XJ12,60.405122026461505,%
2026-07-01T22:00:00Z,239635e3-4297-44bf-acd5-b49a6128b3ad,Runner blade position,BUD2MEX42.CG310.XJ12,55.97706467174676,%
2026-07-01T21:00:00Z,239635e3-4297-44bf-acd5-b49a6128b3ad,Runner blade position,BUD2MEX42.CG310.XJ12,58.62645363277859,%
2026-07-01T20:00:00Z,239635e3-4297-44bf-acd5-b49a6128b3ad,Runner blade position,BUD2MEX42.CG310.XJ12,61.88774292839898,%
2026-07-01T19:00:00Z,239635e3-4297-44bf-acd5-b49a6128b3ad,Runner blade position,BUD2MEX42.CG310.XJ12,79.5200332947457,%
2026-07-01T18:00:00Z,239635e3-4297-44bf-acd5-b49a6128b3ad,Runner blade position,BUD2MEX42.CG310.XJ12,81.32097597742425,%
2026-07-01T17:00:00Z,239635e3-4297-44bf-acd5-b49a6128b3ad,Runner blade position,BUD2MEX42.CG310.XJ12,81.30204957326254,%
2026-07-01T16:00:00Z,239635e3-4297-44bf-acd5-b49a6128b3ad,Runner blade position,BUD2MEX42.CG310.XJ12,81.31282757680195,%
2026-07-01T15:00:00Z,239635e3-4297-44bf-acd5-b49a6128b3ad,Runner blade position,BUD2MEX42.CG310.XJ12,80.52371818118625,%
2026-07-01T14:00:00Z,239635e3-4297-44bf-acd5-b49a6128b3ad,Runner blade position,BUD2MEX42.CG310.XJ12,61.92644967444411,%
2026-07-01T13:00:00Z,239635e3-4297-44bf-acd5-b49a6128b3ad,Runner blade position,BUD2MEX42.CG310.XJ12,54.17613924629759,%
2026-07-01T12:00:00Z,239635e3-4297-44bf-acd5-b49a6128b3ad,Runner blade position,BUD2MEX42.CG310.XJ12,54.20181346973933,%
2026-07-01T11:00:00Z,239635e3-4297-44bf-acd5-b49a6128b3ad,Runner blade position,BUD2MEX42.CG310.XJ12,53.18266459661699,%
2026-07-01T10:00:00Z,239635e3-4297-44bf-acd5-b49a6128b3ad,Runner blade position,BUD2MEX42.CG310.XJ12,51.61636301704674,%
2026-07-01T09:00:00Z,239635e3-4297-44bf-acd5-b49a6128b3ad,Runner blade position,BUD2MEX42.CG310.XJ12,53.398901697130185,%
2026-07-01T08:00:00Z,239635e3-4297-44bf-acd5-b49a6128b3ad,Runner blade position,BUD2MEX42.CG310.XJ12,47.57424504658802,%
2026-07-01T07:00:00Z,239635e3-4297-44bf-acd5-b49a6128b3ad,Runner blade position,BUD2MEX42.CG310.XJ12,53.05449593603909,%
2026-07-01T06:00:00Z,239635e3-4297-44bf-acd5-b49a6128b3ad,Runner blade position,BUD2MEX42.CG310.XJ12,14.547953510284424,%
2026-07-01T05:00:00Z,239635e3-4297-44bf-acd5-b49a6128b3ad,Runner blade position,BUD2MEX42.CG310.XJ12,13.055653389396435,%
2026-07-01T04:00:00Z,239635e3-4297-44bf-acd5-b49a6128b3ad,Runner blade position,BUD2MEX42.CG310.XJ12,13.042825964291891,%
2026-07-01T03:00:00Z,239635e3-4297-44bf-acd5-b49a6128b3ad,Runner blade position,BUD2MEX42.CG310.XJ12,13.123097658289877,%
2026-07-01T02:00:00Z,239635e3-4297-44bf-acd5-b49a6128b3ad,Runner blade position,BUD2MEX42.CG310.XJ12,14.488057971000671,%
2026-07-01T01:00:00Z,239635e3-4297-44bf-acd5-b49a6128b3ad,Runner blade position,BUD2MEX42.CG310.XJ12,16.943944026072245,%
2026-07-01T00:00:00Z,239635e3-4297-44bf-acd5-b49a6128b3ad,Runner blade position,BUD2MEX42.CG310.XJ12,22.72227724044605,%
2026-06-30T23:00:00Z,239635e3-4297-44bf-acd5-b49a6128b3ad,Runner blade position,BUD2MEX42.CG310.XJ12,36.07140464464823,%
2026-06-30T22:00:00Z,239635e3-4297-44bf-acd5-b49a6128b3ad,Runner blade position,BUD2MEX42.CG310.XJ12,49.987117123074,%
2026-06-30T21:00:00Z,239635e3-4297-44bf-acd5-b49a6128b3ad,Runner blade position,BUD2MEX42.CG310.XJ12,47.819725388420956,%
2026-06-30T20:00:00Z,239635e3-4297-44bf-acd5-b49a6128b3ad,Runner blade position,BUD2MEX42.CG310.XJ12,58.71038110763779,%
2026-06-30T19:00:00Z,239635e3-4297-44bf-acd5-b49a6128b3ad,Runner blade position,BUD2MEX42.CG310.XJ12,48.840119672708546,%
2026-06-30T18:00:00Z,239635e3-4297-44bf-acd5-b49a6128b3ad,Runner blade position,BUD2MEX42.CG310.XJ12,49.436376473054146,%
2026-06-30T17:00:00Z,239635e3-4297-44bf-acd5-b49a6128b3ad,Runner blade position,BUD2MEX42.CG310.XJ12,53.794877081977,%
2026-06-30T16:00:00Z,239635e3-4297-44bf-acd5-b49a6128b3ad,Runner blade position,BUD2MEX42.CG310.XJ12,54.16104476275611,%
2026-06-30T15:00:00Z,239635e3-4297-44bf-acd5-b49a6128b3ad,Runner blade position,BUD2MEX42.CG310.XJ12,55.339409069593515,%
2026-06-30T14:00:00Z,239635e3-4297-44bf-acd5-b49a6128b3ad,Runner blade position,BUD2MEX42.CG310.XJ12,53.92931530331321,%
2026-06-30T13:00:00Z,239635e3-4297-44bf-acd5-b49a6128b3ad,Runner blade position,BUD2MEX42.CG310.XJ12,47.38557887262974,%
2026-06-30T12:00:00Z,239635e3-4297-44bf-acd5-b49a6128b3ad,Runner blade position,BUD2MEX42.CG310.XJ12,45.31358191596137,%
2026-06-30T11:00:00Z,239635e3-4297-44bf-acd5-b49a6128b3ad,Runner blade position,BUD2MEX42.CG310.XJ12,62.616675136750644,%
2026-06-30T10:00:00Z,239635e3-4297-44bf-acd5-b49a6128b3ad,Runner blade position,BUD2MEX42.CG310.XJ12,52.757710988786485,%
2026-06-30T09:00:00Z,239635e3-4297-44bf-acd5-b49a6128b3ad,Runner blade position,BUD2MEX42.CG310.XJ12,31.74822896700294,%
2026-07-30T09:00:00Z,085107b7-15f1-4146-bc39-41eb63cdce9d,2CFA.Head,Head,40.606238848711996,m
2026-07-30T08:00:00Z,085107b7-15f1-4146-bc39-41eb63cdce9d,2CFA.Head,Head,40.48042424073693,m
2026-07-30T07:00:00Z,085107b7-15f1-4146-bc39-41eb63cdce9d,2CFA.Head,Head,40.332004299666075,m
2026-07-30T06:00:00Z,085107b7-15f1-4146-bc39-41eb63cdce9d,2CFA.Head,Head,40.34480645013996,m
2026-07-30T05:00:00Z,085107b7-15f1-4146-bc39-41eb63cdce9d,2CFA.Head,Head,40.35981923356841,m
2026-07-30T04:00:00Z,085107b7-15f1-4146-bc39-41eb63cdce9d,2CFA.Head,Head,40.37981353114493,m
2026-07-30T03:00:00Z,085107b7-15f1-4146-bc39-41eb63cdce9d,2CFA.Head,Head,41.31785937562083,m
2026-07-30T02:00:00Z,085107b7-15f1-4146-bc39-41eb63cdce9d,2CFA.Head,Head,41.576532835601476,m
2026-07-30T01:00:00Z,085107b7-15f1-4146-bc39-41eb63cdce9d,2CFA.Head,Head,41.55544500007171,m
2026-07-30T00:00:00Z,085107b7-15f1-4146-bc39-41eb63cdce9d,2CFA.Head,Head,41.51949166399528,m
2026-07-29T23:00:00Z,085107b7-15f1-4146-bc39-41eb63cdce9d,2CFA.Head,Head,41.41294385445024,m
2026-07-29T22:00:00Z,085107b7-15f1-4146-bc39-41eb63cdce9d,2CFA.Head,Head,41.0637204124814,m
2026-07-29T21:00:00Z,085107b7-15f1-4146-bc39-41eb63cdce9d,2CFA.Head,Head,40.6056420848545,m
2026-07-29T20:00:00Z,085107b7-15f1-4146-bc39-41eb63cdce9d,2CFA.Head,Head,40.41281221231837,m
2026-07-29T19:00:00Z,085107b7-15f1-4146-bc39-41eb63cdce9d,2CFA.Head,Head,40.118375596127436,m
2026-07-29T18:00:00Z,085107b7-15f1-4146-bc39-41eb63cdce9d,2CFA.Head,Head,40.17820394136928,m
2026-07-29T17:00:00Z,085107b7-15f1-4146-bc39-41eb63cdce9d,2CFA.Head,Head,40.71586859014334,m
2026-07-29T16:00:00Z,085107b7-15f1-4146-bc39-41eb63cdce9d,2CFA.Head,Head,40.56530885819807,m
2026-07-29T15:00:00Z,085107b7-15f1-4146-bc39-41eb63cdce9d,2CFA.Head,Head,40.59797309620352,m
2026-07-29T14:00:00Z,085107b7-15f1-4146-bc39-41eb63cdce9d,2CFA.Head,Head,40.363869968848896,m
2026-07-29T13:00:00Z,085107b7-15f1-4146-bc39-41eb63cdce9d,2CFA.Head,Head,39.602951488906534,m
2026-07-29T12:00:00Z,085107b7-15f1-4146-bc39-41eb63cdce9d,2CFA.Head,Head,39.70315819583722,m
2026-07-29T11:00:00Z,085107b7-15f1-4146-bc39-41eb63cdce9d,2CFA.Head,Head,40.11000583620328,m
2026-07-29T10:00:00Z,085107b7-15f1-4146-bc39-41eb63cdce9d,2CFA.Head,Head,40.524177853091736,m
2026-07-29T09:00:00Z,085107b7-15f1-4146-bc39-41eb63cdce9d,2CFA.Head,Head,39.777298788289215,m
2026-07-29T08:00:00Z,085107b7-15f1-4146-bc39-41eb63cdce9d,2CFA.Head,Head,40.36324830979567,m
2026-07-29T07:00:00Z,085107b7-15f1-4146-bc39-41eb63cdce9d,2CFA.Head,Head,40.070509395599366,m
2026-07-29T06:00:00Z,085107b7-15f1-4146-bc39-41eb63cdce9d,2CFA.Head,Head,39.97567569206058,m
2026-07-29T05:00:00Z,085107b7-15f1-4146-bc39-41eb63cdce9d,2CFA.Head,Head,41.53073976001056,m
2026-07-29T04:00:00Z,085107b7-15f1-4146-bc39-41eb63cdce9d,2CFA.Head,Head,41.636446461660086,m
2026-07-29T03:00:00Z,085107b7-15f1-4146-bc39-41eb63cdce9d,2CFA.Head,Head,41.52937208514347,m
2026-07-29T02:00:00Z,085107b7-15f1-4146-bc39-41eb63cdce9d,2CFA.Head,Head,40.96306949044706,m
2026-07-29T01:00:00Z,085107b7-15f1-4146-bc39-41eb63cdce9d,2CFA.Head,Head,40.77738207486009,m
2026-07-29T00:00:00Z,085107b7-15f1-4146-bc39-41eb63cdce9d,2CFA.Head,Head,40.30356782612048,m
2026-07-28T23:00:00Z,085107b7-15f1-4146-bc39-41eb63cdce9d,2CFA.Head,Head,39.79301192912649,m
2026-07-28T22:00:00Z,085107b7-15f1-4146-bc39-41eb63cdce9d,2CFA.Head,Head,39.695202012495564,m
2026-07-28T21:00:00Z,085107b7-15f1-4146-bc39-41eb63cdce9d,2CFA.Head,Head,39.84341382758562,m
2026-07-28T20:00:00Z,085107b7-15f1-4146-bc39-41eb63cdce9d,2CFA.Head,Head,40.83079197184245,m
2026-07-28T19:00:00Z,085107b7-15f1-4146-bc39-41eb63cdce9d,2CFA.Head,Head,40.75316047012109,m
2026-07-28T18:00:00Z,085107b7-15f1-4146-bc39-41eb63cdce9d,2CFA.Head,Head,40.542435146943895,m
2026-07-28T17:00:00Z,085107b7-15f1-4146-bc39-41eb63cdce9d,2CFA.Head,Head,41.41757666657741,m
2026-07-28T16:00:00Z,085107b7-15f1-4146-bc39-41eb63cdce9d,2CFA.Head,Head,40.82809476099812,m
2026-07-28T15:00:00Z,085107b7-15f1-4146-bc39-41eb63cdce9d,2CFA.Head,Head,40.79259883223585,m
2026-07-28T14:00:00Z,085107b7-15f1-4146-bc39-41eb63cdce9d,2CFA.Head,Head,40.19952898494162,m
2026-07-28T13:00:00Z,085107b7-15f1-4146-bc39-41eb63cdce9d,2CFA.Head,Head,39.41690092411243,m
2026-07-28T12:00:00Z,085107b7-15f1-4146-bc39-41eb63cdce9d,2CFA.Head,Head,39.10576875934946,m
2026-07-28T11:00:00Z,085107b7-15f1-4146-bc39-41eb63cdce9d,2CFA.Head,Head,39.83614116144406,m
2026-07-28T10:00:00Z,085107b7-15f1-4146-bc39-41eb63cdce9d,2CFA.Head,Head,40.499601310591956,m
2026-07-28T09:00:00Z,085107b7-15f1-4146-bc39-41eb63cdce9d,2CFA.Head,Head,40.81222790487452,m
2026-07-28T08:00:00Z,085107b7-15f1-4146-bc39-41eb63cdce9d,2CFA.Head,Head,39.848596656661314,m
2026-07-28T07:00:00Z,085107b7-15f1-4146-bc39-41eb63cdce9d,2CFA.Head,Head,40.18167654823918,m
2026-07-28T06:00:00Z,085107b7-15f1-4146-bc39-41eb63cdce9d,2CFA.Head,Head,40.39147451747856,m
2026-07-28T05:00:00Z,085107b7-15f1-4146-bc39-41eb63cdce9d,2CFA.Head,Head,40.58824591600258,m
2026-07-28T04:00:00Z,085107b7-15f1-4146-bc39-41eb63cdce9d,2CFA.Head,Head,40.79610462900508,m
2026-07-28T03:00:00Z,085107b7-15f1-4146-bc39-41eb63cdce9d,2CFA.Head,Head,41.467343101704735,m
2026-07-28T02:00:00Z,085107b7-15f1-4146-bc39-41eb63cdce9d,2CFA.Head,Head,41.573901104670696,m
2026-07-28T01:00:00Z,085107b7-15f1-4146-bc39-41eb63cdce9d,2CFA.Head,Head,41.60377373200297,m
2026-07-28T00:00:00Z,085107b7-15f1-4146-bc39-41eb63cdce9d,2CFA.Head,Head,41.53795770888633,m
2026-07-27T23:00:00Z,085107b7-15f1-4146-bc39-41eb63cdce9d,2CFA.Head,Head,41.61963244207974,m
2026-07-27T22:00:00Z,085107b7-15f1-4146-bc39-41eb63cdce9d,2CFA.Head,Head,41.609164563781825,m
2026-07-27T21:00:00Z,085107b7-15f1-4146-bc39-41eb63cdce9d,2CFA.Head,Head,41.317365124945105,m
2026-07-27T20:00:00Z,085107b7-15f1-4146-bc39-41eb63cdce9d,2CFA.Head,Head,41.076802443543215,m
2026-07-27T19:00:00Z,085107b7-15f1-4146-bc39-41eb63cdce9d,2CFA.Head,Head,41.372507077652884,m
2026-07-27T18:00:00Z,085107b7-15f1-4146-bc39-41eb63cdce9d,2CFA.Head,Head,41.43510117687414,m
2026-07-27T17:00:00Z,085107b7-15f1-4146-bc39-41eb63cdce9d,2CFA.Head,Head,41.538952900718456,m
2026-07-27T16:00:00Z,085107b7-15f1-4146-bc39-41eb63cdce9d,2CFA.Head,Head,41.27769367102134,m
2026-07-27T15:00:00Z,085107b7-15f1-4146-bc39-41eb63cdce9d,2CFA.Head,Head,41.04352531337499,m
2026-07-27T14:00:00Z,085107b7-15f1-4146-bc39-41eb63cdce9d,2CFA.Head,Head,40.94442735646358,m
2026-07-27T13:00:00Z,085107b7-15f1-4146-bc39-41eb63cdce9d,2CFA.Head,Head,38.567592540406494,m
2026-07-27T12:00:00Z,085107b7-15f1-4146-bc39-41eb63cdce9d,2CFA.Head,Head,39.984713886869955,m
2026-07-27T11:00:00Z,085107b7-15f1-4146-bc39-41eb63cdce9d,2CFA.Head,Head,41.13650785112112,m
2026-07-27T10:00:00Z,085107b7-15f1-4146-bc39-41eb63cdce9d,2CFA.Head,Head,40.828665663320805,m
2026-07-27T09:00:00Z,085107b7-15f1-4146-bc39-41eb63cdce9d,2CFA.Head,Head,39.946796067905076,m
2026-07-27T08:00:00Z,085107b7-15f1-4146-bc39-41eb63cdce9d,2CFA.Head,Head,40.86855997125162,m
2026-07-27T07:00:00Z,085107b7-15f1-4146-bc39-41eb63cdce9d,2CFA.Head,Head,41.429686152606926,m
2026-07-27T06:00:00Z,085107b7-15f1-4146-bc39-41eb63cdce9d,2CFA.Head,Head,41.70232305404893,m
2026-07-27T05:00:00Z,085107b7-15f1-4146-bc39-41eb63cdce9d,2CFA.Head,Head,41.70088088961863,m
2026-07-27T04:00:00Z,085107b7-15f1-4146-bc39-41eb63cdce9d,2CFA.Head,Head,41.709504969563376,m
2026-07-27T03:00:00Z,085107b7-15f1-4146-bc39-41eb63cdce9d,2CFA.Head,Head,41.711926766468835,m
2026-07-27T02:00:00Z,085107b7-15f1-4146-bc39-41eb63cdce9d,2CFA.Head,Head,41.70485364545528,m
2026-07-27T01:00:00Z,085107b7-15f1-4146-bc39-41eb63cdce9d,2CFA.Head,Head,41.703357749448294,m
2026-07-27T00:00:00Z,085107b7-15f1-4146-bc39-41eb63cdce9d,2CFA.Head,Head,41.69999548033172,m
2026-07-26T23:00:00Z,085107b7-15f1-4146-bc39-41eb63cdce9d,2CFA.Head,Head,41.04011661859206,m
2026-07-26T22:00:00Z,085107b7-15f1-4146-bc39-41eb63cdce9d,2CFA.Head,Head,41.22780982944169,m
2026-07-26T21:00:00Z,085107b7-15f1-4146-bc39-41eb63cdce9d,2CFA.Head,Head,40.52416431302848,m
2026-07-26T20:00:00Z,085107b7-15f1-4146-bc39-41eb63cdce9d,2CFA.Head,Head,40.48523401922788,m
2026-07-26T19:00:00Z,085107b7-15f1-4146-bc39-41eb63cdce9d,2CFA.Head,Head,41.319724429850474,m
2026-07-26T18:00:00Z,085107b7-15f1-4146-bc39-41eb63cdce9d,2CFA.Head,Head,41.34170401809562,m
2026-07-26T17:00:00Z,085107b7-15f1-4146-bc39-41eb63cdce9d,2CFA.Head,Head,41.4813246333973,m
2026-07-26T16:00:00Z,085107b7-15f1-4146-bc39-41eb63cdce9d,2CFA.Head,Head,41.309162606370144,m
2026-07-26T15:00:00Z,085107b7-15f1-4146-bc39-41eb63cdce9d,2CFA.Head,Head,40.119510035659324,m
2026-07-26T14:00:00Z,085107b7-15f1-4146-bc39-41eb63cdce9d,2CFA.Head,Head,39.599623665108474,m
2026-07-26T13:00:00Z,085107b7-15f1-4146-bc39-41eb63cdce9d,2CFA.Head,Head,37.94907679237216,m
2026-07-26T12:00:00Z,085107b7-15f1-4146-bc39-41eb63cdce9d,2CFA.Head,Head,38.00153226402185,m
2026-07-26T11:00:00Z,085107b7-15f1-4146-bc39-41eb63cdce9d,2CFA.Head,Head,39.56153067612067,m
2026-07-26T10:00:00Z,085107b7-15f1-4146-bc39-41eb63cdce9d,2CFA.Head,Head,40.13923444194178,m
2026-07-26T09:00:00Z,085107b7-15f1-4146-bc39-41eb63cdce9d,2CFA.Head,Head,40.1414523238594,m
2026-07-26T08:00:00Z,085107b7-15f1-4146-bc39-41eb63cdce9d,2CFA.Head,Head,40.34075905700023,m
2026-07-26T07:00:00Z,085107b7-15f1-4146-bc39-41eb63cdce9d,2CFA.Head,Head,40.61305437536048,m
2026-07-26T06:00:00Z,085107b7-15f1-4146-bc39-41eb63cdce9d,2CFA.Head,Head,40.757058253886406,m
2026-07-26T05:00:00Z,085107b7-15f1-4146-bc39-41eb63cdce9d,2CFA.Head,Head,41.18863873808503,m
2026-07-26T04:00:00Z,085107b7-15f1-4146-bc39-41eb63cdce9d,2CFA.Head,Head,41.18762086178163,m
2026-07-26T03:00:00Z,085107b7-15f1-4146-bc39-41eb63cdce9d,2CFA.Head,Head,40.48945026744496,m
2026-07-26T02:00:00Z,085107b7-15f1-4146-bc39-41eb63cdce9d,2CFA.Head,Head,40.53199770037826,m
2026-07-26T01:00:00Z,085107b7-15f1-4146-bc39-41eb63cdce9d,2CFA.Head,Head,40.242653758847226,m
2026-07-26T00:00:00Z,085107b7-15f1-4146-bc39-41eb63cdce9d,2CFA.Head,Head,40.06825962804299,m
2026-07-25T23:00:00Z,085107b7-15f1-4146-bc39-41eb63cdce9d,2CFA.Head,Head,39.93249576689263,m
2026-07-25T22:00:00Z,085107b7-15f1-4146-bc39-41eb63cdce9d,2CFA.Head,Head,39.865408479714695,m
2026-07-25T21:00:00Z,085107b7-15f1-4146-bc39-41eb63cdce9d,2CFA.Head,Head,39.27686931435696,m
2026-07-25T20:00:00Z,085107b7-15f1-4146-bc39-41eb63cdce9d,2CFA.Head,Head,39.492881194164006,m
2026-07-25T19:00:00Z,085107b7-15f1-4146-bc39-41eb63cdce9d,2CFA.Head,Head,39.76284606623596,m
2026-07-25T18:00:00Z,085107b7-15f1-4146-bc39-41eb63cdce9d,2CFA.Head,Head,39.88905277012781,m
2026-07-25T17:00:00Z,085107b7-15f1-4146-bc39-41eb63cdce9d,2CFA.Head,Head,39.88232258679395,m
2026-07-25T16:00:00Z,085107b7-15f1-4146-bc39-41eb63cdce9d,2CFA.Head,Head,39.87484219004807,m
2026-07-25T15:00:00Z,085107b7-15f1-4146-bc39-41eb63cdce9d,2CFA.Head,Head,39.845069984214554,m
2026-07-25T14:00:00Z,085107b7-15f1-4146-bc39-41eb63cdce9d,2CFA.Head,Head,39.65422928999494,m
2026-07-25T13:00:00Z,085107b7-15f1-4146-bc39-41eb63cdce9d,2CFA.Head,Head,39.65563248156659,m
2026-07-25T12:00:00Z,085107b7-15f1-4146-bc39-41eb63cdce9d,2CFA.Head,Head,38.809046386295876,m
2026-07-25T11:00:00Z,085107b7-15f1-4146-bc39-41eb63cdce9d,2CFA.Head,Head,38.750798837297914,m
2026-07-25T10:00:00Z,085107b7-15f1-4146-bc39-41eb63cdce9d,2CFA.Head,Head,39.9101273131421,m
2026-07-25T09:00:00Z,085107b7-15f1-4146-bc39-41eb63cdce9d,2CFA.Head,Head,41.52953551803564,m
2026-07-25T08:00:00Z,085107b7-15f1-4146-bc39-41eb63cdce9d,2CFA.Head,Head,41.52380065067897,m
2026-07-25T07:00:00Z,085107b7-15f1-4146-bc39-41eb63cdce9d,2CFA.Head,Head,41.52301992777905,m
2026-07-25T06:00:00Z,085107b7-15f1-4146-bc39-41eb63cdce9d,2CFA.Head,Head,41.5204758644104,m
2026-07-25T05:00:00Z,085107b7-15f1-4146-bc39-41eb63cdce9d,2CFA.Head,Head,41.52107941664767,m
2026-07-25T04:00:00Z,085107b7-15f1-4146-bc39-41eb63cdce9d,2CFA.Head,Head,41.5403535363464,m
2026-07-25T03:00:00Z,085107b7-15f1-4146-bc39-41eb63cdce9d,2CFA.Head,Head,41.40779294249832,m
2026-07-25T02:00:00Z,085107b7-15f1-4146-bc39-41eb63cdce9d,2CFA.Head,Head,41.44705031810496,m
2026-07-25T01:00:00Z,085107b7-15f1-4146-bc39-41eb63cdce9d,2CFA.Head,Head,41.446279194433366,m
2026-07-25T00:00:00Z,085107b7-15f1-4146-bc39-41eb63cdce9d,2CFA.Head,Head,41.38810627503081,m
2026-07-24T23:00:00Z,085107b7-15f1-4146-bc39-41eb63cdce9d,2CFA.Head,Head,41.266947932258205,m
2026-07-24T22:00:00Z,085107b7-15f1-4146-bc39-41eb63cdce9d,2CFA.Head,Head,40.50720472522104,m
2026-07-24T21:00:00Z,085107b7-15f1-4146-bc39-41eb63cdce9d,2CFA.Head,Head,40.503181631449046,m
2026-07-24T20:00:00Z,085107b7-15f1-4146-bc39-41eb63cdce9d,2CFA.Head,Head,40.5096050531981,m
2026-07-24T19:00:00Z,085107b7-15f1-4146-bc39-41eb63cdce9d,2CFA.Head,Head,39.823332748688514,m
2026-07-24T18:00:00Z,085107b7-15f1-4146-bc39-41eb63cdce9d,2CFA.Head,Head,39.010368728637694,m
2026-07-24T17:00:00Z,085107b7-15f1-4146-bc39-41eb63cdce9d,2CFA.Head,Head,39.33345456623899,m
2026-07-24T16:00:00Z,085107b7-15f1-4146-bc39-41eb63cdce9d,2CFA.Head,Head,40.48219858964782,m
2026-07-24T15:00:00Z,085107b7-15f1-4146-bc39-41eb63cdce9d,2CFA.Head,Head,40.544906256576176,m
2026-07-24T14:00:00Z,085107b7-15f1-4146-bc39-41eb63cdce9d,2CFA.Head,Head,39.957785968554944,m
2026-07-24T13:00:00Z,085107b7-15f1-4146-bc39-41eb63cdce9d,2CFA.Head,Head,39.24797153012188,m
2026-07-24T12:00:00Z,085107b7-15f1-4146-bc39-41eb63cdce9d,2CFA.Head,Head,39.276261058422406,m
2026-07-24T11:00:00Z,085107b7-15f1-4146-bc39-41eb63cdce9d,2CFA.Head,Head,38.953282909709564,m
2026-07-24T10:00:00Z,085107b7-15f1-4146-bc39-41eb63cdce9d,2CFA.Head,Head,38.880742777173765,m
2026-07-24T09:00:00Z,085107b7-15f1-4146-bc39-41eb63cdce9d,2CFA.Head,Head,39.13957325962612,m
2026-07-24T08:00:00Z,085107b7-15f1-4146-bc39-41eb63cdce9d,2CFA.Head,Head,38.42633970816138,m
2026-07-24T07:00:00Z,085107b7-15f1-4146-bc39-41eb63cdce9d,2CFA.Head,Head,40.319395764742794,m
2026-07-24T06:00:00Z,085107b7-15f1-4146-bc39-41eb63cdce9d,2CFA.Head,Head,40.89295469106244,m
2026-07-24T05:00:00Z,085107b7-15f1-4146-bc39-41eb63cdce9d,2CFA.Head,Head,40.95232268045115,m
2026-07-24T04:00:00Z,085107b7-15f1-4146-bc39-41eb63cdce9d,2CFA.Head,Head,41.07007689518715,m
2026-07-24T03:00:00Z,085107b7-15f1-4146-bc39-41eb63cdce9d,2CFA.Head,Head,40.91421562098692,m
2026-07-24T02:00:00Z,085107b7-15f1-4146-bc39-41eb63cdce9d,2CFA.Head,Head,40.957020021676364,m
2026-07-24T01:00:00Z,085107b7-15f1-4146-bc39-41eb63cdce9d,2CFA.Head,Head,40.89762607327214,m
2026-07-24T00:00:00Z,085107b7-15f1-4146-bc39-41eb63cdce9d,2CFA.Head,Head,40.74864166936165,m
2026-07-23T23:00:00Z,085107b7-15f1-4146-bc39-41eb63cdce9d,2CFA.Head,Head,40.52853751804518,m
2026-07-23T22:00:00Z,085107b7-15f1-4146-bc39-41eb63cdce9d,2CFA.Head,Head,39.8020903597173,m
2026-07-23T21:00:00Z,085107b7-15f1-4146-bc39-41eb63cdce9d,2CFA.Head,Head,39.38705553848778,m
2026-07-23T20:00:00Z,085107b7-15f1-4146-bc39-41eb63cdce9d,2CFA.Head,Head,38.81903871907368,m
2026-07-23T19:00:00Z,085107b7-15f1-4146-bc39-41eb63cdce9d,2CFA.Head,Head,37.65264200107719,m
2026-07-23T18:00:00Z,085107b7-15f1-4146-bc39-41eb63cdce9d,2CFA.Head,Head,37.703818768508086,m
2026-07-23T17:00:00Z,085107b7-15f1-4146-bc39-41eb63cdce9d,2CFA.Head,Head,37.89862622249545,m
2026-07-23T16:00:00Z,085107b7-15f1-4146-bc39-41eb63cdce9d,2CFA.Head,Head,38.703979670378644,m
2026-07-23T15:00:00Z,085107b7-15f1-4146-bc39-41eb63cdce9d,2CFA.Head,Head,38.41371471051937,m
2026-07-23T14:00:00Z,085107b7-15f1-4146-bc39-41eb63cdce9d,2CFA.Head,Head,38.17901182966771,m
2026-07-23T13:00:00Z,085107b7-15f1-4146-bc39-41eb63cdce9d,2CFA.Head,Head,38.021253494381774,m
2026-07-23T12:00:00Z,085107b7-15f1-4146-bc39-41eb63cdce9d,2CFA.Head,Head,37.826290928365616,m
2026-07-23T11:00:00Z,085107b7-15f1-4146-bc39-41eb63cdce9d,2CFA.Head,Head,37.981886936463034,m
2026-07-23T10:00:00Z,085107b7-15f1-4146-bc39-41eb63cdce9d,2CFA.Head,Head,37.91010129316427,m
2026-07-23T09:00:00Z,085107b7-15f1-4146-bc39-41eb63cdce9d,2CFA.Head,Head,40.08461856726444,m
2026-07-23T08:00:00Z,085107b7-15f1-4146-bc39-41eb63cdce9d,2CFA.Head,Head,39.687640110079904,m
2026-07-23T07:00:00Z,085107b7-15f1-4146-bc39-41eb63cdce9d,2CFA.Head,Head,40.31178371186668,m
2026-07-23T06:00:00Z,085107b7-15f1-4146-bc39-41eb63cdce9d,2CFA.Head,Head,40.44289504639122,m
2026-07-23T05:00:00Z,085107b7-15f1-4146-bc39-41eb63cdce9d,2CFA.Head,Head,41.211438118143285,m
2026-07-23T04:00:00Z,085107b7-15f1-4146-bc39-41eb63cdce9d,2CFA.Head,Head,41.38960936319762,m
2026-07-23T03:00:00Z,085107b7-15f1-4146-bc39-41eb63cdce9d,2CFA.Head,Head,41.30647179310716,m
2026-07-23T02:00:00Z,085107b7-15f1-4146-bc39-41eb63cdce9d,2CFA.Head,Head,40.765517313887436,m
2026-07-23T01:00:00Z,085107b7-15f1-4146-bc39-41eb63cdce9d,2CFA.Head,Head,39.93725783165933,m
2026-07-23T00:00:00Z,085107b7-15f1-4146-bc39-41eb63cdce9d,2CFA.Head,Head,37.911569464807485,m
2026-07-22T23:00:00Z,085107b7-15f1-4146-bc39-41eb63cdce9d,2CFA.Head,Head,38.99389619199102,m
2026-07-22T22:00:00Z,085107b7-15f1-4146-bc39-41eb63cdce9d,2CFA.Head,Head,39.7722974309462,m
2026-07-22T21:00:00Z,085107b7-15f1-4146-bc39-41eb63cdce9d,2CFA.Head,Head,41.09710627549151,m
2026-07-22T20:00:00Z,085107b7-15f1-4146-bc39-41eb63cdce9d,2CFA.Head,Head,39.35750543956378,m
2026-07-22T19:00:00Z,085107b7-15f1-4146-bc39-41eb63cdce9d,2CFA.Head,Head,38.97258634276393,m
2026-07-22T18:00:00Z,085107b7-15f1-4146-bc39-41eb63cdce9d,2CFA.Head,Head,38.437561877613334,m
2026-07-22T17:00:00Z,085107b7-15f1-4146-bc39-41eb63cdce9d,2CFA.Head,Head,37.96618245937321,m
2026-07-22T16:00:00Z,085107b7-15f1-4146-bc39-41eb63cdce9d,2CFA.Head,Head,37.97306384550685,m
2026-07-22T15:00:00Z,085107b7-15f1-4146-bc39-41eb63cdce9d,2CFA.Head,Head,38.97889107266047,m
2026-07-22T14:00:00Z,085107b7-15f1-4146-bc39-41eb63cdce9d,2CFA.Head,Head,39.965426827619176,m
2026-07-22T13:00:00Z,085107b7-15f1-4146-bc39-41eb63cdce9d,2CFA.Head,Head,39.75222180846629,m
2026-07-22T12:00:00Z,085107b7-15f1-4146-bc39-41eb63cdce9d,2CFA.Head,Head,38.01863303551307,m
2026-07-22T11:00:00Z,085107b7-15f1-4146-bc39-41eb63cdce9d,2CFA.Head,Head,40.31112957267868,m
2026-07-22T10:00:00Z,085107b7-15f1-4146-bc39-41eb63cdce9d,2CFA.Head,Head,40.85877514799907,m
2026-07-22T09:00:00Z,085107b7-15f1-4146-bc39-41eb63cdce9d,2CFA.Head,Head,40.54299025461464,m
2026-07-22T08:00:00Z,085107b7-15f1-4146-bc39-41eb63cdce9d,2CFA.Head,Head,40.4653710649532,m
2026-07-22T07:00:00Z,085107b7-15f1-4146-bc39-41eb63cdce9d,2CFA.Head,Head,41.532028915573534,m
2026-07-22T06:00:00Z,085107b7-15f1-4146-bc39-41eb63cdce9d,2CFA.Head,Head,41.524098180732935,m
2026-07-22T05:00:00Z,085107b7-15f1-4146-bc39-41eb63cdce9d,2CFA.Head,Head,41.51684699384528,m
2026-07-22T04:00:00Z,085107b7-15f1-4146-bc39-41eb63cdce9d,2CFA.Head,Head,41.50490399300535,m
2026-07-22T03:00:00Z,085107b7-15f1-4146-bc39-41eb63cdce9d,2CFA.Head,Head,41.5007077652887,m
2026-07-22T02:00:00Z,085107b7-15f1-4146-bc39-41eb63cdce9d,2CFA.Head,Head,41.49505099025341,m
2026-07-22T01:00:00Z,085107b7-15f1-4146-bc39-41eb63cdce9d,2CFA.Head,Head,41.474622534121764,m
2026-07-22T00:00:00Z,085107b7-15f1-4146-bc39-41eb63cdce9d,2CFA.Head,Head,41.45802081397735,m
2026-07-21T23:00:00Z,085107b7-15f1-4146-bc39-41eb63cdce9d,2CFA.Head,Head,39.91881239356064,m
2026-07-21T22:00:00Z,085107b7-15f1-4146-bc39-41eb63cdce9d,2CFA.Head,Head,39.70295174112476,m
2026-07-21T21:00:00Z,085107b7-15f1-4146-bc39-41eb63cdce9d,2CFA.Head,Head,39.71968285391264,m
2026-07-21T20:00:00Z,085107b7-15f1-4146-bc39-41eb63cdce9d,2CFA.Head,Head,39.30358535775647,m
2026-07-21T19:00:00Z,085107b7-15f1-4146-bc39-41eb63cdce9d,2CFA.Head,Head,39.29434000531995,m
2026-07-21T18:00:00Z,085107b7-15f1-4146-bc39-41eb63cdce9d,2CFA.Head,Head,38.08564644063858,m
2026-07-21T17:00:00Z,085107b7-15f1-4146-bc39-41eb63cdce9d,2CFA.Head,Head,40.986501409477086,m
2026-07-21T16:00:00Z,085107b7-15f1-4146-bc39-41eb63cdce9d,2CFA.Head,Head,41.44883305627389,m
2026-07-21T15:00:00Z,085107b7-15f1-4146-bc39-41eb63cdce9d,2CFA.Head,Head,41.102813906884634,m
2026-07-21T14:00:00Z,085107b7-15f1-4146-bc39-41eb63cdce9d,2CFA.Head,Head,40.51729680488202,m
2026-07-21T13:00:00Z,085107b7-15f1-4146-bc39-41eb63cdce9d,2CFA.Head,Head,41.487957884569845,m
2026-07-21T12:00:00Z,085107b7-15f1-4146-bc39-41eb63cdce9d,2CFA.Head,Head,41.526770879542916,m
2026-07-21T11:00:00Z,085107b7-15f1-4146-bc39-41eb63cdce9d,2CFA.Head,Head,38.62335611922778,m
2026-07-21T10:00:00Z,085107b7-15f1-4146-bc39-41eb63cdce9d,2CFA.Head,Head,38.63905291658995,m
2026-07-21T09:00:00Z,085107b7-15f1-4146-bc39-41eb63cdce9d,2CFA.Head,Head,39.19796334132374,m
2026-07-21T08:00:00Z,085107b7-15f1-4146-bc39-41eb63cdce9d,2CFA.Head,Head,40.09493426422575,m
2026-07-21T07:00:00Z,085107b7-15f1-4146-bc39-41eb63cdce9d,2CFA.Head,Head,40.90607249408687,m
2026-07-21T06:00:00Z,085107b7-15f1-4146-bc39-41eb63cdce9d,2CFA.Head,Head,41.16973404101761,m
2026-07-21T05:00:00Z,085107b7-15f1-4146-bc39-41eb63cdce9d,2CFA.Head,Head,41.61761430601775,m
2026-07-21T04:00:00Z,085107b7-15f1-4146-bc39-41eb63cdce9d,2CFA.Head,Head,41.61980421317778,m
2026-07-21T03:00:00Z,085107b7-15f1-4146-bc39-41eb63cdce9d,2CFA.Head,Head,41.62364813894337,m
2026-07-21T02:00:00Z,085107b7-15f1-4146-bc39-41eb63cdce9d,2CFA.Head,Head,41.248444494662536,m
2026-07-21T01:00:00Z,085107b7-15f1-4146-bc39-41eb63cdce9d,2CFA.Head,Head,41.43720513556202,m
2026-07-21T00:00:00Z,085107b7-15f1-4146-bc39-41eb63cdce9d,2CFA.Head,Head,41.44643070369572,m
2026-07-20T23:00:00Z,085107b7-15f1-4146-bc39-41eb63cdce9d,2CFA.Head,Head,39.80351953824175,m
2026-07-20T22:00:00Z,085107b7-15f1-4146-bc39-41eb63cdce9d,2CFA.Head,Head,38.73099656143101,m
2026-07-20T21:00:00Z,085107b7-15f1-4146-bc39-41eb63cdce9d,2CFA.Head,Head,37.971506840670976,m
2026-07-20T20:00:00Z,085107b7-15f1-4146-bc39-41eb63cdce9d,2CFA.Head,Head,38.95016177286062,m
2026-07-20T19:00:00Z,085107b7-15f1-4146-bc39-41eb63cdce9d,2CFA.Head,Head,38.981035653436074,m
2026-07-20T18:00:00Z,085107b7-15f1-4146-bc39-41eb63cdce9d,2CFA.Head,Head,39.273945872578985,m
2026-07-20T17:00:00Z,085107b7-15f1-4146-bc39-41eb63cdce9d,2CFA.Head,Head,41.25069747048254,m
2026-07-20T16:00:00Z,085107b7-15f1-4146-bc39-41eb63cdce9d,2CFA.Head,Head,40.57282074617483,m
2026-07-20T15:00:00Z,085107b7-15f1-4146-bc39-41eb63cdce9d,2CFA.Head,Head,40.25033838282492,m
2026-07-20T14:00:00Z,085107b7-15f1-4146-bc39-41eb63cdce9d,2CFA.Head,Head,39.91808153919338,m
2026-07-20T13:00:00Z,085107b7-15f1-4146-bc39-41eb63cdce9d,2CFA.Head,Head,39.501033269771014,m
2026-07-20T12:00:00Z,085107b7-15f1-4146-bc39-41eb63cdce9d,2CFA.Head,Head,39.323454715587474,m
2026-07-20T11:00:00Z,085107b7-15f1-4146-bc39-41eb63cdce9d,2CFA.Head,Head,38.54143337825923,m
2026-07-20T10:00:00Z,085107b7-15f1-4146-bc39-41eb63cdce9d,2CFA.Head,Head,37.910965333407745,m
2026-07-20T09:00:00Z,085107b7-15f1-4146-bc39-41eb63cdce9d,2CFA.Head,Head,39.586056622921326,m
2026-07-20T08:00:00Z,085107b7-15f1-4146-bc39-41eb63cdce9d,2CFA.Head,Head,40.95563696151272,m
2026-07-20T07:00:00Z,085107b7-15f1-4146-bc39-41eb63cdce9d,2CFA.Head,Head,39.57330892356531,m
2026-07-20T06:00:00Z,085107b7-15f1-4146-bc39-41eb63cdce9d,2CFA.Head,Head,41.55711073904074,m
2026-07-20T05:00:00Z,085107b7-15f1-4146-bc39-41eb63cdce9d,2CFA.Head,Head,41.552468586743366,m
2026-07-20T04:00:00Z,085107b7-15f1-4146-bc39-41eb63cdce9d,2CFA.Head,Head,39.83055828037546,m
2026-07-20T03:00:00Z,085107b7-15f1-4146-bc39-41eb63cdce9d,2CFA.Head,Head,39.467793453875956,m
2026-07-20T02:00:00Z,085107b7-15f1-4146-bc39-41eb63cdce9d,2CFA.Head,Head,41.576570110756606,m
2026-07-20T01:00:00Z,085107b7-15f1-4146-bc39-41eb63cdce9d,2CFA.Head,Head,41.569914772000374,m
2026-07-20T00:00:00Z,085107b7-15f1-4146-bc39-41eb63cdce9d,2CFA.Head,Head,41.33548387294077,m
2026-07-19T23:00:00Z,085107b7-15f1-4146-bc39-41eb63cdce9d,2CFA.Head,Head,40.677713419885144,m
2026-07-19T22:00:00Z,085107b7-15f1-4146-bc39-41eb63cdce9d,2CFA.Head,Head,40.66125550154069,m
2026-07-19T21:00:00Z,085107b7-15f1-4146-bc39-41eb63cdce9d,2CFA.Head,Head,40.44781355424361,m
2026-07-19T20:00:00Z,085107b7-15f1-4146-bc39-41eb63cdce9d,2CFA.Head,Head,39.51262075776535,m
2026-07-19T19:00:00Z,085107b7-15f1-4146-bc39-41eb63cdce9d,2CFA.Head,Head,40.04185210236716,m
2026-07-19T18:00:00Z,085107b7-15f1-4146-bc39-41eb63cdce9d,2CFA.Head,Head,40.637516432233994,m
2026-07-19T17:00:00Z,085107b7-15f1-4146-bc39-41eb63cdce9d,2CFA.Head,Head,41.28366338631648,m
2026-07-19T16:00:00Z,085107b7-15f1-4146-bc39-41eb63cdce9d,2CFA.Head,Head,41.38389501318468,m
2026-07-19T15:00:00Z,085107b7-15f1-4146-bc39-41eb63cdce9d,2CFA.Head,Head,40.92548825163925,m
2026-07-19T14:00:00Z,085107b7-15f1-4146-bc39-41eb63cdce9d,2CFA.Head,Head,40.87555962519793,m
2026-07-19T13:00:00Z,085107b7-15f1-4146-bc39-41eb63cdce9d,2CFA.Head,Head,40.857533120623316,m
2026-07-19T12:00:00Z,085107b7-15f1-4146-bc39-41eb63cdce9d,2CFA.Head,Head,40.89847588637935,m
2026-07-19T11:00:00Z,085107b7-15f1-4146-bc39-41eb63cdce9d,2CFA.Head,Head,41.19057290909138,m
2026-07-19T10:00:00Z,085107b7-15f1-4146-bc39-41eb63cdce9d,2CFA.Head,Head,41.242611895643684,m
2026-07-19T09:00:00Z,085107b7-15f1-4146-bc39-41eb63cdce9d,2CFA.Head,Head,41.07153692719231,m
2026-07-19T08:00:00Z,085107b7-15f1-4146-bc39-41eb63cdce9d,2CFA.Head,Head,41.06114906839805,m
2026-07-19T07:00:00Z,085107b7-15f1-4146-bc39-41eb63cdce9d,2CFA.Head,Head,39.877007238826174,m
2026-07-19T06:00:00Z,085107b7-15f1-4146-bc39-41eb63cdce9d,2CFA.Head,Head,39.313635271700754,m
2026-07-19T05:00:00Z,085107b7-15f1-4146-bc39-41eb63cdce9d,2CFA.Head,Head,39.363498563963404,m
2026-07-19T04:00:00Z,085107b7-15f1-4146-bc39-41eb63cdce9d,2CFA.Head,Head,39.592452357434496,m
2026-07-19T03:00:00Z,085107b7-15f1-4146-bc39-41eb63cdce9d,2CFA.Head,Head,40.01153586567312,m
2026-07-19T02:00:00Z,085107b7-15f1-4146-bc39-41eb63cdce9d,2CFA.Head,Head,41.5316561630794,m
2026-07-19T01:00:00Z,085107b7-15f1-4146-bc39-41eb63cdce9d,2CFA.Head,Head,41.63749644539573,m
2026-07-19T00:00:00Z,085107b7-15f1-4146-bc39-41eb63cdce9d,2CFA.Head,Head,41.61361679019713,m
2026-07-18T23:00:00Z,085107b7-15f1-4146-bc39-41eb63cdce9d,2CFA.Head,Head,41.58343556281159,m
2026-07-18T22:00:00Z,085107b7-15f1-4146-bc39-41eb63cdce9d,2CFA.Head,Head,41.30151770113487,m
2026-07-18T21:00:00Z,085107b7-15f1-4146-bc39-41eb63cdce9d,2CFA.Head,Head,41.29321242771792,m
2026-07-18T20:00:00Z,085107b7-15f1-4146-bc39-41eb63cdce9d,2CFA.Head,Head,40.497238868890804,m
2026-07-18T19:00:00Z,085107b7-15f1-4146-bc39-41eb63cdce9d,2CFA.Head,Head,40.326255015206385,m
2026-07-18T18:00:00Z,085107b7-15f1-4146-bc39-41eb63cdce9d,2CFA.Head,Head,39.7495679626286,m
2026-07-18T17:00:00Z,085107b7-15f1-4146-bc39-41eb63cdce9d,2CFA.Head,Head,40.77005737148886,m
2026-07-18T16:00:00Z,085107b7-15f1-4146-bc39-41eb63cdce9d,2CFA.Head,Head,40.89776241904811,m
2026-07-18T15:00:00Z,085107b7-15f1-4146-bc39-41eb63cdce9d,2CFA.Head,Head,40.89388455348418,m
2026-07-18T14:00:00Z,085107b7-15f1-4146-bc39-41eb63cdce9d,2CFA.Head,Head,40.88627792179131,m
2026-07-18T13:00:00Z,085107b7-15f1-4146-bc39-41eb63cdce9d,2CFA.Head,Head,40.691547973187845,m
2026-07-18T12:00:00Z,085107b7-15f1-4146-bc39-41eb63cdce9d,2CFA.Head,Head,40.38533318520751,m
2026-07-18T11:00:00Z,085107b7-15f1-4146-bc39-41eb63cdce9d,2CFA.Head,Head,40.919416448480455,m
2026-07-18T10:00:00Z,085107b7-15f1-4146-bc39-41eb63cdce9d,2CFA.Head,Head,41.35070074251055,m
2026-07-18T09:00:00Z,085107b7-15f1-4146-bc39-41eb63cdce9d,2CFA.Head,Head,41.449825503824826,m
2026-07-18T08:00:00Z,085107b7-15f1-4146-bc39-41eb63cdce9d,2CFA.Head,Head,41.30250056365091,m
2026-07-18T07:00:00Z,085107b7-15f1-4146-bc39-41eb63cdce9d,2CFA.Head,Head,41.45571720881833,m
2026-07-18T06:00:00Z,085107b7-15f1-4146-bc39-41eb63cdce9d,2CFA.Head,Head,41.45959138334467,m
2026-07-18T05:00:00Z,085107b7-15f1-4146-bc39-41eb63cdce9d,2CFA.Head,Head,41.47290634897958,m
2026-07-18T04:00:00Z,085107b7-15f1-4146-bc39-41eb63cdce9d,2CFA.Head,Head,41.48882067520007,m
2026-07-18T03:00:00Z,085107b7-15f1-4146-bc39-41eb63cdce9d,2CFA.Head,Head,41.29099025695372,m
2026-07-18T02:00:00Z,085107b7-15f1-4146-bc39-41eb63cdce9d,2CFA.Head,Head,41.45188391267631,m
2026-07-18T01:00:00Z,085107b7-15f1-4146-bc39-41eb63cdce9d,2CFA.Head,Head,41.49313604519992,m
2026-07-18T00:00:00Z,085107b7-15f1-4146-bc39-41eb63cdce9d,2CFA.Head,Head,41.125961595048196,m
2026-07-17T23:00:00Z,085107b7-15f1-4146-bc39-41eb63cdce9d,2CFA.Head,Head,41.624667919206246,m
2026-07-17T22:00:00Z,085107b7-15f1-4146-bc39-41eb63cdce9d,2CFA.Head,Head,41.550036571928494,m
2026-07-17T21:00:00Z,085107b7-15f1-4146-bc39-41eb63cdce9d,2CFA.Head,Head,41.33134327119994,m
2026-07-17T20:00:00Z,085107b7-15f1-4146-bc39-41eb63cdce9d,2CFA.Head,Head,41.18877311170321,m
2026-07-17T19:00:00Z,085107b7-15f1-4146-bc39-41eb63cdce9d,2CFA.Head,Head,40.81923870883665,m
2026-07-17T18:00:00Z,085107b7-15f1-4146-bc39-41eb63cdce9d,2CFA.Head,Head,39.905492269963965,m
2026-07-17T17:00:00Z,085107b7-15f1-4146-bc39-41eb63cdce9d,2CFA.Head,Head,40.042238049174465,m
2026-07-17T16:00:00Z,085107b7-15f1-4146-bc39-41eb63cdce9d,2CFA.Head,Head,38.080018408504536,m
2026-07-17T15:00:00Z,085107b7-15f1-4146-bc39-41eb63cdce9d,2CFA.Head,Head,38.0938449205486,m
2026-07-17T14:00:00Z,085107b7-15f1-4146-bc39-41eb63cdce9d,2CFA.Head,Head,39.47530445007768,m
2026-07-17T13:00:00Z,085107b7-15f1-4146-bc39-41eb63cdce9d,2CFA.Head,Head,38.03331079961396,m
2026-07-17T12:00:00Z,085107b7-15f1-4146-bc39-41eb63cdce9d,2CFA.Head,Head,39.20547354423394,m
2026-07-17T11:00:00Z,085107b7-15f1-4146-bc39-41eb63cdce9d,2CFA.Head,Head,40.84364423039289,m
2026-07-17T10:00:00Z,085107b7-15f1-4146-bc39-41eb63cdce9d,2CFA.Head,Head,40.86119151728942,m
2026-07-17T09:00:00Z,085107b7-15f1-4146-bc39-41eb63cdce9d,2CFA.Head,Head,40.045969709682005,m
2026-07-17T08:00:00Z,085107b7-15f1-4146-bc39-41eb63cdce9d,2CFA.Head,Head,40.9218516490693,m
2026-07-17T07:00:00Z,085107b7-15f1-4146-bc39-41eb63cdce9d,2CFA.Head,Head,40.90711422268951,m
2026-07-17T06:00:00Z,085107b7-15f1-4146-bc39-41eb63cdce9d,2CFA.Head,Head,41.527110910713056,m
2026-07-17T05:00:00Z,085107b7-15f1-4146-bc39-41eb63cdce9d,2CFA.Head,Head,41.53641327436299,m
2026-07-17T04:00:00Z,085107b7-15f1-4146-bc39-41eb63cdce9d,2CFA.Head,Head,41.61540439901831,m
2026-07-17T03:00:00Z,085107b7-15f1-4146-bc39-41eb63cdce9d,2CFA.Head,Head,41.611562430245534,m
2026-07-17T02:00:00Z,085107b7-15f1-4146-bc39-41eb63cdce9d,2CFA.Head,Head,41.55587621971413,m
2026-07-17T01:00:00Z,085107b7-15f1-4146-bc39-41eb63cdce9d,2CFA.Head,Head,41.57583538266021,m
2026-07-17T00:00:00Z,085107b7-15f1-4146-bc39-41eb63cdce9d,2CFA.Head,Head,41.42952360548415,m
2026-07-16T23:00:00Z,085107b7-15f1-4146-bc39-41eb63cdce9d,2CFA.Head,Head,41.340583578034234,m
2026-07-16T22:00:00Z,085107b7-15f1-4146-bc39-41eb63cdce9d,2CFA.Head,Head,41.04331342702312,m
2026-07-16T21:00:00Z,085107b7-15f1-4146-bc39-41eb63cdce9d,2CFA.Head,Head,40.71257424161762,m
2026-07-16T20:00:00Z,085107b7-15f1-4146-bc39-41eb63cdce9d,2CFA.Head,Head,40.26800577405473,m
2026-07-16T19:00:00Z,085107b7-15f1-4146-bc39-41eb63cdce9d,2CFA.Head,Head,39.78813473851333,m
2026-07-16T18:00:00Z,085107b7-15f1-4146-bc39-41eb63cdce9d,2CFA.Head,Head,40.502914242173176,m
2026-07-16T17:00:00Z,085107b7-15f1-4146-bc39-41eb63cdce9d,2CFA.Head,Head,39.53241388886063,m
2026-07-16T16:00:00Z,085107b7-15f1-4146-bc39-41eb63cdce9d,2CFA.Head,Head,40.0225547232279,m
2026-07-16T15:00:00Z,085107b7-15f1-4146-bc39-41eb63cdce9d,2CFA.Head,Head,40.26534976104493,m
2026-07-16T14:00:00Z,085107b7-15f1-4146-bc39-41eb63cdce9d,2CFA.Head,Head,38.959354354775016,m
2026-07-16T13:00:00Z,085107b7-15f1-4146-bc39-41eb63cdce9d,2CFA.Head,Head,40.45633441078599,m
2026-07-16T12:00:00Z,085107b7-15f1-4146-bc39-41eb63cdce9d,2CFA.Head,Head,39.16908895524465,m
2026-07-16T11:00:00Z,085107b7-15f1-4146-bc39-41eb63cdce9d,2CFA.Head,Head,39.25283770902896,m
2026-07-16T10:00:00Z,085107b7-15f1-4146-bc39-41eb63cdce9d,2CFA.Head,Head,39.499613191363075,m
2026-07-16T09:00:00Z,085107b7-15f1-4146-bc39-41eb63cdce9d,2CFA.Head,Head,39.309258450654994,m
2026-07-16T08:00:00Z,085107b7-15f1-4146-bc39-41eb63cdce9d,2CFA.Head,Head,41.03836785712043,m
2026-07-16T07:00:00Z,085107b7-15f1-4146-bc39-41eb63cdce9d,2CFA.Head,Head,41.04143647889833,m
2026-07-16T06:00:00Z,085107b7-15f1-4146-bc39-41eb63cdce9d,2CFA.Head,Head,41.272329165912666,m
2026-07-16T05:00:00Z,085107b7-15f1-4146-bc39-41eb63cdce9d,2CFA.Head,Head,41.55524835766088,m
2026-07-16T04:00:00Z,085107b7-15f1-4146-bc39-41eb63cdce9d,2CFA.Head,Head,41.53319427654602,m
2026-07-16T03:00:00Z,085107b7-15f1-4146-bc39-41eb63cdce9d,2CFA.Head,Head,41.45478689670563,m
2026-07-16T02:00:00Z,085107b7-15f1-4146-bc39-41eb63cdce9d,2CFA.Head,Head,41.39226906295525,m
2026-07-16T01:00:00Z,085107b7-15f1-4146-bc39-41eb63cdce9d,2CFA.Head,Head,41.28632444897739,m
2026-07-16T00:00:00Z,085107b7-15f1-4146-bc39-41eb63cdce9d,2CFA.Head,Head,41.189314399152636,m
2026-07-15T23:00:00Z,085107b7-15f1-4146-bc39-41eb63cdce9d,2CFA.Head,Head,41.05720168940956,m
2026-07-15T22:00:00Z,085107b7-15f1-4146-bc39-41eb63cdce9d,2CFA.Head,Head,40.6797278624536,m
2026-07-15T21:00:00Z,085107b7-15f1-4146-bc39-41eb63cdce9d,2CFA.Head,Head,40.62871784974051,m
2026-07-15T20:00:00Z,085107b7-15f1-4146-bc39-41eb63cdce9d,2CFA.Head,Head,40.255987969388386,m
2026-07-15T19:00:00Z,085107b7-15f1-4146-bc39-41eb63cdce9d,2CFA.Head,Head,39.54820670817245,m
2026-07-15T18:00:00Z,085107b7-15f1-4146-bc39-41eb63cdce9d,2CFA.Head,Head,39.70950085489373,m
2026-07-15T17:00:00Z,085107b7-15f1-4146-bc39-41eb63cdce9d,2CFA.Head,Head,39.86291785578273,m
2026-07-15T16:00:00Z,085107b7-15f1-4146-bc39-41eb63cdce9d,2CFA.Head,Head,40.804164024357576,m
2026-07-15T15:00:00Z,085107b7-15f1-4146-bc39-41eb63cdce9d,2CFA.Head,Head,39.53901666318487,m
2026-07-15T14:00:00Z,085107b7-15f1-4146-bc39-41eb63cdce9d,2CFA.Head,Head,40.22191077381909,m
2026-07-15T13:00:00Z,085107b7-15f1-4146-bc39-41eb63cdce9d,2CFA.Head,Head,40.68090547179211,m
2026-07-15T12:00:00Z,085107b7-15f1-4146-bc39-41eb63cdce9d,2CFA.Head,Head,39.94815797510158,m
2026-07-15T11:00:00Z,085107b7-15f1-4146-bc39-41eb63cdce9d,2CFA.Head,Head,39.4413412741895,m
2026-07-15T10:00:00Z,085107b7-15f1-4146-bc39-41eb63cdce9d,2CFA.Head,Head,39.490713954957066,m
2026-07-15T09:00:00Z,085107b7-15f1-4146-bc39-41eb63cdce9d,2CFA.Head,Head,38.85877819628683,m
2026-07-15T08:00:00Z,085107b7-15f1-4146-bc39-41eb63cdce9d,2CFA.Head,Head,39.67542353082837,m
2026-07-15T07:00:00Z,085107b7-15f1-4146-bc39-41eb63cdce9d,2CFA.Head,Head,40.46256827839469,m
2026-07-15T06:00:00Z,085107b7-15f1-4146-bc39-41eb63cdce9d,2CFA.Head,Head,41.27719841966612,m
2026-07-15T05:00:00Z,085107b7-15f1-4146-bc39-41eb63cdce9d,2CFA.Head,Head,41.412833953223966,m
2026-07-15T04:00:00Z,085107b7-15f1-4146-bc39-41eb63cdce9d,2CFA.Head,Head,41.477186538123746,m
2026-07-15T03:00:00Z,085107b7-15f1-4146-bc39-41eb63cdce9d,2CFA.Head,Head,41.416076047507254,m
2026-07-15T02:00:00Z,085107b7-15f1-4146-bc39-41eb63cdce9d,2CFA.Head,Head,41.41686777660629,m
2026-07-15T01:00:00Z,085107b7-15f1-4146-bc39-41eb63cdce9d,2CFA.Head,Head,41.23568422029126,m
2026-07-15T00:00:00Z,085107b7-15f1-4146-bc39-41eb63cdce9d,2CFA.Head,Head,41.18483219997139,m
2026-07-14T23:00:00Z,085107b7-15f1-4146-bc39-41eb63cdce9d,2CFA.Head,Head,41.202464865789395,m
2026-07-14T22:00:00Z,085107b7-15f1-4146-bc39-41eb63cdce9d,2CFA.Head,Head,40.6586591379654,m
2026-07-14T21:00:00Z,085107b7-15f1-4146-bc39-41eb63cdce9d,2CFA.Head,Head,39.384781682363844,m
2026-07-14T20:00:00Z,085107b7-15f1-4146-bc39-41eb63cdce9d,2CFA.Head,Head,39.128881618353304,m
2026-07-14T19:00:00Z,085107b7-15f1-4146-bc39-41eb63cdce9d,2CFA.Head,Head,39.052448657854576,m
2026-07-14T18:00:00Z,085107b7-15f1-4146-bc39-41eb63cdce9d,2CFA.Head,Head,39.50770218714435,m
2026-07-14T17:00:00Z,085107b7-15f1-4146-bc39-41eb63cdce9d,2CFA.Head,Head,39.66449566754428,m
2026-07-14T16:00:00Z,085107b7-15f1-4146-bc39-41eb63cdce9d,2CFA.Head,Head,39.02014937918527,m
2026-07-14T15:00:00Z,085107b7-15f1-4146-bc39-41eb63cdce9d,2CFA.Head,Head,40.02552540130035,m
2026-07-14T14:00:00Z,085107b7-15f1-4146-bc39-41eb63cdce9d,2CFA.Head,Head,39.86557630580794,m
2026-07-14T13:00:00Z,085107b7-15f1-4146-bc39-41eb63cdce9d,2CFA.Head,Head,39.22304477616261,m
2026-07-14T12:00:00Z,085107b7-15f1-4146-bc39-41eb63cdce9d,2CFA.Head,Head,38.462340531488316,m
2026-07-14T11:00:00Z,085107b7-15f1-4146-bc39-41eb63cdce9d,2CFA.Head,Head,40.843438821044366,m
2026-07-14T10:00:00Z,085107b7-15f1-4146-bc39-41eb63cdce9d,2CFA.Head,Head,38.67881713223583,m
2026-07-14T09:00:00Z,085107b7-15f1-4146-bc39-41eb63cdce9d,2CFA.Head,Head,39.599079613362576,m
2026-07-14T08:00:00Z,085107b7-15f1-4146-bc39-41eb63cdce9d,2CFA.Head,Head,40.21459197654844,m
2026-07-14T07:00:00Z,085107b7-15f1-4146-bc39-41eb63cdce9d,2CFA.Head,Head,41.061893017699724,m
2026-07-14T06:00:00Z,085107b7-15f1-4146-bc39-41eb63cdce9d,2CFA.Head,Head,41.53136606345889,m
2026-07-14T05:00:00Z,085107b7-15f1-4146-bc39-41eb63cdce9d,2CFA.Head,Head,41.61669283796343,m
2026-07-14T04:00:00Z,085107b7-15f1-4146-bc39-41eb63cdce9d,2CFA.Head,Head,41.58986582141143,m
2026-07-14T03:00:00Z,085107b7-15f1-4146-bc39-41eb63cdce9d,2CFA.Head,Head,41.57669687185918,m
2026-07-14T02:00:00Z,085107b7-15f1-4146-bc39-41eb63cdce9d,2CFA.Head,Head,41.515117572255114,m
2026-07-14T01:00:00Z,085107b7-15f1-4146-bc39-41eb63cdce9d,2CFA.Head,Head,41.083063624271404,m
2026-07-14T00:00:00Z,085107b7-15f1-4146-bc39-41eb63cdce9d,2CFA.Head,Head,40.49577520311493,m
2026-07-13T23:00:00Z,085107b7-15f1-4146-bc39-41eb63cdce9d,2CFA.Head,Head,41.42537774881255,m
2026-07-13T22:00:00Z,085107b7-15f1-4146-bc39-41eb63cdce9d,2CFA.Head,Head,41.19061358731249,m
2026-07-13T21:00:00Z,085107b7-15f1-4146-bc39-41eb63cdce9d,2CFA.Head,Head,41.40537180329693,m
2026-07-13T20:00:00Z,085107b7-15f1-4146-bc39-41eb63cdce9d,2CFA.Head,Head,39.388673522781076,m
2026-07-13T19:00:00Z,085107b7-15f1-4146-bc39-41eb63cdce9d,2CFA.Head,Head,37.93225151501484,m
2026-07-13T18:00:00Z,085107b7-15f1-4146-bc39-41eb63cdce9d,2CFA.Head,Head,39.25828676628875,m
2026-07-13T17:00:00Z,085107b7-15f1-4146-bc39-41eb63cdce9d,2CFA.Head,Head,39.496598501330716,m
2026-07-13T16:00:00Z,085107b7-15f1-4146-bc39-41eb63cdce9d,2CFA.Head,Head,39.662838979725684,m
2026-07-13T15:00:00Z,085107b7-15f1-4146-bc39-41eb63cdce9d,2CFA.Head,Head,40.506860932566426,m
2026-07-13T14:00:00Z,085107b7-15f1-4146-bc39-41eb63cdce9d,2CFA.Head,Head,39.71460306957965,m
2026-07-13T13:00:00Z,085107b7-15f1-4146-bc39-41eb63cdce9d,2CFA.Head,Head,39.39488020764147,m
2026-07-13T12:00:00Z,085107b7-15f1-4146-bc39-41eb63cdce9d,2CFA.Head,Head,39.532432308903445,m
2026-07-13T11:00:00Z,085107b7-15f1-4146-bc39-41eb63cdce9d,2CFA.Head,Head,39.780757870334135,m
2026-07-13T10:00:00Z,085107b7-15f1-4146-bc39-41eb63cdce9d,2CFA.Head,Head,39.99827277903654,m
2026-07-13T09:00:00Z,085107b7-15f1-4146-bc39-41eb63cdce9d,2CFA.Head,Head,40.2185839403857,m
2026-07-13T08:00:00Z,085107b7-15f1-4146-bc39-41eb63cdce9d,2CFA.Head,Head,40.47195678267851,m
2026-07-13T07:00:00Z,085107b7-15f1-4146-bc39-41eb63cdce9d,2CFA.Head,Head,39.91303503930152,m
2026-07-13T06:00:00Z,085107b7-15f1-4146-bc39-41eb63cdce9d,2CFA.Head,Head,41.25095178357267,m
2026-07-13T05:00:00Z,085107b7-15f1-4146-bc39-41eb63cdce9d,2CFA.Head,Head,41.42437689064523,m
2026-07-13T04:00:00Z,085107b7-15f1-4146-bc39-41eb63cdce9d,2CFA.Head,Head,41.37162511705776,m
2026-07-13T03:00:00Z,085107b7-15f1-4146-bc39-41eb63cdce9d,2CFA.Head,Head,41.34546823613923,m
2026-07-13T02:00:00Z,085107b7-15f1-4146-bc39-41eb63cdce9d,2CFA.Head,Head,41.2579853468391,m
2026-07-13T01:00:00Z,085107b7-15f1-4146-bc39-41eb63cdce9d,2CFA.Head,Head,41.1969622508589,m
2026-07-13T00:00:00Z,085107b7-15f1-4146-bc39-41eb63cdce9d,2CFA.Head,Head,40.72605967594312,m
2026-07-12T23:00:00Z,085107b7-15f1-4146-bc39-41eb63cdce9d,2CFA.Head,Head,39.74487301128599,m
2026-07-12T22:00:00Z,085107b7-15f1-4146-bc39-41eb63cdce9d,2CFA.Head,Head,40.54437013259069,m
2026-07-12T21:00:00Z,085107b7-15f1-4146-bc39-41eb63cdce9d,2CFA.Head,Head,39.725492082220555,m
2026-07-12T20:00:00Z,085107b7-15f1-4146-bc39-41eb63cdce9d,2CFA.Head,Head,38.67464217593391,m
2026-07-12T19:00:00Z,085107b7-15f1-4146-bc39-41eb63cdce9d,2CFA.Head,Head,40.31881819973972,m
2026-07-12T18:00:00Z,085107b7-15f1-4146-bc39-41eb63cdce9d,2CFA.Head,Head,40.48559798786347,m
2026-07-12T17:00:00Z,085107b7-15f1-4146-bc39-41eb63cdce9d,2CFA.Head,Head,39.57500617644366,m
2026-07-12T16:00:00Z,085107b7-15f1-4146-bc39-41eb63cdce9d,2CFA.Head,Head,40.3638906261589,m
2026-07-12T15:00:00Z,085107b7-15f1-4146-bc39-41eb63cdce9d,2CFA.Head,Head,40.45409394640482,m
2026-07-12T14:00:00Z,085107b7-15f1-4146-bc39-41eb63cdce9d,2CFA.Head,Head,40.0381891752298,m
2026-07-12T13:00:00Z,085107b7-15f1-4146-bc39-41eb63cdce9d,2CFA.Head,Head,39.7579927031706,m
2026-07-12T12:00:00Z,085107b7-15f1-4146-bc39-41eb63cdce9d,2CFA.Head,Head,39.69284599327389,m
2026-07-12T11:00:00Z,085107b7-15f1-4146-bc39-41eb63cdce9d,2CFA.Head,Head,40.40809067609105,m
2026-07-12T10:00:00Z,085107b7-15f1-4146-bc39-41eb63cdce9d,2CFA.Head,Head,41.17096318039939,m
2026-07-12T09:00:00Z,085107b7-15f1-4146-bc39-41eb63cdce9d,2CFA.Head,Head,40.77231362822332,m
2026-07-12T08:00:00Z,085107b7-15f1-4146-bc39-41eb63cdce9d,2CFA.Head,Head,41.35121318849016,m
2026-07-12T07:00:00Z,085107b7-15f1-4146-bc39-41eb63cdce9d,2CFA.Head,Head,41.389756122833404,m
2026-07-12T06:00:00Z,085107b7-15f1-4146-bc39-41eb63cdce9d,2CFA.Head,Head,40.573724198670426,m
2026-07-12T05:00:00Z,085107b7-15f1-4146-bc39-41eb63cdce9d,2CFA.Head,Head,41.2878345257303,m
2026-07-12T04:00:00Z,085107b7-15f1-4146-bc39-41eb63cdce9d,2CFA.Head,Head,41.249651554720195,m
2026-07-12T03:00:00Z,085107b7-15f1-4146-bc39-41eb63cdce9d,2CFA.Head,Head,41.212864548060175,m
2026-07-12T02:00:00Z,085107b7-15f1-4146-bc39-41eb63cdce9d,2CFA.Head,Head,40.57704187910843,m
2026-07-12T01:00:00Z,085107b7-15f1-4146-bc39-41eb63cdce9d,2CFA.Head,Head,40.99409908561258,m
2026-07-12T00:00:00Z,085107b7-15f1-4146-bc39-41eb63cdce9d,2CFA.Head,Head,40.9158874628124,m
2026-07-11T23:00:00Z,085107b7-15f1-4146-bc39-41eb63cdce9d,2CFA.Head,Head,40.19643105910955,m
2026-07-11T22:00:00Z,085107b7-15f1-4146-bc39-41eb63cdce9d,2CFA.Head,Head,39.87971973020639,m
2026-07-11T21:00:00Z,085107b7-15f1-4146-bc39-41eb63cdce9d,2CFA.Head,Head,38.9083579947415,m
2026-07-11T20:00:00Z,085107b7-15f1-4146-bc39-41eb63cdce9d,2CFA.Head,Head,39.449738198781496,m
2026-07-11T19:00:00Z,085107b7-15f1-4146-bc39-41eb63cdce9d,2CFA.Head,Head,40.31789601498142,m
2026-07-11T18:00:00Z,085107b7-15f1-4146-bc39-41eb63cdce9d,2CFA.Head,Head,39.41811441098852,m
2026-07-11T17:00:00Z,085107b7-15f1-4146-bc39-41eb63cdce9d,2CFA.Head,Head,40.511515173581564,m
2026-07-11T16:00:00Z,085107b7-15f1-4146-bc39-41eb63cdce9d,2CFA.Head,Head,40.83837637919391,m
2026-07-11T15:00:00Z,085107b7-15f1-4146-bc39-41eb63cdce9d,2CFA.Head,Head,41.01683946999068,m
2026-07-11T14:00:00Z,085107b7-15f1-4146-bc39-41eb63cdce9d,2CFA.Head,Head,40.57080928519831,m
2026-07-11T13:00:00Z,085107b7-15f1-4146-bc39-41eb63cdce9d,2CFA.Head,Head,40.63512545694309,m
2026-07-11T12:00:00Z,085107b7-15f1-4146-bc39-41eb63cdce9d,2CFA.Head,Head,40.62580175334744,m
2026-07-11T11:00:00Z,085107b7-15f1-4146-bc39-41eb63cdce9d,2CFA.Head,Head,40.88811346497199,m
2026-07-11T10:00:00Z,085107b7-15f1-4146-bc39-41eb63cdce9d,2CFA.Head,Head,41.52245183576618,m
2026-07-11T09:00:00Z,085107b7-15f1-4146-bc39-41eb63cdce9d,2CFA.Head,Head,40.78415950448815,m
2026-07-11T08:00:00Z,085107b7-15f1-4146-bc39-41eb63cdce9d,2CFA.Head,Head,41.47954928490423,m
2026-07-11T07:00:00Z,085107b7-15f1-4146-bc39-41eb63cdce9d,2CFA.Head,Head,41.47968404701506,m
2026-07-11T06:00:00Z,085107b7-15f1-4146-bc39-41eb63cdce9d,2CFA.Head,Head,41.47857771103704,m
2026-07-11T05:00:00Z,085107b7-15f1-4146-bc39-41eb63cdce9d,2CFA.Head,Head,41.47448246955169,m
2026-07-11T04:00:00Z,085107b7-15f1-4146-bc39-41eb63cdce9d,2CFA.Head,Head,41.47456269976737,m
2026-07-11T03:00:00Z,085107b7-15f1-4146-bc39-41eb63cdce9d,2CFA.Head,Head,41.472552272251676,m
2026-07-11T02:00:00Z,085107b7-15f1-4146-bc39-41eb63cdce9d,2CFA.Head,Head,41.448064039963946,m
2026-07-11T01:00:00Z,085107b7-15f1-4146-bc39-41eb63cdce9d,2CFA.Head,Head,41.441097749418695,m
2026-07-11T00:00:00Z,085107b7-15f1-4146-bc39-41eb63cdce9d,2CFA.Head,Head,41.449138721760875,m
2026-07-10T23:00:00Z,085107b7-15f1-4146-bc39-41eb63cdce9d,2CFA.Head,Head,39.89192733068959,m
2026-07-10T22:00:00Z,085107b7-15f1-4146-bc39-41eb63cdce9d,2CFA.Head,Head,39.6462486406296,m
2026-07-10T21:00:00Z,085107b7-15f1-4146-bc39-41eb63cdce9d,2CFA.Head,Head,39.62489845138824,m
2026-07-10T20:00:00Z,085107b7-15f1-4146-bc39-41eb63cdce9d,2CFA.Head,Head,39.77703573687881,m
2026-07-10T19:00:00Z,085107b7-15f1-4146-bc39-41eb63cdce9d,2CFA.Head,Head,39.20751954820421,m
2026-07-10T18:00:00Z,085107b7-15f1-4146-bc39-41eb63cdce9d,2CFA.Head,Head,37.81883284861838,m
2026-07-10T17:00:00Z,085107b7-15f1-4146-bc39-41eb63cdce9d,2CFA.Head,Head,37.88684289890915,m
2026-07-10T16:00:00Z,085107b7-15f1-4146-bc39-41eb63cdce9d,2CFA.Head,Head,37.86026289206932,m
2026-07-10T15:00:00Z,085107b7-15f1-4146-bc39-41eb63cdce9d,2CFA.Head,Head,38.06397241620875,m
2026-07-10T14:00:00Z,085107b7-15f1-4146-bc39-41eb63cdce9d,2CFA.Head,Head,39.910601844507894,m
2026-07-10T13:00:00Z,085107b7-15f1-4146-bc39-41eb63cdce9d,2CFA.Head,Head,37.847321052324084,m
2026-07-10T12:00:00Z,085107b7-15f1-4146-bc39-41eb63cdce9d,2CFA.Head,Head,37.73455012830778,m
2026-07-10T11:00:00Z,085107b7-15f1-4146-bc39-41eb63cdce9d,2CFA.Head,Head,37.73409559045519,m
2026-07-10T10:00:00Z,085107b7-15f1-4146-bc39-41eb63cdce9d,2CFA.Head,Head,37.752372879353686,m
2026-07-10T09:00:00Z,085107b7-15f1-4146-bc39-41eb63cdce9d,2CFA.Head,Head,37.73422538943407,m
2026-07-10T08:00:00Z,085107b7-15f1-4146-bc39-41eb63cdce9d,2CFA.Head,Head,37.758880516684606,m
2026-07-10T07:00:00Z,085107b7-15f1-4146-bc39-41eb63cdce9d,2CFA.Head,Head,38.14332062500533,m
2026-07-10T06:00:00Z,085107b7-15f1-4146-bc39-41eb63cdce9d,2CFA.Head,Head,38.40568825436398,m
2026-07-10T05:00:00Z,085107b7-15f1-4146-bc39-41eb63cdce9d,2CFA.Head,Head,39.10114897919654,m
2026-07-10T04:00:00Z,085107b7-15f1-4146-bc39-41eb63cdce9d,2CFA.Head,Head,39.32313082920781,m
2026-07-10T03:00:00Z,085107b7-15f1-4146-bc39-41eb63cdce9d,2CFA.Head,Head,38.824201844961074,m
2026-07-10T02:00:00Z,085107b7-15f1-4146-bc39-41eb63cdce9d,2CFA.Head,Head,38.60501987502714,m
2026-07-10T01:00:00Z,085107b7-15f1-4146-bc39-41eb63cdce9d,2CFA.Head,Head,39.19132073626963,m
2026-07-10T00:00:00Z,085107b7-15f1-4146-bc39-41eb63cdce9d,2CFA.Head,Head,38.55159136250581,m
2026-07-09T23:00:00Z,085107b7-15f1-4146-bc39-41eb63cdce9d,2CFA.Head,Head,38.811764314788206,m
2026-07-09T22:00:00Z,085107b7-15f1-4146-bc39-41eb63cdce9d,2CFA.Head,Head,38.28727041584172,m
2026-07-09T21:00:00Z,085107b7-15f1-4146-bc39-41eb63cdce9d,2CFA.Head,Head,38.01060716043797,m
2026-07-09T20:00:00Z,085107b7-15f1-4146-bc39-41eb63cdce9d,2CFA.Head,Head,39.87585360002201,m
2026-07-09T19:00:00Z,085107b7-15f1-4146-bc39-41eb63cdce9d,2CFA.Head,Head,39.74299006456359,m
2026-07-09T18:00:00Z,085107b7-15f1-4146-bc39-41eb63cdce9d,2CFA.Head,Head,39.42951743695989,m
2026-07-09T17:00:00Z,085107b7-15f1-4146-bc39-41eb63cdce9d,2CFA.Head,Head,39.73375609176397,m
2026-07-09T16:00:00Z,085107b7-15f1-4146-bc39-41eb63cdce9d,2CFA.Head,Head,40.278315529745136,m
2026-07-09T15:00:00Z,085107b7-15f1-4146-bc39-41eb63cdce9d,2CFA.Head,Head,39.952364547989376,m
2026-07-09T14:00:00Z,085107b7-15f1-4146-bc39-41eb63cdce9d,2CFA.Head,Head,40.50478580105965,m
2026-07-09T13:00:00Z,085107b7-15f1-4146-bc39-41eb63cdce9d,2CFA.Head,Head,38.16176650739603,m
2026-07-09T12:00:00Z,085107b7-15f1-4146-bc39-41eb63cdce9d,2CFA.Head,Head,38.17557568887324,m
2026-07-09T11:00:00Z,085107b7-15f1-4146-bc39-41eb63cdce9d,2CFA.Head,Head,38.254229078464164,m
2026-07-09T10:00:00Z,085107b7-15f1-4146-bc39-41eb63cdce9d,2CFA.Head,Head,38.20525711753961,m
2026-07-09T09:00:00Z,085107b7-15f1-4146-bc39-41eb63cdce9d,2CFA.Head,Head,38.262132971176996,m
2026-07-09T08:00:00Z,085107b7-15f1-4146-bc39-41eb63cdce9d,2CFA.Head,Head,38.19562554006022,m
2026-07-09T07:00:00Z,085107b7-15f1-4146-bc39-41eb63cdce9d,2CFA.Head,Head,38.423460538125454,m
2026-07-09T06:00:00Z,085107b7-15f1-4146-bc39-41eb63cdce9d,2CFA.Head,Head,39.372626188271674,m
2026-07-09T05:00:00Z,085107b7-15f1-4146-bc39-41eb63cdce9d,2CFA.Head,Head,39.049512667416955,m
2026-07-09T04:00:00Z,085107b7-15f1-4146-bc39-41eb63cdce9d,2CFA.Head,Head,39.05143630519058,m
2026-07-09T03:00:00Z,085107b7-15f1-4146-bc39-41eb63cdce9d,2CFA.Head,Head,38.78239450998851,m
2026-07-09T02:00:00Z,085107b7-15f1-4146-bc39-41eb63cdce9d,2CFA.Head,Head,38.520221504129,m
2026-07-09T01:00:00Z,085107b7-15f1-4146-bc39-41eb63cdce9d,2CFA.Head,Head,38.39683897168134,m
2026-07-09T00:00:00Z,085107b7-15f1-4146-bc39-41eb63cdce9d,2CFA.Head,Head,39.21875740532469,m
2026-07-08T23:00:00Z,085107b7-15f1-4146-bc39-41eb63cdce9d,2CFA.Head,Head,37.954384030888995,m
2026-07-08T22:00:00Z,085107b7-15f1-4146-bc39-41eb63cdce9d,2CFA.Head,Head,38.03122347616346,m
2026-07-08T21:00:00Z,085107b7-15f1-4146-bc39-41eb63cdce9d,2CFA.Head,Head,38.104179893768396,m
2026-07-08T20:00:00Z,085107b7-15f1-4146-bc39-41eb63cdce9d,2CFA.Head,Head,38.280525572920425,m
2026-07-08T19:00:00Z,085107b7-15f1-4146-bc39-41eb63cdce9d,2CFA.Head,Head,38.090429633990674,m
2026-07-08T18:00:00Z,085107b7-15f1-4146-bc39-41eb63cdce9d,2CFA.Head,Head,38.07882332894486,m
2026-07-08T17:00:00Z,085107b7-15f1-4146-bc39-41eb63cdce9d,2CFA.Head,Head,38.275795582974894,m
2026-07-08T16:00:00Z,085107b7-15f1-4146-bc39-41eb63cdce9d,2CFA.Head,Head,38.1590790591635,m
2026-07-08T15:00:00Z,085107b7-15f1-4146-bc39-41eb63cdce9d,2CFA.Head,Head,38.13416562850479,m
2026-07-08T14:00:00Z,085107b7-15f1-4146-bc39-41eb63cdce9d,2CFA.Head,Head,38.02150677989222,m
2026-07-08T13:00:00Z,085107b7-15f1-4146-bc39-41eb63cdce9d,2CFA.Head,Head,38.06522504119289,m
2026-07-08T12:00:00Z,085107b7-15f1-4146-bc39-41eb63cdce9d,2CFA.Head,Head,38.3393230834679,m
2026-07-08T11:00:00Z,085107b7-15f1-4146-bc39-41eb63cdce9d,2CFA.Head,Head,38.02442428308967,m
2026-07-08T10:00:00Z,085107b7-15f1-4146-bc39-41eb63cdce9d,2CFA.Head,Head,38.226236833844865,m
2026-07-08T09:00:00Z,085107b7-15f1-4146-bc39-41eb63cdce9d,2CFA.Head,Head,38.73999033960803,m
2026-07-08T08:00:00Z,085107b7-15f1-4146-bc39-41eb63cdce9d,2CFA.Head,Head,39.52048412054357,m
2026-07-08T07:00:00Z,085107b7-15f1-4146-bc39-41eb63cdce9d,2CFA.Head,Head,39.44320177216244,m
2026-07-08T06:00:00Z,085107b7-15f1-4146-bc39-41eb63cdce9d,2CFA.Head,Head,39.527345476067104,m
2026-07-08T05:00:00Z,085107b7-15f1-4146-bc39-41eb63cdce9d,2CFA.Head,Head,39.74784292737122,m
2026-07-08T04:00:00Z,085107b7-15f1-4146-bc39-41eb63cdce9d,2CFA.Head,Head,39.63362622174139,m
2026-07-08T03:00:00Z,085107b7-15f1-4146-bc39-41eb63cdce9d,2CFA.Head,Head,39.78508890467947,m
2026-07-08T02:00:00Z,085107b7-15f1-4146-bc39-41eb63cdce9d,2CFA.Head,Head,39.68688006925784,m
2026-07-08T01:00:00Z,085107b7-15f1-4146-bc39-41eb63cdce9d,2CFA.Head,Head,39.4405037654386,m
2026-07-08T00:00:00Z,085107b7-15f1-4146-bc39-41eb63cdce9d,2CFA.Head,Head,39.3124386285619,m
2026-07-07T23:00:00Z,085107b7-15f1-4146-bc39-41eb63cdce9d,2CFA.Head,Head,38.19752051077668,m
2026-07-07T22:00:00Z,085107b7-15f1-4146-bc39-41eb63cdce9d,2CFA.Head,Head,38.04766635734494,m
2026-07-07T21:00:00Z,085107b7-15f1-4146-bc39-41eb63cdce9d,2CFA.Head,Head,38.73811246730663,m
2026-07-07T20:00:00Z,085107b7-15f1-4146-bc39-41eb63cdce9d,2CFA.Head,Head,37.94621819661458,m
2026-07-07T19:00:00Z,085107b7-15f1-4146-bc39-41eb63cdce9d,2CFA.Head,Head,37.93964986529818,m
2026-07-07T18:00:00Z,085107b7-15f1-4146-bc39-41eb63cdce9d,2CFA.Head,Head,37.946198625247206,m
2026-07-07T17:00:00Z,085107b7-15f1-4146-bc39-41eb63cdce9d,2CFA.Head,Head,38.01575771597929,m
2026-07-07T16:00:00Z,085107b7-15f1-4146-bc39-41eb63cdce9d,2CFA.Head,Head,37.967169438308915,m
2026-07-07T15:00:00Z,085107b7-15f1-4146-bc39-41eb63cdce9d,2CFA.Head,Head,37.94550377982004,m
2026-07-07T14:00:00Z,085107b7-15f1-4146-bc39-41eb63cdce9d,2CFA.Head,Head,37.89528041574407,m
2026-07-07T13:00:00Z,085107b7-15f1-4146-bc39-41eb63cdce9d,2CFA.Head,Head,37.866686636092986,m
2026-07-07T12:00:00Z,085107b7-15f1-4146-bc39-41eb63cdce9d,2CFA.Head,Head,37.87435480914539,m
2026-07-07T11:00:00Z,085107b7-15f1-4146-bc39-41eb63cdce9d,2CFA.Head,Head,38.56481392453816,m
2026-07-07T10:00:00Z,085107b7-15f1-4146-bc39-41eb63cdce9d,2CFA.Head,Head,39.053020230423684,m
2026-07-07T09:00:00Z,085107b7-15f1-4146-bc39-41eb63cdce9d,2CFA.Head,Head,38.51046663481614,m
2026-07-07T08:00:00Z,085107b7-15f1-4146-bc39-41eb63cdce9d,2CFA.Head,Head,38.97130502029504,m
2026-07-07T07:00:00Z,085107b7-15f1-4146-bc39-41eb63cdce9d,2CFA.Head,Head,41.524006581207296,m
2026-07-07T06:00:00Z,085107b7-15f1-4146-bc39-41eb63cdce9d,2CFA.Head,Head,39.879509650939724,m
2026-07-07T05:00:00Z,085107b7-15f1-4146-bc39-41eb63cdce9d,2CFA.Head,Head,40.82733869676466,m
2026-07-07T04:00:00Z,085107b7-15f1-4146-bc39-41eb63cdce9d,2CFA.Head,Head,41.04111407718683,m
2026-07-07T03:00:00Z,085107b7-15f1-4146-bc39-41eb63cdce9d,2CFA.Head,Head,40.845197960451074,m
2026-07-07T02:00:00Z,085107b7-15f1-4146-bc39-41eb63cdce9d,2CFA.Head,Head,40.255576465676576,m
2026-07-07T01:00:00Z,085107b7-15f1-4146-bc39-41eb63cdce9d,2CFA.Head,Head,39.84661068635828,m
2026-07-07T00:00:00Z,085107b7-15f1-4146-bc39-41eb63cdce9d,2CFA.Head,Head,39.709353271631535,m
2026-07-06T23:00:00Z,085107b7-15f1-4146-bc39-41eb63cdce9d,2CFA.Head,Head,39.573750555334996,m
2026-07-06T22:00:00Z,085107b7-15f1-4146-bc39-41eb63cdce9d,2CFA.Head,Head,39.93192267187626,m
2026-07-06T21:00:00Z,085107b7-15f1-4146-bc39-41eb63cdce9d,2CFA.Head,Head,39.82518136580164,m
2026-07-06T20:00:00Z,085107b7-15f1-4146-bc39-41eb63cdce9d,2CFA.Head,Head,38.79344608530497,m
2026-07-06T19:00:00Z,085107b7-15f1-4146-bc39-41eb63cdce9d,2CFA.Head,Head,38.42456108510389,m
2026-07-06T18:00:00Z,085107b7-15f1-4146-bc39-41eb63cdce9d,2CFA.Head,Head,38.15225235305587,m
2026-07-06T17:00:00Z,085107b7-15f1-4146-bc39-41eb63cdce9d,2CFA.Head,Head,38.21334376270415,m
2026-07-06T16:00:00Z,085107b7-15f1-4146-bc39-41eb63cdce9d,2CFA.Head,Head,38.77279033232641,m
2026-07-06T15:00:00Z,085107b7-15f1-4146-bc39-41eb63cdce9d,2CFA.Head,Head,38.194121077483,m
2026-07-06T14:00:00Z,085107b7-15f1-4146-bc39-41eb63cdce9d,2CFA.Head,Head,38.67793308763199,m
2026-07-06T13:00:00Z,085107b7-15f1-4146-bc39-41eb63cdce9d,2CFA.Head,Head,38.43899184423135,m
2026-07-06T12:00:00Z,085107b7-15f1-4146-bc39-41eb63cdce9d,2CFA.Head,Head,38.6392653125521,m
2026-07-06T11:00:00Z,085107b7-15f1-4146-bc39-41eb63cdce9d,2CFA.Head,Head,38.11525828015719,m
2026-07-06T10:00:00Z,085107b7-15f1-4146-bc39-41eb63cdce9d,2CFA.Head,Head,38.02026014064781,m
2026-07-06T09:00:00Z,085107b7-15f1-4146-bc39-41eb63cdce9d,2CFA.Head,Head,38.18558230670779,m
2026-07-06T08:00:00Z,085107b7-15f1-4146-bc39-41eb63cdce9d,2CFA.Head,Head,39.346035784122094,m
2026-07-06T07:00:00Z,085107b7-15f1-4146-bc39-41eb63cdce9d,2CFA.Head,Head,39.457536850109356,m
2026-07-06T06:00:00Z,085107b7-15f1-4146-bc39-41eb63cdce9d,2CFA.Head,Head,39.772531293924885,m
2026-07-06T05:00:00Z,085107b7-15f1-4146-bc39-41eb63cdce9d,2CFA.Head,Head,40.02018512197368,m
2026-07-06T04:00:00Z,085107b7-15f1-4146-bc39-41eb63cdce9d,2CFA.Head,Head,40.98561937275601,m
2026-07-06T03:00:00Z,085107b7-15f1-4146-bc39-41eb63cdce9d,2CFA.Head,Head,40.95289404952286,m
2026-07-06T02:00:00Z,085107b7-15f1-4146-bc39-41eb63cdce9d,2CFA.Head,Head,40.915991087352275,m
2026-07-06T01:00:00Z,085107b7-15f1-4146-bc39-41eb63cdce9d,2CFA.Head,Head,40.87217908963106,m
2026-07-06T00:00:00Z,085107b7-15f1-4146-bc39-41eb63cdce9d,2CFA.Head,Head,40.816264295547576,m
2026-07-05T23:00:00Z,085107b7-15f1-4146-bc39-41eb63cdce9d,2CFA.Head,Head,40.51804035963621,m
2026-07-05T22:00:00Z,085107b7-15f1-4146-bc39-41eb63cdce9d,2CFA.Head,Head,39.965377965115316,m
2026-07-05T21:00:00Z,085107b7-15f1-4146-bc39-41eb63cdce9d,2CFA.Head,Head,38.83702830603206,m
2026-07-05T20:00:00Z,085107b7-15f1-4146-bc39-41eb63cdce9d,2CFA.Head,Head,38.32460566556576,m
2026-07-05T19:00:00Z,085107b7-15f1-4146-bc39-41eb63cdce9d,2CFA.Head,Head,38.07107900041066,m
2026-07-05T18:00:00Z,085107b7-15f1-4146-bc39-41eb63cdce9d,2CFA.Head,Head,38.07161360780839,m
2026-07-05T17:00:00Z,085107b7-15f1-4146-bc39-41eb63cdce9d,2CFA.Head,Head,38.6795561361938,m
2026-07-05T16:00:00Z,085107b7-15f1-4146-bc39-41eb63cdce9d,2CFA.Head,Head,38.94452302670051,m
2026-07-05T15:00:00Z,085107b7-15f1-4146-bc39-41eb63cdce9d,2CFA.Head,Head,39.25859803157066,m
2026-07-05T14:00:00Z,085107b7-15f1-4146-bc39-41eb63cdce9d,2CFA.Head,Head,39.128218986874536,m
2026-07-05T13:00:00Z,085107b7-15f1-4146-bc39-41eb63cdce9d,2CFA.Head,Head,39.03246890039887,m
2026-07-05T12:00:00Z,085107b7-15f1-4146-bc39-41eb63cdce9d,2CFA.Head,Head,39.258526200549525,m
2026-07-05T11:00:00Z,085107b7-15f1-4146-bc39-41eb63cdce9d,2CFA.Head,Head,38.49039944900186,m
2026-07-05T10:00:00Z,085107b7-15f1-4146-bc39-41eb63cdce9d,2CFA.Head,Head,40.49734800792106,m
2026-07-05T09:00:00Z,085107b7-15f1-4146-bc39-41eb63cdce9d,2CFA.Head,Head,42.13347593185444,m
2026-07-05T08:00:00Z,085107b7-15f1-4146-bc39-41eb63cdce9d,2CFA.Head,Head,40.78188856745341,m
2026-07-05T07:00:00Z,085107b7-15f1-4146-bc39-41eb63cdce9d,2CFA.Head,Head,39.95766165597098,m
2026-07-05T06:00:00Z,085107b7-15f1-4146-bc39-41eb63cdce9d,2CFA.Head,Head,40.73183084860502,m
2026-07-05T05:00:00Z,085107b7-15f1-4146-bc39-41eb63cdce9d,2CFA.Head,Head,40.786588775695115,m
2026-07-05T04:00:00Z,085107b7-15f1-4146-bc39-41eb63cdce9d,2CFA.Head,Head,40.7936152561455,m
2026-07-05T03:00:00Z,085107b7-15f1-4146-bc39-41eb63cdce9d,2CFA.Head,Head,40.7448798838445,m
2026-07-05T02:00:00Z,085107b7-15f1-4146-bc39-41eb63cdce9d,2CFA.Head,Head,39.52435292728612,m
2026-07-05T01:00:00Z,085107b7-15f1-4146-bc39-41eb63cdce9d,2CFA.Head,Head,40.049556562215976,m
2026-07-05T00:00:00Z,085107b7-15f1-4146-bc39-41eb63cdce9d,2CFA.Head,Head,39.06534401787652,m
2026-07-04T23:00:00Z,085107b7-15f1-4146-bc39-41eb63cdce9d,2CFA.Head,Head,41.02141326027813,m
2026-07-04T22:00:00Z,085107b7-15f1-4146-bc39-41eb63cdce9d,2CFA.Head,Head,40.484723900466356,m
2026-07-04T21:00:00Z,085107b7-15f1-4146-bc39-41eb63cdce9d,2CFA.Head,Head,39.41145576918421,m
2026-07-04T20:00:00Z,085107b7-15f1-4146-bc39-41eb63cdce9d,2CFA.Head,Head,38.4720561065941,m
2026-07-04T19:00:00Z,085107b7-15f1-4146-bc39-41eb63cdce9d,2CFA.Head,Head,38.72887598688758,m
2026-07-04T18:00:00Z,085107b7-15f1-4146-bc39-41eb63cdce9d,2CFA.Head,Head,40.15788912023388,m
2026-07-04T17:00:00Z,085107b7-15f1-4146-bc39-41eb63cdce9d,2CFA.Head,Head,40.01228278396882,m
2026-07-04T16:00:00Z,085107b7-15f1-4146-bc39-41eb63cdce9d,2CFA.Head,Head,39.393602100623106,m
2026-07-04T15:00:00Z,085107b7-15f1-4146-bc39-41eb63cdce9d,2CFA.Head,Head,40.16643261293009,m
2026-07-04T14:00:00Z,085107b7-15f1-4146-bc39-41eb63cdce9d,2CFA.Head,Head,38.492220839112576,m
2026-07-04T13:00:00Z,085107b7-15f1-4146-bc39-41eb63cdce9d,2CFA.Head,Head,38.26276003714463,m
2026-07-04T12:00:00Z,085107b7-15f1-4146-bc39-41eb63cdce9d,2CFA.Head,Head,39.520832080725214,m
2026-07-04T11:00:00Z,085107b7-15f1-4146-bc39-41eb63cdce9d,2CFA.Head,Head,39.83408358051761,m
2026-07-04T10:00:00Z,085107b7-15f1-4146-bc39-41eb63cdce9d,2CFA.Head,Head,40.184576152396474,m
2026-07-04T09:00:00Z,085107b7-15f1-4146-bc39-41eb63cdce9d,2CFA.Head,Head,38.71931155831473,m
2026-07-04T08:00:00Z,085107b7-15f1-4146-bc39-41eb63cdce9d,2CFA.Head,Head,40.23749315920955,m
2026-07-04T07:00:00Z,085107b7-15f1-4146-bc39-41eb63cdce9d,2CFA.Head,Head,40.053438930511476,m
2026-07-04T06:00:00Z,085107b7-15f1-4146-bc39-41eb63cdce9d,2CFA.Head,Head,40.80495343317751,m
2026-07-04T05:00:00Z,085107b7-15f1-4146-bc39-41eb63cdce9d,2CFA.Head,Head,40.87378568383562,m
2026-07-04T04:00:00Z,085107b7-15f1-4146-bc39-41eb63cdce9d,2CFA.Head,Head,40.95588063752482,m
2026-07-04T03:00:00Z,085107b7-15f1-4146-bc39-41eb63cdce9d,2CFA.Head,Head,40.940424021403,m
2026-07-04T02:00:00Z,085107b7-15f1-4146-bc39-41eb63cdce9d,2CFA.Head,Head,40.97277951071448,m
2026-07-04T01:00:00Z,085107b7-15f1-4146-bc39-41eb63cdce9d,2CFA.Head,Head,39.88874483028469,m
2026-07-04T00:00:00Z,085107b7-15f1-4146-bc39-41eb63cdce9d,2CFA.Head,Head,40.86980135801983,m
2026-07-03T23:00:00Z,085107b7-15f1-4146-bc39-41eb63cdce9d,2CFA.Head,Head,39.73496220393552,m
2026-07-03T22:00:00Z,085107b7-15f1-4146-bc39-41eb63cdce9d,2CFA.Head,Head,38.66460033149129,m
2026-07-03T21:00:00Z,085107b7-15f1-4146-bc39-41eb63cdce9d,2CFA.Head,Head,38.20452232698424,m
2026-07-03T20:00:00Z,085107b7-15f1-4146-bc39-41eb63cdce9d,2CFA.Head,Head,39.59658118451951,m
2026-07-03T19:00:00Z,085107b7-15f1-4146-bc39-41eb63cdce9d,2CFA.Head,Head,39.063105310470554,m
2026-07-03T18:00:00Z,085107b7-15f1-4146-bc39-41eb63cdce9d,2CFA.Head,Head,38.19908605949963,m
2026-07-03T17:00:00Z,085107b7-15f1-4146-bc39-41eb63cdce9d,2CFA.Head,Head,38.48666520723987,m
2026-07-03T16:00:00Z,085107b7-15f1-4146-bc39-41eb63cdce9d,2CFA.Head,Head,39.01355525007911,m
2026-07-03T15:00:00Z,085107b7-15f1-4146-bc39-41eb63cdce9d,2CFA.Head,Head,39.93064321991129,m
2026-07-03T14:00:00Z,085107b7-15f1-4146-bc39-41eb63cdce9d,2CFA.Head,Head,40.597523447866344,m
2026-07-03T13:00:00Z,085107b7-15f1-4146-bc39-41eb63cdce9d,2CFA.Head,Head,40.396070577330505,m
2026-07-03T12:00:00Z,085107b7-15f1-4146-bc39-41eb63cdce9d,2CFA.Head,Head,40.367264960403396,m
2026-07-03T11:00:00Z,085107b7-15f1-4146-bc39-41eb63cdce9d,2CFA.Head,Head,38.56901358710395,m
2026-07-03T10:00:00Z,085107b7-15f1-4146-bc39-41eb63cdce9d,2CFA.Head,Head,40.02013488385662,m
2026-07-03T09:00:00Z,085107b7-15f1-4146-bc39-41eb63cdce9d,2CFA.Head,Head,40.19521365663721,m
2026-07-03T08:00:00Z,085107b7-15f1-4146-bc39-41eb63cdce9d,2CFA.Head,Head,40.711644951502485,m
2026-07-03T07:00:00Z,085107b7-15f1-4146-bc39-41eb63cdce9d,2CFA.Head,Head,39.739310817503146,m
2026-07-03T06:00:00Z,085107b7-15f1-4146-bc39-41eb63cdce9d,2CFA.Head,Head,40.187542774169465,m
2026-07-03T05:00:00Z,085107b7-15f1-4146-bc39-41eb63cdce9d,2CFA.Head,Head,40.52389512177365,m
2026-07-03T04:00:00Z,085107b7-15f1-4146-bc39-41eb63cdce9d,2CFA.Head,Head,40.6391131576519,m
2026-07-03T03:00:00Z,085107b7-15f1-4146-bc39-41eb63cdce9d,2CFA.Head,Head,40.65735077857971,m
2026-07-03T02:00:00Z,085107b7-15f1-4146-bc39-41eb63cdce9d,2CFA.Head,Head,40.990439755116014,m
2026-07-03T01:00:00Z,085107b7-15f1-4146-bc39-41eb63cdce9d,2CFA.Head,Head,40.42960951710475,m
2026-07-03T00:00:00Z,085107b7-15f1-4146-bc39-41eb63cdce9d,2CFA.Head,Head,40.13725172929126,m
2026-07-02T23:00:00Z,085107b7-15f1-4146-bc39-41eb63cdce9d,2CFA.Head,Head,39.368753716174666,m
2026-07-02T22:00:00Z,085107b7-15f1-4146-bc39-41eb63cdce9d,2CFA.Head,Head,40.18775841829168,m
2026-07-02T21:00:00Z,085107b7-15f1-4146-bc39-41eb63cdce9d,2CFA.Head,Head,39.807485253096175,m
2026-07-02T20:00:00Z,085107b7-15f1-4146-bc39-41eb63cdce9d,2CFA.Head,Head,38.94806813064799,m
2026-07-02T19:00:00Z,085107b7-15f1-4146-bc39-41eb63cdce9d,2CFA.Head,Head,40.09341836957184,m
2026-07-02T18:00:00Z,085107b7-15f1-4146-bc39-41eb63cdce9d,2CFA.Head,Head,40.03665018280702,m
2026-07-02T17:00:00Z,085107b7-15f1-4146-bc39-41eb63cdce9d,2CFA.Head,Head,40.13667347279782,m
2026-07-02T16:00:00Z,085107b7-15f1-4146-bc39-41eb63cdce9d,2CFA.Head,Head,39.92009017290519,m
2026-07-02T15:00:00Z,085107b7-15f1-4146-bc39-41eb63cdce9d,2CFA.Head,Head,39.803282864575316,m
2026-07-02T14:00:00Z,085107b7-15f1-4146-bc39-41eb63cdce9d,2CFA.Head,Head,40.24907709318233,m
2026-07-02T13:00:00Z,085107b7-15f1-4146-bc39-41eb63cdce9d,2CFA.Head,Head,39.57364101648602,m
2026-07-02T12:00:00Z,085107b7-15f1-4146-bc39-41eb63cdce9d,2CFA.Head,Head,39.58734806785899,m
2026-07-02T11:00:00Z,085107b7-15f1-4146-bc39-41eb63cdce9d,2CFA.Head,Head,39.09290421662167,m
2026-07-02T10:00:00Z,085107b7-15f1-4146-bc39-41eb63cdce9d,2CFA.Head,Head,39.28163313783354,m
2026-07-02T09:00:00Z,085107b7-15f1-4146-bc39-41eb63cdce9d,2CFA.Head,Head,39.34616615859728,m
2026-07-02T08:00:00Z,085107b7-15f1-4146-bc39-41eb63cdce9d,2CFA.Head,Head,38.21952187362829,m
2026-07-02T07:00:00Z,085107b7-15f1-4146-bc39-41eb63cdce9d,2CFA.Head,Head,39.65951896903068,m
2026-07-02T06:00:00Z,085107b7-15f1-4146-bc39-41eb63cdce9d,2CFA.Head,Head,40.067806375781,m
2026-07-02T05:00:00Z,085107b7-15f1-4146-bc39-41eb63cdce9d,2CFA.Head,Head,39.59845972305689,m
2026-07-02T04:00:00Z,085107b7-15f1-4146-bc39-41eb63cdce9d,2CFA.Head,Head,39.711440813703504,m
2026-07-02T03:00:00Z,085107b7-15f1-4146-bc39-41eb63cdce9d,2CFA.Head,Head,39.65150723904645,m
2026-07-02T02:00:00Z,085107b7-15f1-4146-bc39-41eb63cdce9d,2CFA.Head,Head,39.536664430816806,m
2026-07-02T01:00:00Z,085107b7-15f1-4146-bc39-41eb63cdce9d,2CFA.Head,Head,39.568227442772944,m
2026-07-02T00:00:00Z,085107b7-15f1-4146-bc39-41eb63cdce9d,2CFA.Head,Head,39.632098854073824,m
2026-07-01T23:00:00Z,085107b7-15f1-4146-bc39-41eb63cdce9d,2CFA.Head,Head,39.22739689524581,m
2026-07-01T22:00:00Z,085107b7-15f1-4146-bc39-41eb63cdce9d,2CFA.Head,Head,39.55090609463778,m
2026-07-01T21:00:00Z,085107b7-15f1-4146-bc39-41eb63cdce9d,2CFA.Head,Head,39.36890242437381,m
2026-07-01T20:00:00Z,085107b7-15f1-4146-bc39-41eb63cdce9d,2CFA.Head,Head,39.14607467257422,m
2026-07-01T19:00:00Z,085107b7-15f1-4146-bc39-41eb63cdce9d,2CFA.Head,Head,38.04386691418791,m
2026-07-01T18:00:00Z,085107b7-15f1-4146-bc39-41eb63cdce9d,2CFA.Head,Head,37.96951058941884,m
2026-07-01T17:00:00Z,085107b7-15f1-4146-bc39-41eb63cdce9d,2CFA.Head,Head,37.97832881163745,m
2026-07-01T16:00:00Z,085107b7-15f1-4146-bc39-41eb63cdce9d,2CFA.Head,Head,37.949985467509755,m
2026-07-01T15:00:00Z,085107b7-15f1-4146-bc39-41eb63cdce9d,2CFA.Head,Head,37.994046480405025,m
2026-07-01T14:00:00Z,085107b7-15f1-4146-bc39-41eb63cdce9d,2CFA.Head,Head,39.12659256063043,m
2026-07-01T13:00:00Z,085107b7-15f1-4146-bc39-41eb63cdce9d,2CFA.Head,Head,39.614675349303155,m
2026-07-01T12:00:00Z,085107b7-15f1-4146-bc39-41eb63cdce9d,2CFA.Head,Head,39.589151097800844,m
2026-07-01T11:00:00Z,085107b7-15f1-4146-bc39-41eb63cdce9d,2CFA.Head,Head,39.63458894428454,m
2026-07-01T10:00:00Z,085107b7-15f1-4146-bc39-41eb63cdce9d,2CFA.Head,Head,39.70369447741592,m
2026-07-01T09:00:00Z,085107b7-15f1-4146-bc39-41eb63cdce9d,2CFA.Head,Head,39.58866341450716,m
2026-07-01T08:00:00Z,085107b7-15f1-4146-bc39-41eb63cdce9d,2CFA.Head,Head,39.902433483031956,m
2026-07-01T07:00:00Z,085107b7-15f1-4146-bc39-41eb63cdce9d,2CFA.Head,Head,39.56679043292752,m
2026-07-01T06:00:00Z,085107b7-15f1-4146-bc39-41eb63cdce9d,2CFA.Head,Head,41.41079484389027,m
2026-07-01T05:00:00Z,085107b7-15f1-4146-bc39-41eb63cdce9d,2CFA.Head,Head,41.44454807482268,m
2026-07-01T04:00:00Z,085107b7-15f1-4146-bc39-41eb63cdce9d,2CFA.Head,Head,41.430833998062155,m
2026-07-01T03:00:00Z,085107b7-15f1-4146-bc39-41eb63cdce9d,2CFA.Head,Head,41.42094880119544,m
2026-07-01T02:00:00Z,085107b7-15f1-4146-bc39-41eb63cdce9d,2CFA.Head,Head,41.37307707700706,m
2026-07-01T01:00:00Z,085107b7-15f1-4146-bc39-41eb63cdce9d,2CFA.Head,Head,41.291156261671425,m
2026-07-01T00:00:00Z,085107b7-15f1-4146-bc39-41eb63cdce9d,2CFA.Head,Head,41.15213337515934,m
2026-06-30T23:00:00Z,085107b7-15f1-4146-bc39-41eb63cdce9d,2CFA.Head,Head,40.54711826980001,m
2026-06-30T22:00:00Z,085107b7-15f1-4146-bc39-41eb63cdce9d,2CFA.Head,Head,39.71423095195707,m
2026-06-30T21:00:00Z,085107b7-15f1-4146-bc39-41eb63cdce9d,2CFA.Head,Head,39.90838477458429,m
2026-06-30T20:00:00Z,085107b7-15f1-4146-bc39-41eb63cdce9d,2CFA.Head,Head,39.180015081091774,m
2026-06-30T19:00:00Z,085107b7-15f1-4146-bc39-41eb63cdce9d,2CFA.Head,Head,39.878721673113894,m
2026-06-30T18:00:00Z,085107b7-15f1-4146-bc39-41eb63cdce9d,2CFA.Head,Head,39.83952450302412,m
2026-06-30T17:00:00Z,085107b7-15f1-4146-bc39-41eb63cdce9d,2CFA.Head,Head,39.59448183704336,m
2026-06-30T16:00:00Z,085107b7-15f1-4146-bc39-41eb63cdce9d,2CFA.Head,Head,39.57486405361708,m
2026-06-30T15:00:00Z,085107b7-15f1-4146-bc39-41eb63cdce9d,2CFA.Head,Head,39.49770559014009,m
2026-06-30T14:00:00Z,085107b7-15f1-4146-bc39-41eb63cdce9d,2CFA.Head,Head,39.61742368273124,m
2026-06-30T13:00:00Z,085107b7-15f1-4146-bc39-41eb63cdce9d,2CFA.Head,Head,40.04563316506562,m
2026-06-30T12:00:00Z,085107b7-15f1-4146-bc39-41eb63cdce9d,2CFA.Head,Head,40.19532276223086,m
2026-06-30T11:00:00Z,085107b7-15f1-4146-bc39-41eb63cdce9d,2CFA.Head,Head,39.052808210632776,m
2026-06-30T10:00:00Z,085107b7-15f1-4146-bc39-41eb63cdce9d,2CFA.Head,Head,39.66900793916436,m
2026-06-30T09:00:00Z,085107b7-15f1-4146-bc39-41eb63cdce9d,2CFA.Head,Head,40.894168802209805,m
2026-07-30T09:00:00Z,a9bb25d9-9dde-4e84-9845-22ca6726c469,Water flow,BUD2LPC10.CF301.XJ01,85.1839020232738,m³/h
2026-07-30T08:00:00Z,a9bb25d9-9dde-4e84-9845-22ca6726c469,Water flow,BUD2LPC10.CF301.XJ01,86.29047982957641,m³/h
2026-07-30T07:00:00Z,a9bb25d9-9dde-4e84-9845-22ca6726c469,Water flow,BUD2LPC10.CF301.XJ01,85.84882411501388,m³/h
2026-07-30T06:00:00Z,a9bb25d9-9dde-4e84-9845-22ca6726c469,Water flow,BUD2LPC10.CF301.XJ01,85.80386077728173,m³/h
2026-07-30T05:00:00Z,a9bb25d9-9dde-4e84-9845-22ca6726c469,Water flow,BUD2LPC10.CF301.XJ01,85.86081217289744,m³/h
2026-07-30T04:00:00Z,a9bb25d9-9dde-4e84-9845-22ca6726c469,Water flow,BUD2LPC10.CF301.XJ01,85.70482378074884,m³/h
2026-07-30T03:00:00Z,a9bb25d9-9dde-4e84-9845-22ca6726c469,Water flow,BUD2LPC10.CF301.XJ01,62.67151174545294,m³/h
2026-07-30T02:00:00Z,a9bb25d9-9dde-4e84-9845-22ca6726c469,Water flow,BUD2LPC10.CF301.XJ01,58.164864016638845,m³/h
2026-07-30T01:00:00Z,a9bb25d9-9dde-4e84-9845-22ca6726c469,Water flow,BUD2LPC10.CF301.XJ01,58.180068314870255,m³/h
2026-07-30T00:00:00Z,a9bb25d9-9dde-4e84-9845-22ca6726c469,Water flow,BUD2LPC10.CF301.XJ01,58.093120922512526,m³/h
2026-07-29T23:00:00Z,a9bb25d9-9dde-4e84-9845-22ca6726c469,Water flow,BUD2LPC10.CF301.XJ01,60.594849923451754,m³/h
2026-07-29T22:00:00Z,a9bb25d9-9dde-4e84-9845-22ca6726c469,Water flow,BUD2LPC10.CF301.XJ01,74.37013164944125,m³/h
2026-07-29T21:00:00Z,a9bb25d9-9dde-4e84-9845-22ca6726c469,Water flow,BUD2LPC10.CF301.XJ01,84.2062553363375,m³/h
2026-07-29T20:00:00Z,a9bb25d9-9dde-4e84-9845-22ca6726c469,Water flow,BUD2LPC10.CF301.XJ01,89.17103743659125,m³/h
2026-07-29T19:00:00Z,a9bb25d9-9dde-4e84-9845-22ca6726c469,Water flow,BUD2LPC10.CF301.XJ01,95.53744411839591,m³/h
2026-07-29T18:00:00Z,a9bb25d9-9dde-4e84-9845-22ca6726c469,Water flow,BUD2LPC10.CF301.XJ01,94.16421922895651,m³/h
2026-07-29T17:00:00Z,a9bb25d9-9dde-4e84-9845-22ca6726c469,Water flow,BUD2LPC10.CF301.XJ01,82.31506506178128,m³/h
2026-07-29T16:00:00Z,a9bb25d9-9dde-4e84-9845-22ca6726c469,Water flow,BUD2LPC10.CF301.XJ01,84.86702646755415,m³/h
2026-07-29T15:00:00Z,a9bb25d9-9dde-4e84-9845-22ca6726c469,Water flow,BUD2LPC10.CF301.XJ01,85.39236419677734,m³/h
2026-07-29T14:00:00Z,a9bb25d9-9dde-4e84-9845-22ca6726c469,Water flow,BUD2LPC10.CF301.XJ01,88.96478305816655,m³/h
2026-07-29T13:00:00Z,a9bb25d9-9dde-4e84-9845-22ca6726c469,Water flow,BUD2LPC10.CF301.XJ01,105.90468417597607,m³/h
2026-07-29T12:00:00Z,a9bb25d9-9dde-4e84-9845-22ca6726c469,Water flow,BUD2LPC10.CF301.XJ01,104.99046086205374,m³/h
2026-07-29T11:00:00Z,a9bb25d9-9dde-4e84-9845-22ca6726c469,Water flow,BUD2LPC10.CF301.XJ01,92.99202768136023,m³/h
2026-07-29T10:00:00Z,a9bb25d9-9dde-4e84-9845-22ca6726c469,Water flow,BUD2LPC10.CF301.XJ01,88.04001516766034,m³/h
2026-07-29T09:00:00Z,a9bb25d9-9dde-4e84-9845-22ca6726c469,Water flow,BUD2LPC10.CF301.XJ01,103.33436434851741,m³/h
2026-07-29T08:00:00Z,a9bb25d9-9dde-4e84-9845-22ca6726c469,Water flow,BUD2LPC10.CF301.XJ01,91.82817141638876,m³/h
2026-07-29T07:00:00Z,a9bb25d9-9dde-4e84-9845-22ca6726c469,Water flow,BUD2LPC10.CF301.XJ01,98.70379839579276,m³/h
2026-07-29T06:00:00Z,a9bb25d9-9dde-4e84-9845-22ca6726c469,Water flow,BUD2LPC10.CF301.XJ01,100.4489421674942,m³/h
2026-07-29T05:00:00Z,a9bb25d9-9dde-4e84-9845-22ca6726c469,Water flow,BUD2LPC10.CF301.XJ01,61.73823974770262,m³/h
2026-07-29T04:00:00Z,a9bb25d9-9dde-4e84-9845-22ca6726c469,Water flow,BUD2LPC10.CF301.XJ01,57.842370383669234,m³/h
2026-07-29T03:00:00Z,a9bb25d9-9dde-4e84-9845-22ca6726c469,Water flow,BUD2LPC10.CF301.XJ01,61.87968197430202,m³/h
2026-07-29T02:00:00Z,a9bb25d9-9dde-4e84-9845-22ca6726c469,Water flow,BUD2LPC10.CF301.XJ01,77.8055674319798,m³/h
2026-07-29T01:00:00Z,a9bb25d9-9dde-4e84-9845-22ca6726c469,Water flow,BUD2LPC10.CF301.XJ01,83.75940965016694,m³/h
2026-07-29T00:00:00Z,a9bb25d9-9dde-4e84-9845-22ca6726c469,Water flow,BUD2LPC10.CF301.XJ01,94.90411478254525,m³/h
2026-07-28T23:00:00Z,a9bb25d9-9dde-4e84-9845-22ca6726c469,Water flow,BUD2LPC10.CF301.XJ01,106.19029134058032,m³/h
2026-07-28T22:00:00Z,a9bb25d9-9dde-4e84-9845-22ca6726c469,Water flow,BUD2LPC10.CF301.XJ01,104.2033050749039,m³/h
2026-07-28T21:00:00Z,a9bb25d9-9dde-4e84-9845-22ca6726c469,Water flow,BUD2LPC10.CF301.XJ01,104.42890174865725,m³/h
2026-07-28T20:00:00Z,a9bb25d9-9dde-4e84-9845-22ca6726c469,Water flow,BUD2LPC10.CF301.XJ01,84.52046182432281,m³/h
2026-07-28T19:00:00Z,a9bb25d9-9dde-4e84-9845-22ca6726c469,Water flow,BUD2LPC10.CF301.XJ01,85.60492282443579,m³/h
2026-07-28T18:00:00Z,a9bb25d9-9dde-4e84-9845-22ca6726c469,Water flow,BUD2LPC10.CF301.XJ01,88.41459634981277,m³/h
2026-07-28T17:00:00Z,a9bb25d9-9dde-4e84-9845-22ca6726c469,Water flow,BUD2LPC10.CF301.XJ01,66.29324471507057,m³/h
2026-07-28T16:00:00Z,a9bb25d9-9dde-4e84-9845-22ca6726c469,Water flow,BUD2LPC10.CF301.XJ01,81.29148095872685,m³/h
2026-07-28T15:00:00Z,a9bb25d9-9dde-4e84-9845-22ca6726c469,Water flow,BUD2LPC10.CF301.XJ01,82.22179964701331,m³/h
2026-07-28T14:00:00Z,a9bb25d9-9dde-4e84-9845-22ca6726c469,Water flow,BUD2LPC10.CF301.XJ01,96.10948284573018,m³/h
2026-07-28T13:00:00Z,a9bb25d9-9dde-4e84-9845-22ca6726c469,Water flow,BUD2LPC10.CF301.XJ01,111.34655136608826,m³/h
2026-07-28T12:00:00Z,a9bb25d9-9dde-4e84-9845-22ca6726c469,Water flow,BUD2LPC10.CF301.XJ01,117.5198081601255,m³/h
2026-07-28T11:00:00Z,a9bb25d9-9dde-4e84-9845-22ca6726c469,Water flow,BUD2LPC10.CF301.XJ01,103.51147266811793,m³/h
2026-07-28T10:00:00Z,a9bb25d9-9dde-4e84-9845-22ca6726c469,Water flow,BUD2LPC10.CF301.XJ01,90.29222825816602,m³/h
2026-07-28T09:00:00Z,a9bb25d9-9dde-4e84-9845-22ca6726c469,Water flow,BUD2LPC10.CF301.XJ01,84.35503367106114,m³/h
2026-07-28T08:00:00Z,a9bb25d9-9dde-4e84-9845-22ca6726c469,Water flow,BUD2LPC10.CF301.XJ01,104.54566146002882,m³/h
2026-07-28T07:00:00Z,a9bb25d9-9dde-4e84-9845-22ca6726c469,Water flow,BUD2LPC10.CF301.XJ01,96.45118108537456,m³/h
2026-07-28T06:00:00Z,a9bb25d9-9dde-4e84-9845-22ca6726c469,Water flow,BUD2LPC10.CF301.XJ01,91.40292372393435,m³/h
2026-07-28T05:00:00Z,a9bb25d9-9dde-4e84-9845-22ca6726c469,Water flow,BUD2LPC10.CF301.XJ01,87.48805101606587,m³/h
2026-07-28T04:00:00Z,a9bb25d9-9dde-4e84-9845-22ca6726c469,Water flow,BUD2LPC10.CF301.XJ01,81.66332144419357,m³/h
2026-07-28T03:00:00Z,a9bb25d9-9dde-4e84-9845-22ca6726c469,Water flow,BUD2LPC10.CF301.XJ01,64.02747803962882,m³/h
2026-07-28T02:00:00Z,a9bb25d9-9dde-4e84-9845-22ca6726c469,Water flow,BUD2LPC10.CF301.XJ01,61.56776281568739,m³/h
2026-07-28T01:00:00Z,a9bb25d9-9dde-4e84-9845-22ca6726c469,Water flow,BUD2LPC10.CF301.XJ01,59.299680807325636,m³/h
2026-07-28T00:00:00Z,a9bb25d9-9dde-4e84-9845-22ca6726c469,Water flow,BUD2LPC10.CF301.XJ01,60.438825249142084,m³/h
2026-07-27T23:00:00Z,a9bb25d9-9dde-4e84-9845-22ca6726c469,Water flow,BUD2LPC10.CF301.XJ01,58.02304373635179,m³/h
2026-07-27T22:00:00Z,a9bb25d9-9dde-4e84-9845-22ca6726c469,Water flow,BUD2LPC10.CF301.XJ01,58.00607194900507,m³/h
2026-07-27T21:00:00Z,a9bb25d9-9dde-4e84-9845-22ca6726c469,Water flow,BUD2LPC10.CF301.XJ01,70.14052303949985,m³/h
2026-07-27T20:00:00Z,a9bb25d9-9dde-4e84-9845-22ca6726c469,Water flow,BUD2LPC10.CF301.XJ01,75.05740088843973,m³/h
2026-07-27T19:00:00Z,a9bb25d9-9dde-4e84-9845-22ca6726c469,Water flow,BUD2LPC10.CF301.XJ01,67.40160343594019,m³/h
2026-07-27T18:00:00Z,a9bb25d9-9dde-4e84-9845-22ca6726c469,Water flow,BUD2LPC10.CF301.XJ01,64.42435419062502,m³/h
2026-07-27T17:00:00Z,a9bb25d9-9dde-4e84-9845-22ca6726c469,Water flow,BUD2LPC10.CF301.XJ01,60.3140389917956,m³/h
2026-07-27T16:00:00Z,a9bb25d9-9dde-4e84-9845-22ca6726c469,Water flow,BUD2LPC10.CF301.XJ01,70.80030931260872,m³/h
2026-07-27T15:00:00Z,a9bb25d9-9dde-4e84-9845-22ca6726c469,Water flow,BUD2LPC10.CF301.XJ01,76.73138886769621,m³/h
2026-07-27T14:00:00Z,a9bb25d9-9dde-4e84-9845-22ca6726c469,Water flow,BUD2LPC10.CF301.XJ01,80.33444604237854,m³/h
2026-07-27T13:00:00Z,a9bb25d9-9dde-4e84-9845-22ca6726c469,Water flow,BUD2LPC10.CF301.XJ01,128.72599077436655,m³/h
2026-07-27T12:00:00Z,a9bb25d9-9dde-4e84-9845-22ca6726c469,Water flow,BUD2LPC10.CF301.XJ01,101.02690036773664,m³/h
2026-07-27T11:00:00Z,a9bb25d9-9dde-4e84-9845-22ca6726c469,Water flow,BUD2LPC10.CF301.XJ01,76.48877116733114,m³/h
2026-07-27T10:00:00Z,a9bb25d9-9dde-4e84-9845-22ca6726c469,Water flow,BUD2LPC10.CF301.XJ01,84.1438560231528,m³/h
2026-07-27T09:00:00Z,a9bb25d9-9dde-4e84-9845-22ca6726c469,Water flow,BUD2LPC10.CF301.XJ01,102.65243667178687,m³/h
2026-07-27T08:00:00Z,a9bb25d9-9dde-4e84-9845-22ca6726c469,Water flow,BUD2LPC10.CF301.XJ01,82.65300237867575,m³/h
2026-07-27T07:00:00Z,a9bb25d9-9dde-4e84-9845-22ca6726c469,Water flow,BUD2LPC10.CF301.XJ01,58.39332665973238,m³/h
2026-07-27T06:00:00Z,a9bb25d9-9dde-4e84-9845-22ca6726c469,Water flow,BUD2LPC10.CF301.XJ01,57.931390442318374,m³/h
2026-07-27T05:00:00Z,a9bb25d9-9dde-4e84-9845-22ca6726c469,Water flow,BUD2LPC10.CF301.XJ01,58.05337415271344,m³/h
2026-07-27T04:00:00Z,a9bb25d9-9dde-4e84-9845-22ca6726c469,Water flow,BUD2LPC10.CF301.XJ01,57.942434374491434,m³/h
2026-07-27T03:00:00Z,a9bb25d9-9dde-4e84-9845-22ca6726c469,Water flow,BUD2LPC10.CF301.XJ01,57.80540157741973,m³/h
2026-07-27T02:00:00Z,a9bb25d9-9dde-4e84-9845-22ca6726c469,Water flow,BUD2LPC10.CF301.XJ01,57.97855935202704,m³/h
2026-07-27T01:00:00Z,a9bb25d9-9dde-4e84-9845-22ca6726c469,Water flow,BUD2LPC10.CF301.XJ01,57.92736132260097,m³/h
2026-07-27T00:00:00Z,a9bb25d9-9dde-4e84-9845-22ca6726c469,Water flow,BUD2LPC10.CF301.XJ01,58.29867224587331,m³/h
2026-07-26T23:00:00Z,a9bb25d9-9dde-4e84-9845-22ca6726c469,Water flow,BUD2LPC10.CF301.XJ01,79.06394931369373,m³/h
2026-07-26T22:00:00Z,a9bb25d9-9dde-4e84-9845-22ca6726c469,Water flow,BUD2LPC10.CF301.XJ01,74.60488003200955,m³/h
2026-07-26T21:00:00Z,a9bb25d9-9dde-4e84-9845-22ca6726c469,Water flow,BUD2LPC10.CF301.XJ01,92.47446210649296,m³/h
2026-07-26T20:00:00Z,a9bb25d9-9dde-4e84-9845-22ca6726c469,Water flow,BUD2LPC10.CF301.XJ01,90.8830788760715,m³/h
2026-07-26T19:00:00Z,a9bb25d9-9dde-4e84-9845-22ca6726c469,Water flow,BUD2LPC10.CF301.XJ01,72.91098985571273,m³/h
2026-07-26T18:00:00Z,a9bb25d9-9dde-4e84-9845-22ca6726c469,Water flow,BUD2LPC10.CF301.XJ01,72.29859546661378,m³/h
2026-07-26T17:00:00Z,a9bb25d9-9dde-4e84-9845-22ca6726c469,Water flow,BUD2LPC10.CF301.XJ01,65.44933050006148,m³/h
2026-07-26T16:00:00Z,a9bb25d9-9dde-4e84-9845-22ca6726c469,Water flow,BUD2LPC10.CF301.XJ01,69.06582770029698,m³/h
2026-07-26T15:00:00Z,a9bb25d9-9dde-4e84-9845-22ca6726c469,Water flow,BUD2LPC10.CF301.XJ01,98.30265698326969,m³/h
2026-07-26T14:00:00Z,a9bb25d9-9dde-4e84-9845-22ca6726c469,Water flow,BUD2LPC10.CF301.XJ01,108.46095560285795,m³/h
2026-07-26T13:00:00Z,a9bb25d9-9dde-4e84-9845-22ca6726c469,Water flow,BUD2LPC10.CF301.XJ01,140.43251059638126,m³/h
2026-07-26T12:00:00Z,a9bb25d9-9dde-4e84-9845-22ca6726c469,Water flow,BUD2LPC10.CF301.XJ01,140.35012601216602,m³/h
2026-07-26T11:00:00Z,a9bb25d9-9dde-4e84-9845-22ca6726c469,Water flow,BUD2LPC10.CF301.XJ01,106.52831728193505,m³/h
2026-07-26T10:00:00Z,a9bb25d9-9dde-4e84-9845-22ca6726c469,Water flow,BUD2LPC10.CF301.XJ01,99.74423508538139,m³/h
2026-07-26T09:00:00Z,a9bb25d9-9dde-4e84-9845-22ca6726c469,Water flow,BUD2LPC10.CF301.XJ01,99.96770301394992,m³/h
2026-07-26T08:00:00Z,a9bb25d9-9dde-4e84-9845-22ca6726c469,Water flow,BUD2LPC10.CF301.XJ01,92.1912562306723,m³/h
2026-07-26T07:00:00Z,a9bb25d9-9dde-4e84-9845-22ca6726c469,Water flow,BUD2LPC10.CF301.XJ01,81.8450402153864,m³/h
2026-07-26T06:00:00Z,a9bb25d9-9dde-4e84-9845-22ca6726c469,Water flow,BUD2LPC10.CF301.XJ01,79.64630805969261,m³/h
2026-07-26T05:00:00Z,a9bb25d9-9dde-4e84-9845-22ca6726c469,Water flow,BUD2LPC10.CF301.XJ01,75.39350905100495,m³/h
2026-07-26T04:00:00Z,a9bb25d9-9dde-4e84-9845-22ca6726c469,Water flow,BUD2LPC10.CF301.XJ01,75.34755442725289,m³/h
2026-07-26T03:00:00Z,a9bb25d9-9dde-4e84-9845-22ca6726c469,Water flow,BUD2LPC10.CF301.XJ01,93.1090447362265,m³/h
2026-07-26T02:00:00Z,a9bb25d9-9dde-4e84-9845-22ca6726c469,Water flow,BUD2LPC10.CF301.XJ01,93.32362314407675,m³/h
2026-07-26T01:00:00Z,a9bb25d9-9dde-4e84-9845-22ca6726c469,Water flow,BUD2LPC10.CF301.XJ01,98.09595121595596,m³/h
2026-07-26T00:00:00Z,a9bb25d9-9dde-4e84-9845-22ca6726c469,Water flow,BUD2LPC10.CF301.XJ01,98.61279416402171,m³/h
2026-07-25T23:00:00Z,a9bb25d9-9dde-4e84-9845-22ca6726c469,Water flow,BUD2LPC10.CF301.XJ01,103.03691968224176,m³/h
2026-07-25T22:00:00Z,a9bb25d9-9dde-4e84-9845-22ca6726c469,Water flow,BUD2LPC10.CF301.XJ01,103.62693713253398,m³/h
2026-07-25T21:00:00Z,a9bb25d9-9dde-4e84-9845-22ca6726c469,Water flow,BUD2LPC10.CF301.XJ01,115.60218838161897,m³/h
2026-07-25T20:00:00Z,a9bb25d9-9dde-4e84-9845-22ca6726c469,Water flow,BUD2LPC10.CF301.XJ01,110.67980749342178,m³/h
2026-07-25T19:00:00Z,a9bb25d9-9dde-4e84-9845-22ca6726c469,Water flow,BUD2LPC10.CF301.XJ01,105.42094659169528,m³/h
2026-07-25T18:00:00Z,a9bb25d9-9dde-4e84-9845-22ca6726c469,Water flow,BUD2LPC10.CF301.XJ01,103.05554149627707,m³/h
2026-07-25T17:00:00Z,a9bb25d9-9dde-4e84-9845-22ca6726c469,Water flow,BUD2LPC10.CF301.XJ01,103.00714952680825,m³/h
2026-07-25T16:00:00Z,a9bb25d9-9dde-4e84-9845-22ca6726c469,Water flow,BUD2LPC10.CF301.XJ01,103.02289236280663,m³/h
2026-07-25T15:00:00Z,a9bb25d9-9dde-4e84-9845-22ca6726c469,Water flow,BUD2LPC10.CF301.XJ01,103.81069739023859,m³/h
2026-07-25T14:00:00Z,a9bb25d9-9dde-4e84-9845-22ca6726c469,Water flow,BUD2LPC10.CF301.XJ01,107.55039453718406,m³/h
2026-07-25T13:00:00Z,a9bb25d9-9dde-4e84-9845-22ca6726c469,Water flow,BUD2LPC10.CF301.XJ01,107.90826493624242,m³/h
2026-07-25T12:00:00Z,a9bb25d9-9dde-4e84-9845-22ca6726c469,Water flow,BUD2LPC10.CF301.XJ01,124.26442207336449,m³/h
2026-07-25T11:00:00Z,a9bb25d9-9dde-4e84-9845-22ca6726c469,Water flow,BUD2LPC10.CF301.XJ01,126.26233921474895,m³/h
2026-07-25T10:00:00Z,a9bb25d9-9dde-4e84-9845-22ca6726c469,Water flow,BUD2LPC10.CF301.XJ01,95.05984093560112,m³/h
2026-07-25T09:00:00Z,a9bb25d9-9dde-4e84-9845-22ca6726c469,Water flow,BUD2LPC10.CF301.XJ01,60.65591769112477,m³/h
2026-07-25T08:00:00Z,a9bb25d9-9dde-4e84-9845-22ca6726c469,Water flow,BUD2LPC10.CF301.XJ01,60.76048542658487,m³/h
2026-07-25T07:00:00Z,a9bb25d9-9dde-4e84-9845-22ca6726c469,Water flow,BUD2LPC10.CF301.XJ01,60.76890232933884,m³/h
2026-07-25T06:00:00Z,a9bb25d9-9dde-4e84-9845-22ca6726c469,Water flow,BUD2LPC10.CF301.XJ01,60.780704937225046,m³/h
2026-07-25T05:00:00Z,a9bb25d9-9dde-4e84-9845-22ca6726c469,Water flow,BUD2LPC10.CF301.XJ01,60.73543784459428,m³/h
2026-07-25T04:00:00Z,a9bb25d9-9dde-4e84-9845-22ca6726c469,Water flow,BUD2LPC10.CF301.XJ01,60.34447633743295,m³/h
2026-07-25T03:00:00Z,a9bb25d9-9dde-4e84-9845-22ca6726c469,Water flow,BUD2LPC10.CF301.XJ01,66.91880711237603,m³/h
2026-07-25T02:00:00Z,a9bb25d9-9dde-4e84-9845-22ca6726c469,Water flow,BUD2LPC10.CF301.XJ01,65.39223347557909,m³/h
2026-07-25T01:00:00Z,a9bb25d9-9dde-4e84-9845-22ca6726c469,Water flow,BUD2LPC10.CF301.XJ01,65.38563461939496,m³/h
2026-07-25T00:00:00Z,a9bb25d9-9dde-4e84-9845-22ca6726c469,Water flow,BUD2LPC10.CF301.XJ01,68.11278349982356,m³/h
2026-07-24T23:00:00Z,a9bb25d9-9dde-4e84-9845-22ca6726c469,Water flow,BUD2LPC10.CF301.XJ01,72.80017264048253,m³/h
2026-07-24T22:00:00Z,a9bb25d9-9dde-4e84-9845-22ca6726c469,Water flow,BUD2LPC10.CF301.XJ01,89.94830067104775,m³/h
2026-07-24T21:00:00Z,a9bb25d9-9dde-4e84-9845-22ca6726c469,Water flow,BUD2LPC10.CF301.XJ01,89.99794329813672,m³/h
2026-07-24T20:00:00Z,a9bb25d9-9dde-4e84-9845-22ca6726c469,Water flow,BUD2LPC10.CF301.XJ01,90.38443102942577,m³/h
2026-07-24T19:00:00Z,a9bb25d9-9dde-4e84-9845-22ca6726c469,Water flow,BUD2LPC10.CF301.XJ01,105.36853861067023,m³/h
2026-07-24T18:00:00Z,a9bb25d9-9dde-4e84-9845-22ca6726c469,Water flow,BUD2LPC10.CF301.XJ01,121.27360972329735,m³/h
2026-07-24T17:00:00Z,a9bb25d9-9dde-4e84-9845-22ca6726c469,Water flow,BUD2LPC10.CF301.XJ01,114.23925957997655,m³/h
2026-07-24T16:00:00Z,a9bb25d9-9dde-4e84-9845-22ca6726c469,Water flow,BUD2LPC10.CF301.XJ01,90.95827257792169,m³/h
2026-07-24T15:00:00Z,a9bb25d9-9dde-4e84-9845-22ca6726c469,Water flow,BUD2LPC10.CF301.XJ01,88.95277775028939,m³/h
2026-07-24T14:00:00Z,a9bb25d9-9dde-4e84-9845-22ca6726c469,Water flow,BUD2LPC10.CF301.XJ01,102.08341951158302,m³/h
2026-07-24T13:00:00Z,a9bb25d9-9dde-4e84-9845-22ca6726c469,Water flow,BUD2LPC10.CF301.XJ01,115.81160496048572,m³/h
2026-07-24T12:00:00Z,a9bb25d9-9dde-4e84-9845-22ca6726c469,Water flow,BUD2LPC10.CF301.XJ01,115.8572624075222,m³/h
2026-07-24T11:00:00Z,a9bb25d9-9dde-4e84-9845-22ca6726c469,Water flow,BUD2LPC10.CF301.XJ01,121.84939481947161,m³/h
2026-07-24T10:00:00Z,a9bb25d9-9dde-4e84-9845-22ca6726c469,Water flow,BUD2LPC10.CF301.XJ01,122.95559588056456,m³/h
2026-07-24T09:00:00Z,a9bb25d9-9dde-4e84-9845-22ca6726c469,Water flow,BUD2LPC10.CF301.XJ01,119.03133734809018,m³/h
2026-07-24T08:00:00Z,a9bb25d9-9dde-4e84-9845-22ca6726c469,Water flow,BUD2LPC10.CF301.XJ01,131.1883371765576,m³/h
2026-07-24T07:00:00Z,a9bb25d9-9dde-4e84-9845-22ca6726c469,Water flow,BUD2LPC10.CF301.XJ01,92.27184063381613,m³/h
2026-07-24T06:00:00Z,a9bb25d9-9dde-4e84-9845-22ca6726c469,Water flow,BUD2LPC10.CF301.XJ01,79.18503021664107,m³/h
2026-07-24T05:00:00Z,a9bb25d9-9dde-4e84-9845-22ca6726c469,Water flow,BUD2LPC10.CF301.XJ01,77.02139313574422,m³/h
2026-07-24T04:00:00Z,a9bb25d9-9dde-4e84-9845-22ca6726c469,Water flow,BUD2LPC10.CF301.XJ01,74.00262507544626,m³/h
2026-07-24T03:00:00Z,a9bb25d9-9dde-4e84-9845-22ca6726c469,Water flow,BUD2LPC10.CF301.XJ01,76.74493857315346,m³/h
2026-07-24T02:00:00Z,a9bb25d9-9dde-4e84-9845-22ca6726c469,Water flow,BUD2LPC10.CF301.XJ01,75.02738670505869,m³/h
2026-07-24T01:00:00Z,a9bb25d9-9dde-4e84-9845-22ca6726c469,Water flow,BUD2LPC10.CF301.XJ01,75.93317629496258,m³/h
2026-07-24T00:00:00Z,a9bb25d9-9dde-4e84-9845-22ca6726c469,Water flow,BUD2LPC10.CF301.XJ01,78.76376704745824,m³/h
2026-07-23T23:00:00Z,a9bb25d9-9dde-4e84-9845-22ca6726c469,Water flow,BUD2LPC10.CF301.XJ01,83.96758905622698,m³/h
2026-07-23T22:00:00Z,a9bb25d9-9dde-4e84-9845-22ca6726c469,Water flow,BUD2LPC10.CF301.XJ01,99.3533427345134,m³/h
2026-07-23T21:00:00Z,a9bb25d9-9dde-4e84-9845-22ca6726c469,Water flow,BUD2LPC10.CF301.XJ01,108.19462376912423,m³/h
2026-07-23T20:00:00Z,a9bb25d9-9dde-4e84-9845-22ca6726c469,Water flow,BUD2LPC10.CF301.XJ01,119.37473767598459,m³/h
2026-07-23T19:00:00Z,a9bb25d9-9dde-4e84-9845-22ca6726c469,Water flow,BUD2LPC10.CF301.XJ01,141.00429469251014,m³/h
2026-07-23T18:00:00Z,a9bb25d9-9dde-4e84-9845-22ca6726c469,Water flow,BUD2LPC10.CF301.XJ01,140.6259262424045,m³/h
2026-07-23T17:00:00Z,a9bb25d9-9dde-4e84-9845-22ca6726c469,Water flow,BUD2LPC10.CF301.XJ01,137.500325457255,m³/h
2026-07-23T16:00:00Z,a9bb25d9-9dde-4e84-9845-22ca6726c469,Water flow,BUD2LPC10.CF301.XJ01,123.06355907785813,m³/h
2026-07-23T15:00:00Z,a9bb25d9-9dde-4e84-9845-22ca6726c469,Water flow,BUD2LPC10.CF301.XJ01,129.46059105767162,m³/h
2026-07-23T14:00:00Z,a9bb25d9-9dde-4e84-9845-22ca6726c469,Water flow,BUD2LPC10.CF301.XJ01,133.74454424540193,m³/h
2026-07-23T13:00:00Z,a9bb25d9-9dde-4e84-9845-22ca6726c469,Water flow,BUD2LPC10.CF301.XJ01,135.10119253370502,m³/h
2026-07-23T12:00:00Z,a9bb25d9-9dde-4e84-9845-22ca6726c469,Water flow,BUD2LPC10.CF301.XJ01,141.13827527364094,m³/h
2026-07-23T11:00:00Z,a9bb25d9-9dde-4e84-9845-22ca6726c469,Water flow,BUD2LPC10.CF301.XJ01,140.51494164360906,m³/h
2026-07-23T10:00:00Z,a9bb25d9-9dde-4e84-9845-22ca6726c469,Water flow,BUD2LPC10.CF301.XJ01,140.22631897820378,m³/h
2026-07-23T09:00:00Z,a9bb25d9-9dde-4e84-9845-22ca6726c469,Water flow,BUD2LPC10.CF301.XJ01,99.57431051053896,m³/h
2026-07-23T08:00:00Z,a9bb25d9-9dde-4e84-9845-22ca6726c469,Water flow,BUD2LPC10.CF301.XJ01,107.15880059560139,m³/h
2026-07-23T07:00:00Z,a9bb25d9-9dde-4e84-9845-22ca6726c469,Water flow,BUD2LPC10.CF301.XJ01,94.17647799597847,m³/h
2026-07-23T06:00:00Z,a9bb25d9-9dde-4e84-9845-22ca6726c469,Water flow,BUD2LPC10.CF301.XJ01,90.54560732523595,m³/h
2026-07-23T05:00:00Z,a9bb25d9-9dde-4e84-9845-22ca6726c469,Water flow,BUD2LPC10.CF301.XJ01,72.45017766740571,m³/h
2026-07-23T04:00:00Z,a9bb25d9-9dde-4e84-9845-22ca6726c469,Water flow,BUD2LPC10.CF301.XJ01,65.5159200986226,m³/h
2026-07-23T03:00:00Z,a9bb25d9-9dde-4e84-9845-22ca6726c469,Water flow,BUD2LPC10.CF301.XJ01,69.28019529554575,m³/h
2026-07-23T02:00:00Z,a9bb25d9-9dde-4e84-9845-22ca6726c469,Water flow,BUD2LPC10.CF301.XJ01,83.04043013788448,m³/h
2026-07-23T01:00:00Z,a9bb25d9-9dde-4e84-9845-22ca6726c469,Water flow,BUD2LPC10.CF301.XJ01,102.47065289391406,m³/h
2026-07-23T00:00:00Z,a9bb25d9-9dde-4e84-9845-22ca6726c469,Water flow,BUD2LPC10.CF301.XJ01,140.28375410291872,m³/h
2026-07-22T23:00:00Z,a9bb25d9-9dde-4e84-9845-22ca6726c469,Water flow,BUD2LPC10.CF301.XJ01,121.14660229576975,m³/h
2026-07-22T22:00:00Z,a9bb25d9-9dde-4e84-9845-22ca6726c469,Water flow,BUD2LPC10.CF301.XJ01,104.58764087465073,m³/h
2026-07-22T21:00:00Z,a9bb25d9-9dde-4e84-9845-22ca6726c469,Water flow,BUD2LPC10.CF301.XJ01,74.0585642242433,m³/h
2026-07-22T20:00:00Z,a9bb25d9-9dde-4e84-9845-22ca6726c469,Water flow,BUD2LPC10.CF301.XJ01,114.36418038686118,m³/h
2026-07-22T19:00:00Z,a9bb25d9-9dde-4e84-9845-22ca6726c469,Water flow,BUD2LPC10.CF301.XJ01,121.98807835896793,m³/h
2026-07-22T18:00:00Z,a9bb25d9-9dde-4e84-9845-22ca6726c469,Water flow,BUD2LPC10.CF301.XJ01,132.36849121941455,m³/h
2026-07-22T17:00:00Z,a9bb25d9-9dde-4e84-9845-22ca6726c469,Water flow,BUD2LPC10.CF301.XJ01,140.74651088005044,m³/h
2026-07-22T16:00:00Z,a9bb25d9-9dde-4e84-9845-22ca6726c469,Water flow,BUD2LPC10.CF301.XJ01,140.5371977403426,m³/h
2026-07-22T15:00:00Z,a9bb25d9-9dde-4e84-9845-22ca6726c469,Water flow,BUD2LPC10.CF301.XJ01,116.8391030078463,m³/h
2026-07-22T14:00:00Z,a9bb25d9-9dde-4e84-9845-22ca6726c469,Water flow,BUD2LPC10.CF301.XJ01,101.11894865247928,m³/h
2026-07-22T13:00:00Z,a9bb25d9-9dde-4e84-9845-22ca6726c469,Water flow,BUD2LPC10.CF301.XJ01,105.25888040754518,m³/h
2026-07-22T12:00:00Z,a9bb25d9-9dde-4e84-9845-22ca6726c469,Water flow,BUD2LPC10.CF301.XJ01,139.59536062028656,m³/h
2026-07-22T11:00:00Z,a9bb25d9-9dde-4e84-9845-22ca6726c469,Water flow,BUD2LPC10.CF301.XJ01,95.2243886947632,m³/h
2026-07-22T10:00:00Z,a9bb25d9-9dde-4e84-9845-22ca6726c469,Water flow,BUD2LPC10.CF301.XJ01,82.818872388204,m³/h
2026-07-22T09:00:00Z,a9bb25d9-9dde-4e84-9845-22ca6726c469,Water flow,BUD2LPC10.CF301.XJ01,89.39098021189366,m³/h
2026-07-22T08:00:00Z,a9bb25d9-9dde-4e84-9845-22ca6726c469,Water flow,BUD2LPC10.CF301.XJ01,89.25968832227909,m³/h
2026-07-22T07:00:00Z,a9bb25d9-9dde-4e84-9845-22ca6726c469,Water flow,BUD2LPC10.CF301.XJ01,58.20464260737096,m³/h
2026-07-22T06:00:00Z,a9bb25d9-9dde-4e84-9845-22ca6726c469,Water flow,BUD2LPC10.CF301.XJ01,58.218736211988755,m³/h
2026-07-22T05:00:00Z,a9bb25d9-9dde-4e84-9845-22ca6726c469,Water flow,BUD2LPC10.CF301.XJ01,58.32285248862375,m³/h
2026-07-22T04:00:00Z,a9bb25d9-9dde-4e84-9845-22ca6726c469,Water flow,BUD2LPC10.CF301.XJ01,58.217217619154184,m³/h
2026-07-22T03:00:00Z,a9bb25d9-9dde-4e84-9845-22ca6726c469,Water flow,BUD2LPC10.CF301.XJ01,58.21729928546476,m³/h
2026-07-22T02:00:00Z,a9bb25d9-9dde-4e84-9845-22ca6726c469,Water flow,BUD2LPC10.CF301.XJ01,58.26585489484992,m³/h
2026-07-22T01:00:00Z,a9bb25d9-9dde-4e84-9845-22ca6726c469,Water flow,BUD2LPC10.CF301.XJ01,58.34906622911572,m³/h
2026-07-22T00:00:00Z,a9bb25d9-9dde-4e84-9845-22ca6726c469,Water flow,BUD2LPC10.CF301.XJ01,60.11562892701894,m³/h
2026-07-21T23:00:00Z,a9bb25d9-9dde-4e84-9845-22ca6726c469,Water flow,BUD2LPC10.CF301.XJ01,100.68717871771926,m³/h
2026-07-21T22:00:00Z,a9bb25d9-9dde-4e84-9845-22ca6726c469,Water flow,BUD2LPC10.CF301.XJ01,105.75096823374444,m³/h
2026-07-21T21:00:00Z,a9bb25d9-9dde-4e84-9845-22ca6726c469,Water flow,BUD2LPC10.CF301.XJ01,105.88021733601889,m³/h
2026-07-21T20:00:00Z,a9bb25d9-9dde-4e84-9845-22ca6726c469,Water flow,BUD2LPC10.CF301.XJ01,114.9213536792333,m³/h
2026-07-21T19:00:00Z,a9bb25d9-9dde-4e84-9845-22ca6726c469,Water flow,BUD2LPC10.CF301.XJ01,115.92848224216041,m³/h
2026-07-21T18:00:00Z,a9bb25d9-9dde-4e84-9845-22ca6726c469,Water flow,BUD2LPC10.CF301.XJ01,136.69098312377923,m³/h
2026-07-21T17:00:00Z,a9bb25d9-9dde-4e84-9845-22ca6726c469,Water flow,BUD2LPC10.CF301.XJ01,78.90265156639944,m³/h
2026-07-21T16:00:00Z,a9bb25d9-9dde-4e84-9845-22ca6726c469,Water flow,BUD2LPC10.CF301.XJ01,62.88931052949691,m³/h
2026-07-21T15:00:00Z,a9bb25d9-9dde-4e84-9845-22ca6726c469,Water flow,BUD2LPC10.CF301.XJ01,76.51185941722636,m³/h
2026-07-21T14:00:00Z,a9bb25d9-9dde-4e84-9845-22ca6726c469,Water flow,BUD2LPC10.CF301.XJ01,88.49122126261399,m³/h
2026-07-21T13:00:00Z,a9bb25d9-9dde-4e84-9845-22ca6726c469,Water flow,BUD2LPC10.CF301.XJ01,60.85182733747682,m³/h
2026-07-21T12:00:00Z,a9bb25d9-9dde-4e84-9845-22ca6726c469,Water flow,BUD2LPC10.CF301.XJ01,60.033263388739655,m³/h
2026-07-21T11:00:00Z,a9bb25d9-9dde-4e84-9845-22ca6726c469,Water flow,BUD2LPC10.CF301.XJ01,127.99206921895338,m³/h
2026-07-21T10:00:00Z,a9bb25d9-9dde-4e84-9845-22ca6726c469,Water flow,BUD2LPC10.CF301.XJ01,127.65605552673347,m³/h
2026-07-21T09:00:00Z,a9bb25d9-9dde-4e84-9845-22ca6726c469,Water flow,BUD2LPC10.CF301.XJ01,117.29377246432838,m³/h
2026-07-21T08:00:00Z,a9bb25d9-9dde-4e84-9845-22ca6726c469,Water flow,BUD2LPC10.CF301.XJ01,98.45238542344829,m³/h
2026-07-21T07:00:00Z,a9bb25d9-9dde-4e84-9845-22ca6726c469,Water flow,BUD2LPC10.CF301.XJ01,81.57606324513729,m³/h
2026-07-21T06:00:00Z,a9bb25d9-9dde-4e84-9845-22ca6726c469,Water flow,BUD2LPC10.CF301.XJ01,74.57960385640463,m³/h
2026-07-21T05:00:00Z,a9bb25d9-9dde-4e84-9845-22ca6726c469,Water flow,BUD2LPC10.CF301.XJ01,58.13307519065007,m³/h
2026-07-21T04:00:00Z,a9bb25d9-9dde-4e84-9845-22ca6726c469,Water flow,BUD2LPC10.CF301.XJ01,58.105016689300506,m³/h
2026-07-21T03:00:00Z,a9bb25d9-9dde-4e84-9845-22ca6726c469,Water flow,BUD2LPC10.CF301.XJ01,58.29964784410264,m³/h
2026-07-21T02:00:00Z,a9bb25d9-9dde-4e84-9845-22ca6726c469,Water flow,BUD2LPC10.CF301.XJ01,73.13652064853244,m³/h
2026-07-21T01:00:00Z,a9bb25d9-9dde-4e84-9845-22ca6726c469,Water flow,BUD2LPC10.CF301.XJ01,66.32813659244113,m³/h
2026-07-21T00:00:00Z,a9bb25d9-9dde-4e84-9845-22ca6726c469,Water flow,BUD2LPC10.CF301.XJ01,66.89579771041879,m³/h
2026-07-20T23:00:00Z,a9bb25d9-9dde-4e84-9845-22ca6726c469,Water flow,BUD2LPC10.CF301.XJ01,105.7769632381861,m³/h
2026-07-20T22:00:00Z,a9bb25d9-9dde-4e84-9845-22ca6726c469,Water flow,BUD2LPC10.CF301.XJ01,127.02482922024171,m³/h
2026-07-20T21:00:00Z,a9bb25d9-9dde-4e84-9845-22ca6726c469,Water flow,BUD2LPC10.CF301.XJ01,140.1017510295909,m³/h
2026-07-20T20:00:00Z,a9bb25d9-9dde-4e84-9845-22ca6726c469,Water flow,BUD2LPC10.CF301.XJ01,122.92899593353269,m³/h
2026-07-20T19:00:00Z,a9bb25d9-9dde-4e84-9845-22ca6726c469,Water flow,BUD2LPC10.CF301.XJ01,122.70714468214238,m³/h
2026-07-20T18:00:00Z,a9bb25d9-9dde-4e84-9845-22ca6726c469,Water flow,BUD2LPC10.CF301.XJ01,116.58535065544984,m³/h
2026-07-20T17:00:00Z,a9bb25d9-9dde-4e84-9845-22ca6726c469,Water flow,BUD2LPC10.CF301.XJ01,68.9533286391364,m³/h
2026-07-20T16:00:00Z,a9bb25d9-9dde-4e84-9845-22ca6726c469,Water flow,BUD2LPC10.CF301.XJ01,90.5399797439575,m³/h
2026-07-20T15:00:00Z,a9bb25d9-9dde-4e84-9845-22ca6726c469,Water flow,BUD2LPC10.CF301.XJ01,95.5772858132257,m³/h
2026-07-20T14:00:00Z,a9bb25d9-9dde-4e84-9845-22ca6726c469,Water flow,BUD2LPC10.CF301.XJ01,102.31000979529485,m³/h
2026-07-20T13:00:00Z,a9bb25d9-9dde-4e84-9845-22ca6726c469,Water flow,BUD2LPC10.CF301.XJ01,110.82825061601109,m³/h
2026-07-20T12:00:00Z,a9bb25d9-9dde-4e84-9845-22ca6726c469,Water flow,BUD2LPC10.CF301.XJ01,114.36476347605385,m³/h
2026-07-20T11:00:00Z,a9bb25d9-9dde-4e84-9845-22ca6726c469,Water flow,BUD2LPC10.CF301.XJ01,129.65240473853234,m³/h
2026-07-20T10:00:00Z,a9bb25d9-9dde-4e84-9845-22ca6726c469,Water flow,BUD2LPC10.CF301.XJ01,140.47095148487924,m³/h
2026-07-20T09:00:00Z,a9bb25d9-9dde-4e84-9845-22ca6726c469,Water flow,BUD2LPC10.CF301.XJ01,108.29856898413782,m³/h
2026-07-20T08:00:00Z,a9bb25d9-9dde-4e84-9845-22ca6726c469,Water flow,BUD2LPC10.CF301.XJ01,79.40337046972583,m³/h
2026-07-20T07:00:00Z,a9bb25d9-9dde-4e84-9845-22ca6726c469,Water flow,BUD2LPC10.CF301.XJ01,108.22640166812468,m³/h
2026-07-20T06:00:00Z,a9bb25d9-9dde-4e84-9845-22ca6726c469,Water flow,BUD2LPC10.CF301.XJ01,58.31124640490726,m³/h
2026-07-20T05:00:00Z,a9bb25d9-9dde-4e84-9845-22ca6726c469,Water flow,BUD2LPC10.CF301.XJ01,60.39739039846769,m³/h
2026-07-20T04:00:00Z,a9bb25d9-9dde-4e84-9845-22ca6726c469,Water flow,BUD2LPC10.CF301.XJ01,104.56423906962071,m³/h
2026-07-20T03:00:00Z,a9bb25d9-9dde-4e84-9845-22ca6726c469,Water flow,BUD2LPC10.CF301.XJ01,110.19081642736455,m³/h
2026-07-20T02:00:00Z,a9bb25d9-9dde-4e84-9845-22ca6726c469,Water flow,BUD2LPC10.CF301.XJ01,59.503720556894926,m³/h
2026-07-20T01:00:00Z,a9bb25d9-9dde-4e84-9845-22ca6726c469,Water flow,BUD2LPC10.CF301.XJ01,59.87863984849714,m³/h
2026-07-20T00:00:00Z,a9bb25d9-9dde-4e84-9845-22ca6726c469,Water flow,BUD2LPC10.CF301.XJ01,69.53824479072914,m³/h
2026-07-19T23:00:00Z,a9bb25d9-9dde-4e84-9845-22ca6726c469,Water flow,BUD2LPC10.CF301.XJ01,85.96491428375231,m³/h
2026-07-19T22:00:00Z,a9bb25d9-9dde-4e84-9845-22ca6726c469,Water flow,BUD2LPC10.CF301.XJ01,85.90096400008066,m³/h
2026-07-19T21:00:00Z,a9bb25d9-9dde-4e84-9845-22ca6726c469,Water flow,BUD2LPC10.CF301.XJ01,91.43115166134292,m³/h
2026-07-19T20:00:00Z,a9bb25d9-9dde-4e84-9845-22ca6726c469,Water flow,BUD2LPC10.CF301.XJ01,110.61479788128385,m³/h
2026-07-19T19:00:00Z,a9bb25d9-9dde-4e84-9845-22ca6726c469,Water flow,BUD2LPC10.CF301.XJ01,100.12422139485672,m³/h
2026-07-19T18:00:00Z,a9bb25d9-9dde-4e84-9845-22ca6726c469,Water flow,BUD2LPC10.CF301.XJ01,85.7307457733153,m³/h
2026-07-19T17:00:00Z,a9bb25d9-9dde-4e84-9845-22ca6726c469,Water flow,BUD2LPC10.CF301.XJ01,71.1883588391188,m³/h
2026-07-19T16:00:00Z,a9bb25d9-9dde-4e84-9845-22ca6726c469,Water flow,BUD2LPC10.CF301.XJ01,65.93742066489325,m³/h
2026-07-19T15:00:00Z,a9bb25d9-9dde-4e84-9845-22ca6726c469,Water flow,BUD2LPC10.CF301.XJ01,79.06266924540203,m³/h
2026-07-19T14:00:00Z,a9bb25d9-9dde-4e84-9845-22ca6726c469,Water flow,BUD2LPC10.CF301.XJ01,79.41091564375459,m³/h
2026-07-19T13:00:00Z,a9bb25d9-9dde-4e84-9845-22ca6726c469,Water flow,BUD2LPC10.CF301.XJ01,79.51629730648472,m³/h
2026-07-19T12:00:00Z,a9bb25d9-9dde-4e84-9845-22ca6726c469,Water flow,BUD2LPC10.CF301.XJ01,78.45218885335879,m³/h
2026-07-19T11:00:00Z,a9bb25d9-9dde-4e84-9845-22ca6726c469,Water flow,BUD2LPC10.CF301.XJ01,70.71474434771102,m³/h
2026-07-19T10:00:00Z,a9bb25d9-9dde-4e84-9845-22ca6726c469,Water flow,BUD2LPC10.CF301.XJ01,68.30125819530133,m³/h
2026-07-19T09:00:00Z,a9bb25d9-9dde-4e84-9845-22ca6726c469,Water flow,BUD2LPC10.CF301.XJ01,73.53548667140947,m³/h
2026-07-19T08:00:00Z,a9bb25d9-9dde-4e84-9845-22ca6726c469,Water flow,BUD2LPC10.CF301.XJ01,73.740725356208,m³/h
2026-07-19T07:00:00Z,a9bb25d9-9dde-4e84-9845-22ca6726c469,Water flow,BUD2LPC10.CF301.XJ01,101.83388930231142,m³/h
2026-07-19T06:00:00Z,a9bb25d9-9dde-4e84-9845-22ca6726c469,Water flow,BUD2LPC10.CF301.XJ01,112.746125517951,m³/h
2026-07-19T05:00:00Z,a9bb25d9-9dde-4e84-9845-22ca6726c469,Water flow,BUD2LPC10.CF301.XJ01,112.92178765000618,m³/h
2026-07-19T04:00:00Z,a9bb25d9-9dde-4e84-9845-22ca6726c469,Water flow,BUD2LPC10.CF301.XJ01,108.69318800184463,m³/h
2026-07-19T03:00:00Z,a9bb25d9-9dde-4e84-9845-22ca6726c469,Water flow,BUD2LPC10.CF301.XJ01,100.67649081334505,m³/h
2026-07-19T02:00:00Z,a9bb25d9-9dde-4e84-9845-22ca6726c469,Water flow,BUD2LPC10.CF301.XJ01,60.041238810221344,m³/h
2026-07-19T01:00:00Z,a9bb25d9-9dde-4e84-9845-22ca6726c469,Water flow,BUD2LPC10.CF301.XJ01,58.1176521322463,m³/h
2026-07-19T00:00:00Z,a9bb25d9-9dde-4e84-9845-22ca6726c469,Water flow,BUD2LPC10.CF301.XJ01,58.13032900061184,m³/h
2026-07-18T23:00:00Z,a9bb25d9-9dde-4e84-9845-22ca6726c469,Water flow,BUD2LPC10.CF301.XJ01,58.325517856697445,m³/h
2026-07-18T22:00:00Z,a9bb25d9-9dde-4e84-9845-22ca6726c469,Water flow,BUD2LPC10.CF301.XJ01,68.93508209864298,m³/h
2026-07-18T21:00:00Z,a9bb25d9-9dde-4e84-9845-22ca6726c469,Water flow,BUD2LPC10.CF301.XJ01,69.47605925258358,m³/h
2026-07-18T20:00:00Z,a9bb25d9-9dde-4e84-9845-22ca6726c469,Water flow,BUD2LPC10.CF301.XJ01,88.36946667453321,m³/h
2026-07-18T19:00:00Z,a9bb25d9-9dde-4e84-9845-22ca6726c469,Water flow,BUD2LPC10.CF301.XJ01,91.3163505596584,m³/h
2026-07-18T18:00:00Z,a9bb25d9-9dde-4e84-9845-22ca6726c469,Water flow,BUD2LPC10.CF301.XJ01,104.6830302816819,m³/h
2026-07-18T17:00:00Z,a9bb25d9-9dde-4e84-9845-22ca6726c469,Water flow,BUD2LPC10.CF301.XJ01,80.88720016013512,m³/h
2026-07-18T16:00:00Z,a9bb25d9-9dde-4e84-9845-22ca6726c469,Water flow,BUD2LPC10.CF301.XJ01,79.51943713717988,m³/h
2026-07-18T15:00:00Z,a9bb25d9-9dde-4e84-9845-22ca6726c469,Water flow,BUD2LPC10.CF301.XJ01,79.42962070041236,m³/h
2026-07-18T14:00:00Z,a9bb25d9-9dde-4e84-9845-22ca6726c469,Water flow,BUD2LPC10.CF301.XJ01,79.80629990047866,m³/h
2026-07-18T13:00:00Z,a9bb25d9-9dde-4e84-9845-22ca6726c469,Water flow,BUD2LPC10.CF301.XJ01,85.87906066148103,m³/h
2026-07-18T12:00:00Z,a9bb25d9-9dde-4e84-9845-22ca6726c469,Water flow,BUD2LPC10.CF301.XJ01,91.04882254282627,m³/h
2026-07-18T11:00:00Z,a9bb25d9-9dde-4e84-9845-22ca6726c469,Water flow,BUD2LPC10.CF301.XJ01,76.82121067894826,m³/h
2026-07-18T10:00:00Z,a9bb25d9-9dde-4e84-9845-22ca6726c469,Water flow,BUD2LPC10.CF301.XJ01,64.91529550340437,m³/h
2026-07-18T09:00:00Z,a9bb25d9-9dde-4e84-9845-22ca6726c469,Water flow,BUD2LPC10.CF301.XJ01,60.60840940501936,m³/h
2026-07-18T08:00:00Z,a9bb25d9-9dde-4e84-9845-22ca6726c469,Water flow,BUD2LPC10.CF301.XJ01,64.86378297593862,m³/h
2026-07-18T07:00:00Z,a9bb25d9-9dde-4e84-9845-22ca6726c469,Water flow,BUD2LPC10.CF301.XJ01,60.47949713601006,m³/h
2026-07-18T06:00:00Z,a9bb25d9-9dde-4e84-9845-22ca6726c469,Water flow,BUD2LPC10.CF301.XJ01,61.26349189122516,m³/h
2026-07-18T05:00:00Z,a9bb25d9-9dde-4e84-9845-22ca6726c469,Water flow,BUD2LPC10.CF301.XJ01,61.218688403235575,m³/h
2026-07-18T04:00:00Z,a9bb25d9-9dde-4e84-9845-22ca6726c469,Water flow,BUD2LPC10.CF301.XJ01,61.02085408740571,m³/h
2026-07-18T03:00:00Z,a9bb25d9-9dde-4e84-9845-22ca6726c469,Water flow,BUD2LPC10.CF301.XJ01,66.34985265731804,m³/h
2026-07-18T02:00:00Z,a9bb25d9-9dde-4e84-9845-22ca6726c469,Water flow,BUD2LPC10.CF301.XJ01,62.911772577497686,m³/h
2026-07-18T01:00:00Z,a9bb25d9-9dde-4e84-9845-22ca6726c469,Water flow,BUD2LPC10.CF301.XJ01,62.15884366971122,m³/h
2026-07-18T00:00:00Z,a9bb25d9-9dde-4e84-9845-22ca6726c469,Water flow,BUD2LPC10.CF301.XJ01,71.23675664054029,m³/h
2026-07-17T23:00:00Z,a9bb25d9-9dde-4e84-9845-22ca6726c469,Water flow,BUD2LPC10.CF301.XJ01,58.23178564919362,m³/h
2026-07-17T22:00:00Z,a9bb25d9-9dde-4e84-9845-22ca6726c469,Water flow,BUD2LPC10.CF301.XJ01,61.55083162519661,m³/h
2026-07-17T21:00:00Z,a9bb25d9-9dde-4e84-9845-22ca6726c469,Water flow,BUD2LPC10.CF301.XJ01,70.36698429686555,m³/h
2026-07-17T20:00:00Z,a9bb25d9-9dde-4e84-9845-22ca6726c469,Water flow,BUD2LPC10.CF301.XJ01,74.03327159011737,m³/h
2026-07-17T19:00:00Z,a9bb25d9-9dde-4e84-9845-22ca6726c469,Water flow,BUD2LPC10.CF301.XJ01,83.53605520036487,m³/h
2026-07-17T18:00:00Z,a9bb25d9-9dde-4e84-9845-22ca6726c469,Water flow,BUD2LPC10.CF301.XJ01,102.08401356167272,m³/h
2026-07-17T17:00:00Z,a9bb25d9-9dde-4e84-9845-22ca6726c469,Water flow,BUD2LPC10.CF301.XJ01,100.49998503790971,m³/h
2026-07-17T16:00:00Z,a9bb25d9-9dde-4e84-9845-22ca6726c469,Water flow,BUD2LPC10.CF301.XJ01,138.1750426822239,m³/h
2026-07-17T15:00:00Z,a9bb25d9-9dde-4e84-9845-22ca6726c469,Water flow,BUD2LPC10.CF301.XJ01,137.31038061353914,m³/h
2026-07-17T14:00:00Z,a9bb25d9-9dde-4e84-9845-22ca6726c469,Water flow,BUD2LPC10.CF301.XJ01,113.2838380611095,m³/h
2026-07-17T13:00:00Z,a9bb25d9-9dde-4e84-9845-22ca6726c469,Water flow,BUD2LPC10.CF301.XJ01,139.59930839538612,m³/h
2026-07-17T12:00:00Z,a9bb25d9-9dde-4e84-9845-22ca6726c469,Water flow,BUD2LPC10.CF301.XJ01,112.57497741699218,m³/h
2026-07-17T11:00:00Z,a9bb25d9-9dde-4e84-9845-22ca6726c469,Water flow,BUD2LPC10.CF301.XJ01,79.7666925024231,m³/h
2026-07-17T10:00:00Z,a9bb25d9-9dde-4e84-9845-22ca6726c469,Water flow,BUD2LPC10.CF301.XJ01,81.88575044420043,m³/h
2026-07-17T09:00:00Z,a9bb25d9-9dde-4e84-9845-22ca6726c469,Water flow,BUD2LPC10.CF301.XJ01,99.92371172163229,m³/h
2026-07-17T08:00:00Z,a9bb25d9-9dde-4e84-9845-22ca6726c469,Water flow,BUD2LPC10.CF301.XJ01,75.93560991711077,m³/h
2026-07-17T07:00:00Z,a9bb25d9-9dde-4e84-9845-22ca6726c469,Water flow,BUD2LPC10.CF301.XJ01,79.62185787770686,m³/h
2026-07-17T06:00:00Z,a9bb25d9-9dde-4e84-9845-22ca6726c469,Water flow,BUD2LPC10.CF301.XJ01,60.05199791378442,m³/h
2026-07-17T05:00:00Z,a9bb25d9-9dde-4e84-9845-22ca6726c469,Water flow,BUD2LPC10.CF301.XJ01,59.61815740797259,m³/h
2026-07-17T04:00:00Z,a9bb25d9-9dde-4e84-9845-22ca6726c469,Water flow,BUD2LPC10.CF301.XJ01,57.995026772816956,m³/h
2026-07-17T03:00:00Z,a9bb25d9-9dde-4e84-9845-22ca6726c469,Water flow,BUD2LPC10.CF301.XJ01,58.08225779851285,m³/h
2026-07-17T02:00:00Z,a9bb25d9-9dde-4e84-9845-22ca6726c469,Water flow,BUD2LPC10.CF301.XJ01,59.34298486497659,m³/h
2026-07-17T01:00:00Z,a9bb25d9-9dde-4e84-9845-22ca6726c469,Water flow,BUD2LPC10.CF301.XJ01,59.27997210186137,m³/h
2026-07-17T00:00:00Z,a9bb25d9-9dde-4e84-9845-22ca6726c469,Water flow,BUD2LPC10.CF301.XJ01,65.25079606306959,m³/h
2026-07-16T23:00:00Z,a9bb25d9-9dde-4e84-9845-22ca6726c469,Water flow,BUD2LPC10.CF301.XJ01,69.57394721772926,m³/h
2026-07-16T22:00:00Z,a9bb25d9-9dde-4e84-9845-22ca6726c469,Water flow,BUD2LPC10.CF301.XJ01,77.70743473476843,m³/h
2026-07-16T21:00:00Z,a9bb25d9-9dde-4e84-9845-22ca6726c469,Water flow,BUD2LPC10.CF301.XJ01,84.52230651855463,m³/h
2026-07-16T20:00:00Z,a9bb25d9-9dde-4e84-9845-22ca6726c469,Water flow,BUD2LPC10.CF301.XJ01,93.70465574900317,m³/h
2026-07-16T19:00:00Z,a9bb25d9-9dde-4e84-9845-22ca6726c469,Water flow,BUD2LPC10.CF301.XJ01,103.72823315090628,m³/h
2026-07-16T18:00:00Z,a9bb25d9-9dde-4e84-9845-22ca6726c469,Water flow,BUD2LPC10.CF301.XJ01,89.19933666229245,m³/h
2026-07-16T17:00:00Z,a9bb25d9-9dde-4e84-9845-22ca6726c469,Water flow,BUD2LPC10.CF301.XJ01,108.6713326772056,m³/h
2026-07-16T16:00:00Z,a9bb25d9-9dde-4e84-9845-22ca6726c469,Water flow,BUD2LPC10.CF301.XJ01,98.9174043445354,m³/h
2026-07-16T15:00:00Z,a9bb25d9-9dde-4e84-9845-22ca6726c469,Water flow,BUD2LPC10.CF301.XJ01,94.50097957187218,m³/h
2026-07-16T14:00:00Z,a9bb25d9-9dde-4e84-9845-22ca6726c469,Water flow,BUD2LPC10.CF301.XJ01,119.8004019970363,m³/h
2026-07-16T13:00:00Z,a9bb25d9-9dde-4e84-9845-22ca6726c469,Water flow,BUD2LPC10.CF301.XJ01,90.248389354282,m³/h
2026-07-16T12:00:00Z,a9bb25d9-9dde-4e84-9845-22ca6726c469,Water flow,BUD2LPC10.CF301.XJ01,116.55473016950836,m³/h
2026-07-16T11:00:00Z,a9bb25d9-9dde-4e84-9845-22ca6726c469,Water flow,BUD2LPC10.CF301.XJ01,115.27558460659444,m³/h
2026-07-16T10:00:00Z,a9bb25d9-9dde-4e84-9845-22ca6726c469,Water flow,BUD2LPC10.CF301.XJ01,110.95969813452817,m³/h
2026-07-16T09:00:00Z,a9bb25d9-9dde-4e84-9845-22ca6726c469,Water flow,BUD2LPC10.CF301.XJ01,112.81807502746578,m³/h
2026-07-16T08:00:00Z,a9bb25d9-9dde-4e84-9845-22ca6726c469,Water flow,BUD2LPC10.CF301.XJ01,76.49921792772095,m³/h
2026-07-16T07:00:00Z,a9bb25d9-9dde-4e84-9845-22ca6726c469,Water flow,BUD2LPC10.CF301.XJ01,76.33348759969076,m³/h
2026-07-16T06:00:00Z,a9bb25d9-9dde-4e84-9845-22ca6726c469,Water flow,BUD2LPC10.CF301.XJ01,70.34783747990932,m³/h
2026-07-16T05:00:00Z,a9bb25d9-9dde-4e84-9845-22ca6726c469,Water flow,BUD2LPC10.CF301.XJ01,58.51737277313183,m³/h
2026-07-16T04:00:00Z,a9bb25d9-9dde-4e84-9845-22ca6726c469,Water flow,BUD2LPC10.CF301.XJ01,59.843263878292504,m³/h
2026-07-16T03:00:00Z,a9bb25d9-9dde-4e84-9845-22ca6726c469,Water flow,BUD2LPC10.CF301.XJ01,63.26089938525814,m³/h
2026-07-16T02:00:00Z,a9bb25d9-9dde-4e84-9845-22ca6726c469,Water flow,BUD2LPC10.CF301.XJ01,65.84589026769002,m³/h
2026-07-16T01:00:00Z,a9bb25d9-9dde-4e84-9845-22ca6726c469,Water flow,BUD2LPC10.CF301.XJ01,70.52656789991596,m³/h
2026-07-16T00:00:00Z,a9bb25d9-9dde-4e84-9845-22ca6726c469,Water flow,BUD2LPC10.CF301.XJ01,73.21838154262973,m³/h
2026-07-15T23:00:00Z,a9bb25d9-9dde-4e84-9845-22ca6726c469,Water flow,BUD2LPC10.CF301.XJ01,76.53902779897071,m³/h
2026-07-15T22:00:00Z,a9bb25d9-9dde-4e84-9845-22ca6726c469,Water flow,BUD2LPC10.CF301.XJ01,81.36256258139167,m³/h
2026-07-15T21:00:00Z,a9bb25d9-9dde-4e84-9845-22ca6726c469,Water flow,BUD2LPC10.CF301.XJ01,86.89912340376121,m³/h
2026-07-15T20:00:00Z,a9bb25d9-9dde-4e84-9845-22ca6726c469,Water flow,BUD2LPC10.CF301.XJ01,94.20609273698612,m³/h
2026-07-15T19:00:00Z,a9bb25d9-9dde-4e84-9845-22ca6726c469,Water flow,BUD2LPC10.CF301.XJ01,108.96670306311707,m³/h
2026-07-15T18:00:00Z,a9bb25d9-9dde-4e84-9845-22ca6726c469,Water flow,BUD2LPC10.CF301.XJ01,105.3465865707399,m³/h
2026-07-15T17:00:00Z,a9bb25d9-9dde-4e84-9845-22ca6726c469,Water flow,BUD2LPC10.CF301.XJ01,101.39590291341139,m³/h
2026-07-15T16:00:00Z,a9bb25d9-9dde-4e84-9845-22ca6726c469,Water flow,BUD2LPC10.CF301.XJ01,81.17882477196785,m³/h
2026-07-15T15:00:00Z,a9bb25d9-9dde-4e84-9845-22ca6726c469,Water flow,BUD2LPC10.CF301.XJ01,108.27537233988465,m³/h
2026-07-15T14:00:00Z,a9bb25d9-9dde-4e84-9845-22ca6726c469,Water flow,BUD2LPC10.CF301.XJ01,92.54782560560443,m³/h
2026-07-15T13:00:00Z,a9bb25d9-9dde-4e84-9845-22ca6726c469,Water flow,BUD2LPC10.CF301.XJ01,82.68563373989532,m³/h
2026-07-15T12:00:00Z,a9bb25d9-9dde-4e84-9845-22ca6726c469,Water flow,BUD2LPC10.CF301.XJ01,98.28458617434627,m³/h
2026-07-15T11:00:00Z,a9bb25d9-9dde-4e84-9845-22ca6726c469,Water flow,BUD2LPC10.CF301.XJ01,108.57669818030462,m³/h
2026-07-15T10:00:00Z,a9bb25d9-9dde-4e84-9845-22ca6726c469,Water flow,BUD2LPC10.CF301.XJ01,107.84948557863781,m³/h
2026-07-15T09:00:00Z,a9bb25d9-9dde-4e84-9845-22ca6726c469,Water flow,BUD2LPC10.CF301.XJ01,119.87808016459147,m³/h
2026-07-15T08:00:00Z,a9bb25d9-9dde-4e84-9845-22ca6726c469,Water flow,BUD2LPC10.CF301.XJ01,103.1822459566666,m³/h
2026-07-15T07:00:00Z,a9bb25d9-9dde-4e84-9845-22ca6726c469,Water flow,BUD2LPC10.CF301.XJ01,86.52850069954621,m³/h
2026-07-15T06:00:00Z,a9bb25d9-9dde-4e84-9845-22ca6726c469,Water flow,BUD2LPC10.CF301.XJ01,66.42539465586346,m³/h
2026-07-15T05:00:00Z,a9bb25d9-9dde-4e84-9845-22ca6726c469,Water flow,BUD2LPC10.CF301.XJ01,60.98035370687307,m³/h
2026-07-15T04:00:00Z,a9bb25d9-9dde-4e84-9845-22ca6726c469,Water flow,BUD2LPC10.CF301.XJ01,58.16439425157605,m³/h
2026-07-15T03:00:00Z,a9bb25d9-9dde-4e84-9845-22ca6726c469,Water flow,BUD2LPC10.CF301.XJ01,60.61533225873386,m³/h
2026-07-15T02:00:00Z,a9bb25d9-9dde-4e84-9845-22ca6726c469,Water flow,BUD2LPC10.CF301.XJ01,60.9095194837782,m³/h
2026-07-15T01:00:00Z,a9bb25d9-9dde-4e84-9845-22ca6726c469,Water flow,BUD2LPC10.CF301.XJ01,68.13228616078698,m³/h
2026-07-15T00:00:00Z,a9bb25d9-9dde-4e84-9845-22ca6726c469,Water flow,BUD2LPC10.CF301.XJ01,69.82093233423406,m³/h
2026-07-14T23:00:00Z,a9bb25d9-9dde-4e84-9845-22ca6726c469,Water flow,BUD2LPC10.CF301.XJ01,68.47102626376682,m³/h
2026-07-14T22:00:00Z,a9bb25d9-9dde-4e84-9845-22ca6726c469,Water flow,BUD2LPC10.CF301.XJ01,83.48206231489485,m³/h
2026-07-14T21:00:00Z,a9bb25d9-9dde-4e84-9845-22ca6726c469,Water flow,BUD2LPC10.CF301.XJ01,110.16755932701972,m³/h
2026-07-14T20:00:00Z,a9bb25d9-9dde-4e84-9845-22ca6726c469,Water flow,BUD2LPC10.CF301.XJ01,116.2644728766547,m³/h
2026-07-14T19:00:00Z,a9bb25d9-9dde-4e84-9845-22ca6726c469,Water flow,BUD2LPC10.CF301.XJ01,116.22965849048877,m³/h
2026-07-14T18:00:00Z,a9bb25d9-9dde-4e84-9845-22ca6726c469,Water flow,BUD2LPC10.CF301.XJ01,107.97676518518078,m³/h
2026-07-14T17:00:00Z,a9bb25d9-9dde-4e84-9845-22ca6726c469,Water flow,BUD2LPC10.CF301.XJ01,105.32457668692467,m³/h
2026-07-14T16:00:00Z,a9bb25d9-9dde-4e84-9845-22ca6726c469,Water flow,BUD2LPC10.CF301.XJ01,117.76610113779736,m³/h
2026-07-14T15:00:00Z,a9bb25d9-9dde-4e84-9845-22ca6726c469,Water flow,BUD2LPC10.CF301.XJ01,97.92022674984402,m³/h
2026-07-14T14:00:00Z,a9bb25d9-9dde-4e84-9845-22ca6726c469,Water flow,BUD2LPC10.CF301.XJ01,101.77681947615883,m³/h
2026-07-14T13:00:00Z,a9bb25d9-9dde-4e84-9845-22ca6726c469,Water flow,BUD2LPC10.CF301.XJ01,115.02898770650232,m³/h
2026-07-14T12:00:00Z,a9bb25d9-9dde-4e84-9845-22ca6726c469,Water flow,BUD2LPC10.CF301.XJ01,129.01106861205562,m³/h
2026-07-14T11:00:00Z,a9bb25d9-9dde-4e84-9845-22ca6726c469,Water flow,BUD2LPC10.CF301.XJ01,81.88156702253552,m³/h
2026-07-14T10:00:00Z,a9bb25d9-9dde-4e84-9845-22ca6726c469,Water flow,BUD2LPC10.CF301.XJ01,125.8126783837211,m³/h
2026-07-14T09:00:00Z,a9bb25d9-9dde-4e84-9845-22ca6726c469,Water flow,BUD2LPC10.CF301.XJ01,109.00693255387925,m³/h
2026-07-14T08:00:00Z,a9bb25d9-9dde-4e84-9845-22ca6726c469,Water flow,BUD2LPC10.CF301.XJ01,88.94557490878644,m³/h
2026-07-14T07:00:00Z,a9bb25d9-9dde-4e84-9845-22ca6726c469,Water flow,BUD2LPC10.CF301.XJ01,77.0399105623035,m³/h
2026-07-14T06:00:00Z,a9bb25d9-9dde-4e84-9845-22ca6726c469,Water flow,BUD2LPC10.CF301.XJ01,62.389690318637484,m³/h
2026-07-14T05:00:00Z,a9bb25d9-9dde-4e84-9845-22ca6726c469,Water flow,BUD2LPC10.CF301.XJ01,58.735281408098096,m³/h
2026-07-14T04:00:00Z,a9bb25d9-9dde-4e84-9845-22ca6726c469,Water flow,BUD2LPC10.CF301.XJ01,59.02622412256957,m³/h
2026-07-14T03:00:00Z,a9bb25d9-9dde-4e84-9845-22ca6726c469,Water flow,BUD2LPC10.CF301.XJ01,59.566309869554324,m³/h
2026-07-14T02:00:00Z,a9bb25d9-9dde-4e84-9845-22ca6726c469,Water flow,BUD2LPC10.CF301.XJ01,61.68263844262895,m³/h
2026-07-14T01:00:00Z,a9bb25d9-9dde-4e84-9845-22ca6726c469,Water flow,BUD2LPC10.CF301.XJ01,80.20003753102941,m³/h
2026-07-14T00:00:00Z,a9bb25d9-9dde-4e84-9845-22ca6726c469,Water flow,BUD2LPC10.CF301.XJ01,90.82601865556488,m³/h
2026-07-13T23:00:00Z,a9bb25d9-9dde-4e84-9845-22ca6726c469,Water flow,BUD2LPC10.CF301.XJ01,66.92362714767457,m³/h
2026-07-13T22:00:00Z,a9bb25d9-9dde-4e84-9845-22ca6726c469,Water flow,BUD2LPC10.CF301.XJ01,73.21498048961529,m³/h
2026-07-13T21:00:00Z,a9bb25d9-9dde-4e84-9845-22ca6726c469,Water flow,BUD2LPC10.CF301.XJ01,67.26799537022914,m³/h
2026-07-13T20:00:00Z,a9bb25d9-9dde-4e84-9845-22ca6726c469,Water flow,BUD2LPC10.CF301.XJ01,113.71070879618307,m³/h
2026-07-13T19:00:00Z,a9bb25d9-9dde-4e84-9845-22ca6726c469,Water flow,BUD2LPC10.CF301.XJ01,140.24340965775662,m³/h
2026-07-13T18:00:00Z,a9bb25d9-9dde-4e84-9845-22ca6726c469,Water flow,BUD2LPC10.CF301.XJ01,115.3871753777398,m³/h
2026-07-13T17:00:00Z,a9bb25d9-9dde-4e84-9845-22ca6726c469,Water flow,BUD2LPC10.CF301.XJ01,111.17773262023898,m³/h
2026-07-13T16:00:00Z,a9bb25d9-9dde-4e84-9845-22ca6726c469,Water flow,BUD2LPC10.CF301.XJ01,107.25787159389917,m³/h
2026-07-13T15:00:00Z,a9bb25d9-9dde-4e84-9845-22ca6726c469,Water flow,BUD2LPC10.CF301.XJ01,89.72702187856021,m³/h
2026-07-13T14:00:00Z,a9bb25d9-9dde-4e84-9845-22ca6726c469,Water flow,BUD2LPC10.CF301.XJ01,106.14695147196458,m³/h
2026-07-13T13:00:00Z,a9bb25d9-9dde-4e84-9845-22ca6726c469,Water flow,BUD2LPC10.CF301.XJ01,112.2814553112452,m³/h
2026-07-13T12:00:00Z,a9bb25d9-9dde-4e84-9845-22ca6726c469,Water flow,BUD2LPC10.CF301.XJ01,109.43287908480916,m³/h
2026-07-13T11:00:00Z,a9bb25d9-9dde-4e84-9845-22ca6726c469,Water flow,BUD2LPC10.CF301.XJ01,104.55555420345723,m³/h
2026-07-13T10:00:00Z,a9bb25d9-9dde-4e84-9845-22ca6726c469,Water flow,BUD2LPC10.CF301.XJ01,99.18274770524773,m³/h
2026-07-13T09:00:00Z,a9bb25d9-9dde-4e84-9845-22ca6726c469,Water flow,BUD2LPC10.CF301.XJ01,90.30201678358213,m³/h
2026-07-13T08:00:00Z,a9bb25d9-9dde-4e84-9845-22ca6726c469,Water flow,BUD2LPC10.CF301.XJ01,88.92280542161744,m³/h
2026-07-13T07:00:00Z,a9bb25d9-9dde-4e84-9845-22ca6726c469,Water flow,BUD2LPC10.CF301.XJ01,99.99032051934121,m³/h
2026-07-13T06:00:00Z,a9bb25d9-9dde-4e84-9845-22ca6726c469,Water flow,BUD2LPC10.CF301.XJ01,65.87973917431302,m³/h
2026-07-13T05:00:00Z,a9bb25d9-9dde-4e84-9845-22ca6726c469,Water flow,BUD2LPC10.CF301.XJ01,61.293934885660825,m³/h
2026-07-13T04:00:00Z,a9bb25d9-9dde-4e84-9845-22ca6726c469,Water flow,BUD2LPC10.CF301.XJ01,62.53062016593082,m³/h
2026-07-13T03:00:00Z,a9bb25d9-9dde-4e84-9845-22ca6726c469,Water flow,BUD2LPC10.CF301.XJ01,63.1831001112196,m³/h
2026-07-13T02:00:00Z,a9bb25d9-9dde-4e84-9845-22ca6726c469,Water flow,BUD2LPC10.CF301.XJ01,65.5198088073731,m³/h
2026-07-13T01:00:00Z,a9bb25d9-9dde-4e84-9845-22ca6726c469,Water flow,BUD2LPC10.CF301.XJ01,67.99089562733967,m³/h
2026-07-13T00:00:00Z,a9bb25d9-9dde-4e84-9845-22ca6726c469,Water flow,BUD2LPC10.CF301.XJ01,83.65168809254942,m³/h
2026-07-12T23:00:00Z,a9bb25d9-9dde-4e84-9845-22ca6726c469,Water flow,BUD2LPC10.CF301.XJ01,104.22106127868699,m³/h
2026-07-12T22:00:00Z,a9bb25d9-9dde-4e84-9845-22ca6726c469,Water flow,BUD2LPC10.CF301.XJ01,87.60931288825152,m³/h
2026-07-12T21:00:00Z,a9bb25d9-9dde-4e84-9845-22ca6726c469,Water flow,BUD2LPC10.CF301.XJ01,105.1764331605699,m³/h
2026-07-12T20:00:00Z,a9bb25d9-9dde-4e84-9845-22ca6726c469,Water flow,BUD2LPC10.CF301.XJ01,125.87330562591538,m³/h
2026-07-12T19:00:00Z,a9bb25d9-9dde-4e84-9845-22ca6726c469,Water flow,BUD2LPC10.CF301.XJ01,83.0299439218309,m³/h
2026-07-12T18:00:00Z,a9bb25d9-9dde-4e84-9845-22ca6726c469,Water flow,BUD2LPC10.CF301.XJ01,89.42157561408146,m³/h
2026-07-12T17:00:00Z,a9bb25d9-9dde-4e84-9845-22ca6726c469,Water flow,BUD2LPC10.CF301.XJ01,106.95098907046842,m³/h
2026-07-12T16:00:00Z,a9bb25d9-9dde-4e84-9845-22ca6726c469,Water flow,BUD2LPC10.CF301.XJ01,90.67330577850353,m³/h
2026-07-12T15:00:00Z,a9bb25d9-9dde-4e84-9845-22ca6726c469,Water flow,BUD2LPC10.CF301.XJ01,89.06564348008887,m³/h
2026-07-12T14:00:00Z,a9bb25d9-9dde-4e84-9845-22ca6726c469,Water flow,BUD2LPC10.CF301.XJ01,97.77619871775302,m³/h
2026-07-12T13:00:00Z,a9bb25d9-9dde-4e84-9845-22ca6726c469,Water flow,BUD2LPC10.CF301.XJ01,103.76715232425272,m³/h
2026-07-12T12:00:00Z,a9bb25d9-9dde-4e84-9845-22ca6726c469,Water flow,BUD2LPC10.CF301.XJ01,105.05671262105314,m³/h
2026-07-12T11:00:00Z,a9bb25d9-9dde-4e84-9845-22ca6726c469,Water flow,BUD2LPC10.CF301.XJ01,89.32872535281699,m³/h
2026-07-12T10:00:00Z,a9bb25d9-9dde-4e84-9845-22ca6726c469,Water flow,BUD2LPC10.CF301.XJ01,72.00986960517034,m³/h
2026-07-12T09:00:00Z,a9bb25d9-9dde-4e84-9845-22ca6726c469,Water flow,BUD2LPC10.CF301.XJ01,80.3698726993137,m³/h
2026-07-12T08:00:00Z,a9bb25d9-9dde-4e84-9845-22ca6726c469,Water flow,BUD2LPC10.CF301.XJ01,63.49958579593237,m³/h
2026-07-12T07:00:00Z,a9bb25d9-9dde-4e84-9845-22ca6726c469,Water flow,BUD2LPC10.CF301.XJ01,63.02969051784936,m³/h
2026-07-12T06:00:00Z,a9bb25d9-9dde-4e84-9845-22ca6726c469,Water flow,BUD2LPC10.CF301.XJ01,85.00135917663584,m³/h
2026-07-12T05:00:00Z,a9bb25d9-9dde-4e84-9845-22ca6726c469,Water flow,BUD2LPC10.CF301.XJ01,66.88838873121486,m³/h
2026-07-12T04:00:00Z,a9bb25d9-9dde-4e84-9845-22ca6726c469,Water flow,BUD2LPC10.CF301.XJ01,68.43987397087946,m³/h
2026-07-12T03:00:00Z,a9bb25d9-9dde-4e84-9845-22ca6726c469,Water flow,BUD2LPC10.CF301.XJ01,70.2227629385369,m³/h
2026-07-12T02:00:00Z,a9bb25d9-9dde-4e84-9845-22ca6726c469,Water flow,BUD2LPC10.CF301.XJ01,84.83174426184767,m³/h
2026-07-12T01:00:00Z,a9bb25d9-9dde-4e84-9845-22ca6726c469,Water flow,BUD2LPC10.CF301.XJ01,75.42095811208091,m³/h
2026-07-12T00:00:00Z,a9bb25d9-9dde-4e84-9845-22ca6726c469,Water flow,BUD2LPC10.CF301.XJ01,77.68948979695634,m³/h
2026-07-11T23:00:00Z,a9bb25d9-9dde-4e84-9845-22ca6726c469,Water flow,BUD2LPC10.CF301.XJ01,94.26282547844784,m³/h
2026-07-11T22:00:00Z,a9bb25d9-9dde-4e84-9845-22ca6726c469,Water flow,BUD2LPC10.CF301.XJ01,101.55589503394236,m³/h
2026-07-11T21:00:00Z,a9bb25d9-9dde-4e84-9845-22ca6726c469,Water flow,BUD2LPC10.CF301.XJ01,121.09238714274247,m³/h
2026-07-11T20:00:00Z,a9bb25d9-9dde-4e84-9845-22ca6726c469,Water flow,BUD2LPC10.CF301.XJ01,110.25117164611817,m³/h
2026-07-11T19:00:00Z,a9bb25d9-9dde-4e84-9845-22ca6726c469,Water flow,BUD2LPC10.CF301.XJ01,93.34378439376863,m³/h
2026-07-11T18:00:00Z,a9bb25d9-9dde-4e84-9845-22ca6726c469,Water flow,BUD2LPC10.CF301.XJ01,111.28273625691712,m³/h
2026-07-11T17:00:00Z,a9bb25d9-9dde-4e84-9845-22ca6726c469,Water flow,BUD2LPC10.CF301.XJ01,88.84319215088563,m³/h
2026-07-11T16:00:00Z,a9bb25d9-9dde-4e84-9845-22ca6726c469,Water flow,BUD2LPC10.CF301.XJ01,81.26384326934799,m³/h
2026-07-11T15:00:00Z,a9bb25d9-9dde-4e84-9845-22ca6726c469,Water flow,BUD2LPC10.CF301.XJ01,77.37281425052227,m³/h
2026-07-11T14:00:00Z,a9bb25d9-9dde-4e84-9845-22ca6726c469,Water flow,BUD2LPC10.CF301.XJ01,87.02094303998373,m³/h
2026-07-11T13:00:00Z,a9bb25d9-9dde-4e84-9845-22ca6726c469,Water flow,BUD2LPC10.CF301.XJ01,85.70145514594186,m³/h
2026-07-11T12:00:00Z,a9bb25d9-9dde-4e84-9845-22ca6726c469,Water flow,BUD2LPC10.CF301.XJ01,85.48042985745633,m³/h
2026-07-11T11:00:00Z,a9bb25d9-9dde-4e84-9845-22ca6726c469,Water flow,BUD2LPC10.CF301.XJ01,79.12622390501093,m³/h
2026-07-11T10:00:00Z,a9bb25d9-9dde-4e84-9845-22ca6726c469,Water flow,BUD2LPC10.CF301.XJ01,58.63695663452156,m³/h
2026-07-11T09:00:00Z,a9bb25d9-9dde-4e84-9845-22ca6726c469,Water flow,BUD2LPC10.CF301.XJ01,83.96478410085041,m³/h
2026-07-11T08:00:00Z,a9bb25d9-9dde-4e84-9845-22ca6726c469,Water flow,BUD2LPC10.CF301.XJ01,58.39112458758875,m³/h
2026-07-11T07:00:00Z,a9bb25d9-9dde-4e84-9845-22ca6726c469,Water flow,BUD2LPC10.CF301.XJ01,58.30946015014303,m³/h
2026-07-11T06:00:00Z,a9bb25d9-9dde-4e84-9845-22ca6726c469,Water flow,BUD2LPC10.CF301.XJ01,58.319183413223016,m³/h
2026-07-11T05:00:00Z,a9bb25d9-9dde-4e84-9845-22ca6726c469,Water flow,BUD2LPC10.CF301.XJ01,58.304433477189804,m³/h
2026-07-11T04:00:00Z,a9bb25d9-9dde-4e84-9845-22ca6726c469,Water flow,BUD2LPC10.CF301.XJ01,58.35838786443065,m³/h
2026-07-11T03:00:00Z,a9bb25d9-9dde-4e84-9845-22ca6726c469,Water flow,BUD2LPC10.CF301.XJ01,58.364132631481034,m³/h
2026-07-11T02:00:00Z,a9bb25d9-9dde-4e84-9845-22ca6726c469,Water flow,BUD2LPC10.CF301.XJ01,58.86052062207945,m³/h
2026-07-11T01:00:00Z,a9bb25d9-9dde-4e84-9845-22ca6726c469,Water flow,BUD2LPC10.CF301.XJ01,58.68750923033764,m³/h
2026-07-11T00:00:00Z,a9bb25d9-9dde-4e84-9845-22ca6726c469,Water flow,BUD2LPC10.CF301.XJ01,59.58434210883245,m³/h
2026-07-10T23:00:00Z,a9bb25d9-9dde-4e84-9845-22ca6726c469,Water flow,BUD2LPC10.CF301.XJ01,100.07100326538082,m³/h
2026-07-10T22:00:00Z,a9bb25d9-9dde-4e84-9845-22ca6726c469,Water flow,BUD2LPC10.CF301.XJ01,105.57103549109573,m³/h
2026-07-10T21:00:00Z,a9bb25d9-9dde-4e84-9845-22ca6726c469,Water flow,BUD2LPC10.CF301.XJ01,105.7275623149967,m³/h
2026-07-10T20:00:00Z,a9bb25d9-9dde-4e84-9845-22ca6726c469,Water flow,BUD2LPC10.CF301.XJ01,102.8037971691772,m³/h
2026-07-10T19:00:00Z,a9bb25d9-9dde-4e84-9845-22ca6726c469,Water flow,BUD2LPC10.CF301.XJ01,114.24329714505176,m³/h
2026-07-10T18:00:00Z,a9bb25d9-9dde-4e84-9845-22ca6726c469,Water flow,BUD2LPC10.CF301.XJ01,139.60784601674862,m³/h
2026-07-10T17:00:00Z,a9bb25d9-9dde-4e84-9845-22ca6726c469,Water flow,BUD2LPC10.CF301.XJ01,138.41856324056445,m³/h
2026-07-10T16:00:00Z,a9bb25d9-9dde-4e84-9845-22ca6726c469,Water flow,BUD2LPC10.CF301.XJ01,139.00963903889928,m³/h
2026-07-10T15:00:00Z,a9bb25d9-9dde-4e84-9845-22ca6726c469,Water flow,BUD2LPC10.CF301.XJ01,133.79951290130623,m³/h
2026-07-10T14:00:00Z,a9bb25d9-9dde-4e84-9845-22ca6726c469,Water flow,BUD2LPC10.CF301.XJ01,99.27021234724255,m³/h
2026-07-10T13:00:00Z,a9bb25d9-9dde-4e84-9845-22ca6726c469,Water flow,BUD2LPC10.CF301.XJ01,138.51608292482658,m³/h
2026-07-10T12:00:00Z,a9bb25d9-9dde-4e84-9845-22ca6726c469,Water flow,BUD2LPC10.CF301.XJ01,140.60487569173165,m³/h
2026-07-10T11:00:00Z,a9bb25d9-9dde-4e84-9845-22ca6726c469,Water flow,BUD2LPC10.CF301.XJ01,140.52887029859724,m³/h
2026-07-10T10:00:00Z,a9bb25d9-9dde-4e84-9845-22ca6726c469,Water flow,BUD2LPC10.CF301.XJ01,140.2833242209866,m³/h
2026-07-10T09:00:00Z,a9bb25d9-9dde-4e84-9845-22ca6726c469,Water flow,BUD2LPC10.CF301.XJ01,140.9487402112917,m³/h
2026-07-10T08:00:00Z,a9bb25d9-9dde-4e84-9845-22ca6726c469,Water flow,BUD2LPC10.CF301.XJ01,140.51242030654254,m³/h
2026-07-10T07:00:00Z,a9bb25d9-9dde-4e84-9845-22ca6726c469,Water flow,BUD2LPC10.CF301.XJ01,133.9815296173095,m³/h
2026-07-10T06:00:00Z,a9bb25d9-9dde-4e84-9845-22ca6726c469,Water flow,BUD2LPC10.CF301.XJ01,129.13380760192905,m³/h
2026-07-10T05:00:00Z,a9bb25d9-9dde-4e84-9845-22ca6726c469,Water flow,BUD2LPC10.CF301.XJ01,116.85892022708484,m³/h
2026-07-10T04:00:00Z,a9bb25d9-9dde-4e84-9845-22ca6726c469,Water flow,BUD2LPC10.CF301.XJ01,112.73262841542555,m³/h
2026-07-10T03:00:00Z,a9bb25d9-9dde-4e84-9845-22ca6726c469,Water flow,BUD2LPC10.CF301.XJ01,122.79700301606613,m³/h
2026-07-10T02:00:00Z,a9bb25d9-9dde-4e84-9845-22ca6726c469,Water flow,BUD2LPC10.CF301.XJ01,126.56375932481565,m³/h
2026-07-10T01:00:00Z,a9bb25d9-9dde-4e84-9845-22ca6726c469,Water flow,BUD2LPC10.CF301.XJ01,116.44534729003908,m³/h
2026-07-10T00:00:00Z,a9bb25d9-9dde-4e84-9845-22ca6726c469,Water flow,BUD2LPC10.CF301.XJ01,128.8622147106318,m³/h
2026-07-09T23:00:00Z,a9bb25d9-9dde-4e84-9845-22ca6726c469,Water flow,BUD2LPC10.CF301.XJ01,124.52444821029582,m³/h
2026-07-09T22:00:00Z,a9bb25d9-9dde-4e84-9845-22ca6726c469,Water flow,BUD2LPC10.CF301.XJ01,134.50418847822485,m³/h
2026-07-09T21:00:00Z,a9bb25d9-9dde-4e84-9845-22ca6726c469,Water flow,BUD2LPC10.CF301.XJ01,138.44381245083306,m³/h
2026-07-09T20:00:00Z,a9bb25d9-9dde-4e84-9845-22ca6726c469,Water flow,BUD2LPC10.CF301.XJ01,103.49038925001177,m³/h
2026-07-09T19:00:00Z,a9bb25d9-9dde-4e84-9845-22ca6726c469,Water flow,BUD2LPC10.CF301.XJ01,105.62332681150723,m³/h
2026-07-09T18:00:00Z,a9bb25d9-9dde-4e84-9845-22ca6726c469,Water flow,BUD2LPC10.CF301.XJ01,111.24694016774477,m³/h
2026-07-09T17:00:00Z,a9bb25d9-9dde-4e84-9845-22ca6726c469,Water flow,BUD2LPC10.CF301.XJ01,103.95200851864291,m³/h
2026-07-09T16:00:00Z,a9bb25d9-9dde-4e84-9845-22ca6726c469,Water flow,BUD2LPC10.CF301.XJ01,92.0372321912977,m³/h
2026-07-09T15:00:00Z,a9bb25d9-9dde-4e84-9845-22ca6726c469,Water flow,BUD2LPC10.CF301.XJ01,98.96044589996326,m³/h
2026-07-09T14:00:00Z,a9bb25d9-9dde-4e84-9845-22ca6726c469,Water flow,BUD2LPC10.CF301.XJ01,85.96025971306685,m³/h
2026-07-09T13:00:00Z,a9bb25d9-9dde-4e84-9845-22ca6726c469,Water flow,BUD2LPC10.CF301.XJ01,133.25339667426215,m³/h
2026-07-09T12:00:00Z,a9bb25d9-9dde-4e84-9845-22ca6726c469,Water flow,BUD2LPC10.CF301.XJ01,133.12767816331666,m³/h
2026-07-09T11:00:00Z,a9bb25d9-9dde-4e84-9845-22ca6726c469,Water flow,BUD2LPC10.CF301.XJ01,131.18377017551012,m³/h
2026-07-09T10:00:00Z,a9bb25d9-9dde-4e84-9845-22ca6726c469,Water flow,BUD2LPC10.CF301.XJ01,131.83833254496247,m³/h
2026-07-09T09:00:00Z,a9bb25d9-9dde-4e84-9845-22ca6726c469,Water flow,BUD2LPC10.CF301.XJ01,131.5830725182429,m³/h
2026-07-09T08:00:00Z,a9bb25d9-9dde-4e84-9845-22ca6726c469,Water flow,BUD2LPC10.CF301.XJ01,132.4791423288983,m³/h
2026-07-09T07:00:00Z,a9bb25d9-9dde-4e84-9845-22ca6726c469,Water flow,BUD2LPC10.CF301.XJ01,128.2112608422175,m³/h
2026-07-09T06:00:00Z,a9bb25d9-9dde-4e84-9845-22ca6726c469,Water flow,BUD2LPC10.CF301.XJ01,110.44021054585767,m³/h
2026-07-09T05:00:00Z,a9bb25d9-9dde-4e84-9845-22ca6726c469,Water flow,BUD2LPC10.CF301.XJ01,116.82956917232933,m³/h
2026-07-09T04:00:00Z,a9bb25d9-9dde-4e84-9845-22ca6726c469,Water flow,BUD2LPC10.CF301.XJ01,117.06187372419555,m³/h
2026-07-09T03:00:00Z,a9bb25d9-9dde-4e84-9845-22ca6726c469,Water flow,BUD2LPC10.CF301.XJ01,122.7010429255166,m³/h
2026-07-09T02:00:00Z,a9bb25d9-9dde-4e84-9845-22ca6726c469,Water flow,BUD2LPC10.CF301.XJ01,127.39845659681131,m³/h
2026-07-09T01:00:00Z,a9bb25d9-9dde-4e84-9845-22ca6726c469,Water flow,BUD2LPC10.CF301.XJ01,129.97803108215334,m³/h
2026-07-09T00:00:00Z,a9bb25d9-9dde-4e84-9845-22ca6726c469,Water flow,BUD2LPC10.CF301.XJ01,115.62698894029701,m³/h
2026-07-08T23:00:00Z,a9bb25d9-9dde-4e84-9845-22ca6726c469,Water flow,BUD2LPC10.CF301.XJ01,139.3031858394437,m³/h
2026-07-08T22:00:00Z,a9bb25d9-9dde-4e84-9845-22ca6726c469,Water flow,BUD2LPC10.CF301.XJ01,136.6707740092423,m³/h
2026-07-08T21:00:00Z,a9bb25d9-9dde-4e84-9845-22ca6726c469,Water flow,BUD2LPC10.CF301.XJ01,135.7461339738637,m³/h
2026-07-08T20:00:00Z,a9bb25d9-9dde-4e84-9845-22ca6726c469,Water flow,BUD2LPC10.CF301.XJ01,133.02893235948346,m³/h
2026-07-08T19:00:00Z,a9bb25d9-9dde-4e84-9845-22ca6726c469,Water flow,BUD2LPC10.CF301.XJ01,137.05672943115232,m³/h
2026-07-08T18:00:00Z,a9bb25d9-9dde-4e84-9845-22ca6726c469,Water flow,BUD2LPC10.CF301.XJ01,137.42740398830855,m³/h
2026-07-08T17:00:00Z,a9bb25d9-9dde-4e84-9845-22ca6726c469,Water flow,BUD2LPC10.CF301.XJ01,133.84591032664005,m³/h
2026-07-08T16:00:00Z,a9bb25d9-9dde-4e84-9845-22ca6726c469,Water flow,BUD2LPC10.CF301.XJ01,136.2178826904298,m³/h
2026-07-08T15:00:00Z,a9bb25d9-9dde-4e84-9845-22ca6726c469,Water flow,BUD2LPC10.CF301.XJ01,136.91887913459806,m³/h
2026-07-08T14:00:00Z,a9bb25d9-9dde-4e84-9845-22ca6726c469,Water flow,BUD2LPC10.CF301.XJ01,138.89891092088504,m³/h
2026-07-08T13:00:00Z,a9bb25d9-9dde-4e84-9845-22ca6726c469,Water flow,BUD2LPC10.CF301.XJ01,138.40828008863662,m³/h
2026-07-08T12:00:00Z,a9bb25d9-9dde-4e84-9845-22ca6726c469,Water flow,BUD2LPC10.CF301.XJ01,134.3215730422202,m³/h
2026-07-08T11:00:00Z,a9bb25d9-9dde-4e84-9845-22ca6726c469,Water flow,BUD2LPC10.CF301.XJ01,139.94133288065575,m³/h
2026-07-08T10:00:00Z,a9bb25d9-9dde-4e84-9845-22ca6726c469,Water flow,BUD2LPC10.CF301.XJ01,136.87883767022024,m³/h
2026-07-08T09:00:00Z,a9bb25d9-9dde-4e84-9845-22ca6726c469,Water flow,BUD2LPC10.CF301.XJ01,126.89057453579376,m³/h
2026-07-08T08:00:00Z,a9bb25d9-9dde-4e84-9845-22ca6726c469,Water flow,BUD2LPC10.CF301.XJ01,112.25141435411241,m³/h
2026-07-08T07:00:00Z,a9bb25d9-9dde-4e84-9845-22ca6726c469,Water flow,BUD2LPC10.CF301.XJ01,113.57419599745003,m³/h
2026-07-08T06:00:00Z,a9bb25d9-9dde-4e84-9845-22ca6726c469,Water flow,BUD2LPC10.CF301.XJ01,112.21339747958713,m³/h
2026-07-08T05:00:00Z,a9bb25d9-9dde-4e84-9845-22ca6726c469,Water flow,BUD2LPC10.CF301.XJ01,108.01032329559345,m³/h
2026-07-08T04:00:00Z,a9bb25d9-9dde-4e84-9845-22ca6726c469,Water flow,BUD2LPC10.CF301.XJ01,110.07813328637016,m³/h
2026-07-08T03:00:00Z,a9bb25d9-9dde-4e84-9845-22ca6726c469,Water flow,BUD2LPC10.CF301.XJ01,106.98672423468723,m³/h
2026-07-08T02:00:00Z,a9bb25d9-9dde-4e84-9845-22ca6726c469,Water flow,BUD2LPC10.CF301.XJ01,108.4287089453802,m³/h
2026-07-08T01:00:00Z,a9bb25d9-9dde-4e84-9845-22ca6726c469,Water flow,BUD2LPC10.CF301.XJ01,112.7760314432781,m³/h
2026-07-08T00:00:00Z,a9bb25d9-9dde-4e84-9845-22ca6726c469,Water flow,BUD2LPC10.CF301.XJ01,115.3151633283829,m³/h
2026-07-07T23:00:00Z,a9bb25d9-9dde-4e84-9845-22ca6726c469,Water flow,BUD2LPC10.CF301.XJ01,135.8703345828588,m³/h
2026-07-07T22:00:00Z,a9bb25d9-9dde-4e84-9845-22ca6726c469,Water flow,BUD2LPC10.CF301.XJ01,138.00991178300637,m³/h
2026-07-07T21:00:00Z,a9bb25d9-9dde-4e84-9845-22ca6726c469,Water flow,BUD2LPC10.CF301.XJ01,126.43584947230897,m³/h
2026-07-07T20:00:00Z,a9bb25d9-9dde-4e84-9845-22ca6726c469,Water flow,BUD2LPC10.CF301.XJ01,139.71352678087032,m³/h
2026-07-07T19:00:00Z,a9bb25d9-9dde-4e84-9845-22ca6726c469,Water flow,BUD2LPC10.CF301.XJ01,139.81535127427858,m³/h
2026-07-07T18:00:00Z,a9bb25d9-9dde-4e84-9845-22ca6726c469,Water flow,BUD2LPC10.CF301.XJ01,139.7505984836153,m³/h
2026-07-07T17:00:00Z,a9bb25d9-9dde-4e84-9845-22ca6726c469,Water flow,BUD2LPC10.CF301.XJ01,138.5103822496205,m³/h
2026-07-07T16:00:00Z,a9bb25d9-9dde-4e84-9845-22ca6726c469,Water flow,BUD2LPC10.CF301.XJ01,139.189473071628,m³/h
2026-07-07T15:00:00Z,a9bb25d9-9dde-4e84-9845-22ca6726c469,Water flow,BUD2LPC10.CF301.XJ01,139.7728453334535,m³/h
2026-07-07T14:00:00Z,a9bb25d9-9dde-4e84-9845-22ca6726c469,Water flow,BUD2LPC10.CF301.XJ01,140.87685962253127,m³/h
2026-07-07T13:00:00Z,a9bb25d9-9dde-4e84-9845-22ca6726c469,Water flow,BUD2LPC10.CF301.XJ01,140.69791257732248,m³/h
2026-07-07T12:00:00Z,a9bb25d9-9dde-4e84-9845-22ca6726c469,Water flow,BUD2LPC10.CF301.XJ01,140.88635872230725,m³/h
2026-07-07T11:00:00Z,a9bb25d9-9dde-4e84-9845-22ca6726c469,Water flow,BUD2LPC10.CF301.XJ01,126.74710120730924,m³/h
2026-07-07T10:00:00Z,a9bb25d9-9dde-4e84-9845-22ca6726c469,Water flow,BUD2LPC10.CF301.XJ01,120.81973442501464,m³/h
2026-07-07T09:00:00Z,a9bb25d9-9dde-4e84-9845-22ca6726c469,Water flow,BUD2LPC10.CF301.XJ01,130.25147711012102,m³/h
2026-07-07T08:00:00Z,a9bb25d9-9dde-4e84-9845-22ca6726c469,Water flow,BUD2LPC10.CF301.XJ01,119.82825383928107,m³/h
2026-07-07T07:00:00Z,a9bb25d9-9dde-4e84-9845-22ca6726c469,Water flow,BUD2LPC10.CF301.XJ01,61.976811875237374,m³/h
2026-07-07T06:00:00Z,a9bb25d9-9dde-4e84-9845-22ca6726c469,Water flow,BUD2LPC10.CF301.XJ01,102.4447049374052,m³/h
2026-07-07T05:00:00Z,a9bb25d9-9dde-4e84-9845-22ca6726c469,Water flow,BUD2LPC10.CF301.XJ01,81.7680690256754,m³/h
2026-07-07T04:00:00Z,a9bb25d9-9dde-4e84-9845-22ca6726c469,Water flow,BUD2LPC10.CF301.XJ01,77.01130059136298,m³/h
2026-07-07T03:00:00Z,a9bb25d9-9dde-4e84-9845-22ca6726c469,Water flow,BUD2LPC10.CF301.XJ01,82.44044957478837,m³/h
2026-07-07T02:00:00Z,a9bb25d9-9dde-4e84-9845-22ca6726c469,Water flow,BUD2LPC10.CF301.XJ01,95.0706990729438,m³/h
2026-07-07T01:00:00Z,a9bb25d9-9dde-4e84-9845-22ca6726c469,Water flow,BUD2LPC10.CF301.XJ01,103.36969197167292,m³/h
2026-07-07T00:00:00Z,a9bb25d9-9dde-4e84-9845-22ca6726c469,Water flow,BUD2LPC10.CF301.XJ01,107.12280646853961,m³/h
2026-07-06T23:00:00Z,a9bb25d9-9dde-4e84-9845-22ca6726c469,Water flow,BUD2LPC10.CF301.XJ01,109.50690839555537,m³/h
2026-07-06T22:00:00Z,a9bb25d9-9dde-4e84-9845-22ca6726c469,Water flow,BUD2LPC10.CF301.XJ01,102.46580246819391,m³/h
2026-07-06T21:00:00Z,a9bb25d9-9dde-4e84-9845-22ca6726c469,Water flow,BUD2LPC10.CF301.XJ01,104.57874948289651,m³/h
2026-07-06T20:00:00Z,a9bb25d9-9dde-4e84-9845-22ca6726c469,Water flow,BUD2LPC10.CF301.XJ01,124.33398267534045,m³/h
2026-07-06T19:00:00Z,a9bb25d9-9dde-4e84-9845-22ca6726c469,Water flow,BUD2LPC10.CF301.XJ01,131.1105852635701,m³/h
2026-07-06T18:00:00Z,a9bb25d9-9dde-4e84-9845-22ca6726c469,Water flow,BUD2LPC10.CF301.XJ01,136.2197967614067,m³/h
2026-07-06T17:00:00Z,a9bb25d9-9dde-4e84-9845-22ca6726c469,Water flow,BUD2LPC10.CF301.XJ01,134.704175101386,m³/h
2026-07-06T16:00:00Z,a9bb25d9-9dde-4e84-9845-22ca6726c469,Water flow,BUD2LPC10.CF301.XJ01,124.91634557935923,m³/h
2026-07-06T15:00:00Z,a9bb25d9-9dde-4e84-9845-22ca6726c469,Water flow,BUD2LPC10.CF301.XJ01,135.51700037638346,m³/h
2026-07-06T14:00:00Z,a9bb25d9-9dde-4e84-9845-22ca6726c469,Water flow,BUD2LPC10.CF301.XJ01,126.38962543911394,m³/h
2026-07-06T13:00:00Z,a9bb25d9-9dde-4e84-9845-22ca6726c469,Water flow,BUD2LPC10.CF301.XJ01,131.56531254662417,m³/h
2026-07-06T12:00:00Z,a9bb25d9-9dde-4e84-9845-22ca6726c469,Water flow,BUD2LPC10.CF301.XJ01,128.25467936621772,m³/h
2026-07-06T11:00:00Z,a9bb25d9-9dde-4e84-9845-22ca6726c469,Water flow,BUD2LPC10.CF301.XJ01,137.76710109731854,m³/h
2026-07-06T10:00:00Z,a9bb25d9-9dde-4e84-9845-22ca6726c469,Water flow,BUD2LPC10.CF301.XJ01,139.63643031650125,m³/h
2026-07-06T09:00:00Z,a9bb25d9-9dde-4e84-9845-22ca6726c469,Water flow,BUD2LPC10.CF301.XJ01,136.01323463863798,m³/h
2026-07-06T08:00:00Z,a9bb25d9-9dde-4e84-9845-22ca6726c469,Water flow,BUD2LPC10.CF301.XJ01,113.15518110824758,m³/h
2026-07-06T07:00:00Z,a9bb25d9-9dde-4e84-9845-22ca6726c469,Water flow,BUD2LPC10.CF301.XJ01,112.47929555257173,m³/h
2026-07-06T06:00:00Z,a9bb25d9-9dde-4e84-9845-22ca6726c469,Water flow,BUD2LPC10.CF301.XJ01,106.0466442754175,m³/h
2026-07-06T05:00:00Z,a9bb25d9-9dde-4e84-9845-22ca6726c469,Water flow,BUD2LPC10.CF301.XJ01,99.65147290971551,m³/h
2026-07-06T04:00:00Z,a9bb25d9-9dde-4e84-9845-22ca6726c469,Water flow,BUD2LPC10.CF301.XJ01,79.11253696206276,m³/h
2026-07-06T03:00:00Z,a9bb25d9-9dde-4e84-9845-22ca6726c469,Water flow,BUD2LPC10.CF301.XJ01,78.99885867648652,m³/h
2026-07-06T02:00:00Z,a9bb25d9-9dde-4e84-9845-22ca6726c469,Water flow,BUD2LPC10.CF301.XJ01,79.30240856295784,m³/h
2026-07-06T01:00:00Z,a9bb25d9-9dde-4e84-9845-22ca6726c469,Water flow,BUD2LPC10.CF301.XJ01,79.25369272020129,m³/h
2026-07-06T00:00:00Z,a9bb25d9-9dde-4e84-9845-22ca6726c469,Water flow,BUD2LPC10.CF301.XJ01,79.40638518015551,m³/h
2026-07-05T23:00:00Z,a9bb25d9-9dde-4e84-9845-22ca6726c469,Water flow,BUD2LPC10.CF301.XJ01,86.01930859883612,m³/h
2026-07-05T22:00:00Z,a9bb25d9-9dde-4e84-9845-22ca6726c469,Water flow,BUD2LPC10.CF301.XJ01,97.19885042709011,m³/h
2026-07-05T21:00:00Z,a9bb25d9-9dde-4e84-9845-22ca6726c469,Water flow,BUD2LPC10.CF301.XJ01,119.76584128061941,m³/h
2026-07-05T20:00:00Z,a9bb25d9-9dde-4e84-9845-22ca6726c469,Water flow,BUD2LPC10.CF301.XJ01,128.84594180092836,m³/h
2026-07-05T19:00:00Z,a9bb25d9-9dde-4e84-9845-22ca6726c469,Water flow,BUD2LPC10.CF301.XJ01,134.40764021979442,m³/h
2026-07-05T18:00:00Z,a9bb25d9-9dde-4e84-9845-22ca6726c469,Water flow,BUD2LPC10.CF301.XJ01,134.25518018915594,m³/h
2026-07-05T17:00:00Z,a9bb25d9-9dde-4e84-9845-22ca6726c469,Water flow,BUD2LPC10.CF301.XJ01,122.86136694590257,m³/h
2026-07-05T16:00:00Z,a9bb25d9-9dde-4e84-9845-22ca6726c469,Water flow,BUD2LPC10.CF301.XJ01,117.81755905151365,m³/h
2026-07-05T15:00:00Z,a9bb25d9-9dde-4e84-9845-22ca6726c469,Water flow,BUD2LPC10.CF301.XJ01,111.57662861294213,m³/h
2026-07-05T14:00:00Z,a9bb25d9-9dde-4e84-9845-22ca6726c469,Water flow,BUD2LPC10.CF301.XJ01,114.10555692648379,m³/h
2026-07-05T13:00:00Z,a9bb25d9-9dde-4e84-9845-22ca6726c469,Water flow,BUD2LPC10.CF301.XJ01,115.84978886498325,m³/h
2026-07-05T12:00:00Z,a9bb25d9-9dde-4e84-9845-22ca6726c469,Water flow,BUD2LPC10.CF301.XJ01,111.79743393478691,m³/h
2026-07-05T11:00:00Z,a9bb25d9-9dde-4e84-9845-22ca6726c469,Water flow,BUD2LPC10.CF301.XJ01,126.77778319888638,m³/h
2026-07-05T10:00:00Z,a9bb25d9-9dde-4e84-9845-22ca6726c469,Water flow,BUD2LPC10.CF301.XJ01,48.17244237545473,m³/h
2026-07-05T09:00:00Z,a9bb25d9-9dde-4e84-9845-22ca6726c469,Water flow,BUD2LPC10.CF301.XJ01,0.5372660307753236,m³/h
2026-07-05T08:00:00Z,a9bb25d9-9dde-4e84-9845-22ca6726c469,Water flow,BUD2LPC10.CF301.XJ01,60.261537881229614,m³/h
2026-07-05T07:00:00Z,a9bb25d9-9dde-4e84-9845-22ca6726c469,Water flow,BUD2LPC10.CF301.XJ01,95.7854831335279,m³/h
2026-07-05T06:00:00Z,a9bb25d9-9dde-4e84-9845-22ca6726c469,Water flow,BUD2LPC10.CF301.XJ01,78.29682141621899,m³/h
2026-07-05T05:00:00Z,a9bb25d9-9dde-4e84-9845-22ca6726c469,Water flow,BUD2LPC10.CF301.XJ01,77.94885833316381,m³/h
2026-07-05T04:00:00Z,a9bb25d9-9dde-4e84-9845-22ca6726c469,Water flow,BUD2LPC10.CF301.XJ01,77.56760261535666,m³/h
2026-07-05T03:00:00Z,a9bb25d9-9dde-4e84-9845-22ca6726c469,Water flow,BUD2LPC10.CF301.XJ01,79.15862873077388,m³/h
2026-07-05T02:00:00Z,a9bb25d9-9dde-4e84-9845-22ca6726c469,Water flow,BUD2LPC10.CF301.XJ01,105.0126069513958,m³/h
2026-07-05T01:00:00Z,a9bb25d9-9dde-4e84-9845-22ca6726c469,Water flow,BUD2LPC10.CF301.XJ01,95.1266612031725,m³/h
2026-07-05T00:00:00Z,a9bb25d9-9dde-4e84-9845-22ca6726c469,Water flow,BUD2LPC10.CF301.XJ01,113.87752443051694,m³/h
2026-07-04T23:00:00Z,a9bb25d9-9dde-4e84-9845-22ca6726c469,Water flow,BUD2LPC10.CF301.XJ01,73.42421859664961,m³/h
2026-07-04T22:00:00Z,a9bb25d9-9dde-4e84-9845-22ca6726c469,Water flow,BUD2LPC10.CF301.XJ01,86.2604330529106,m³/h
2026-07-04T21:00:00Z,a9bb25d9-9dde-4e84-9845-22ca6726c469,Water flow,BUD2LPC10.CF301.XJ01,108.85905960786998,m³/h
2026-07-04T20:00:00Z,a9bb25d9-9dde-4e84-9845-22ca6726c469,Water flow,BUD2LPC10.CF301.XJ01,127.4430509779188,m³/h
2026-07-04T19:00:00Z,a9bb25d9-9dde-4e84-9845-22ca6726c469,Water flow,BUD2LPC10.CF301.XJ01,122.78891708797886,m³/h
2026-07-04T18:00:00Z,a9bb25d9-9dde-4e84-9845-22ca6726c469,Water flow,BUD2LPC10.CF301.XJ01,94.75033880869536,m³/h
2026-07-04T17:00:00Z,a9bb25d9-9dde-4e84-9845-22ca6726c469,Water flow,BUD2LPC10.CF301.XJ01,98.36637427859831,m³/h
2026-07-04T16:00:00Z,a9bb25d9-9dde-4e84-9845-22ca6726c469,Water flow,BUD2LPC10.CF301.XJ01,110.52770946051021,m³/h
2026-07-04T15:00:00Z,a9bb25d9-9dde-4e84-9845-22ca6726c469,Water flow,BUD2LPC10.CF301.XJ01,94.7186369959514,m³/h
2026-07-04T14:00:00Z,a9bb25d9-9dde-4e84-9845-22ca6726c469,Water flow,BUD2LPC10.CF301.XJ01,128.53017228649512,m³/h
2026-07-04T13:00:00Z,a9bb25d9-9dde-4e84-9845-22ca6726c469,Water flow,BUD2LPC10.CF301.XJ01,131.28569674240353,m³/h
2026-07-04T12:00:00Z,a9bb25d9-9dde-4e84-9845-22ca6726c469,Water flow,BUD2LPC10.CF301.XJ01,107.58682534535735,m³/h
2026-07-04T11:00:00Z,a9bb25d9-9dde-4e84-9845-22ca6726c469,Water flow,BUD2LPC10.CF301.XJ01,101.10036480797658,m³/h
2026-07-04T10:00:00Z,a9bb25d9-9dde-4e84-9845-22ca6726c469,Water flow,BUD2LPC10.CF301.XJ01,94.67987817552354,m³/h
2026-07-04T09:00:00Z,a9bb25d9-9dde-4e84-9845-22ca6726c469,Water flow,BUD2LPC10.CF301.XJ01,123.57879748450381,m³/h
2026-07-04T08:00:00Z,a9bb25d9-9dde-4e84-9845-22ca6726c469,Water flow,BUD2LPC10.CF301.XJ01,92.49953565809447,m³/h
2026-07-04T07:00:00Z,a9bb25d9-9dde-4e84-9845-22ca6726c469,Water flow,BUD2LPC10.CF301.XJ01,97.34650213568835,m³/h
2026-07-04T06:00:00Z,a9bb25d9-9dde-4e84-9845-22ca6726c469,Water flow,BUD2LPC10.CF301.XJ01,80.89902324676508,m³/h
2026-07-04T05:00:00Z,a9bb25d9-9dde-4e84-9845-22ca6726c469,Water flow,BUD2LPC10.CF301.XJ01,79.94659560385375,m³/h
2026-07-04T04:00:00Z,a9bb25d9-9dde-4e84-9845-22ca6726c469,Water flow,BUD2LPC10.CF301.XJ01,77.97984965430372,m³/h
2026-07-04T03:00:00Z,a9bb25d9-9dde-4e84-9845-22ca6726c469,Water flow,BUD2LPC10.CF301.XJ01,78.75506439632834,m³/h
2026-07-04T02:00:00Z,a9bb25d9-9dde-4e84-9845-22ca6726c469,Water flow,BUD2LPC10.CF301.XJ01,78.70410850910827,m³/h
2026-07-04T01:00:00Z,a9bb25d9-9dde-4e84-9845-22ca6726c469,Water flow,BUD2LPC10.CF301.XJ01,101.56314992268872,m³/h
2026-07-04T00:00:00Z,a9bb25d9-9dde-4e84-9845-22ca6726c469,Water flow,BUD2LPC10.CF301.XJ01,80.79031118181025,m³/h
2026-07-03T23:00:00Z,a9bb25d9-9dde-4e84-9845-22ca6726c469,Water flow,BUD2LPC10.CF301.XJ01,106.02513957129582,m³/h
2026-07-03T22:00:00Z,a9bb25d9-9dde-4e84-9845-22ca6726c469,Water flow,BUD2LPC10.CF301.XJ01,126.90908811781158,m³/h
2026-07-03T21:00:00Z,a9bb25d9-9dde-4e84-9845-22ca6726c469,Water flow,BUD2LPC10.CF301.XJ01,134.93511061273455,m³/h
2026-07-03T20:00:00Z,a9bb25d9-9dde-4e84-9845-22ca6726c469,Water flow,BUD2LPC10.CF301.XJ01,109.43830565558555,m³/h
2026-07-03T19:00:00Z,a9bb25d9-9dde-4e84-9845-22ca6726c469,Water flow,BUD2LPC10.CF301.XJ01,120.19866200352199,m³/h
2026-07-03T18:00:00Z,a9bb25d9-9dde-4e84-9845-22ca6726c469,Water flow,BUD2LPC10.CF301.XJ01,136.19245563083203,m³/h
2026-07-03T17:00:00Z,a9bb25d9-9dde-4e84-9845-22ca6726c469,Water flow,BUD2LPC10.CF301.XJ01,130.79827459547244,m³/h
2026-07-03T16:00:00Z,a9bb25d9-9dde-4e84-9845-22ca6726c469,Water flow,BUD2LPC10.CF301.XJ01,119.71427897135405,m³/h
2026-07-03T15:00:00Z,a9bb25d9-9dde-4e84-9845-22ca6726c469,Water flow,BUD2LPC10.CF301.XJ01,102.0218726052178,m³/h
2026-07-03T14:00:00Z,a9bb25d9-9dde-4e84-9845-22ca6726c469,Water flow,BUD2LPC10.CF301.XJ01,87.78259874555795,m³/h
2026-07-03T13:00:00Z,a9bb25d9-9dde-4e84-9845-22ca6726c469,Water flow,BUD2LPC10.CF301.XJ01,92.33796281602656,m³/h
2026-07-03T12:00:00Z,a9bb25d9-9dde-4e84-9845-22ca6726c469,Water flow,BUD2LPC10.CF301.XJ01,92.9262921905517,m³/h
2026-07-03T11:00:00Z,a9bb25d9-9dde-4e84-9845-22ca6726c469,Water flow,BUD2LPC10.CF301.XJ01,127.66032299465601,m³/h
2026-07-03T10:00:00Z,a9bb25d9-9dde-4e84-9845-22ca6726c469,Water flow,BUD2LPC10.CF301.XJ01,99.25516817728692,m³/h
2026-07-03T09:00:00Z,a9bb25d9-9dde-4e84-9845-22ca6726c469,Water flow,BUD2LPC10.CF301.XJ01,95.04085464901401,m³/h
2026-07-03T08:00:00Z,a9bb25d9-9dde-4e84-9845-22ca6726c469,Water flow,BUD2LPC10.CF301.XJ01,84.2398312483893,m³/h
2026-07-03T07:00:00Z,a9bb25d9-9dde-4e84-9845-22ca6726c469,Water flow,BUD2LPC10.CF301.XJ01,103.54720288806489,m³/h
2026-07-03T06:00:00Z,a9bb25d9-9dde-4e84-9845-22ca6726c469,Water flow,BUD2LPC10.CF301.XJ01,95.57294739617237,m³/h
2026-07-03T05:00:00Z,a9bb25d9-9dde-4e84-9845-22ca6726c469,Water flow,BUD2LPC10.CF301.XJ01,88.438759888543,m³/h
2026-07-03T04:00:00Z,a9bb25d9-9dde-4e84-9845-22ca6726c469,Water flow,BUD2LPC10.CF301.XJ01,86.3401829147339,m³/h
2026-07-03T03:00:00Z,a9bb25d9-9dde-4e84-9845-22ca6726c469,Water flow,BUD2LPC10.CF301.XJ01,85.07499616834863,m³/h
2026-07-03T02:00:00Z,a9bb25d9-9dde-4e84-9845-22ca6726c469,Water flow,BUD2LPC10.CF301.XJ01,78.30543684641525,m³/h
2026-07-03T01:00:00Z,a9bb25d9-9dde-4e84-9845-22ca6726c469,Water flow,BUD2LPC10.CF301.XJ01,91.11369567023384,m³/h
2026-07-03T00:00:00Z,a9bb25d9-9dde-4e84-9845-22ca6726c469,Water flow,BUD2LPC10.CF301.XJ01,98.04084138658324,m³/h
2026-07-02T23:00:00Z,a9bb25d9-9dde-4e84-9845-22ca6726c469,Water flow,BUD2LPC10.CF301.XJ01,113.10524115244539,m³/h
2026-07-02T22:00:00Z,a9bb25d9-9dde-4e84-9845-22ca6726c469,Water flow,BUD2LPC10.CF301.XJ01,97.25138288928595,m³/h
2026-07-02T21:00:00Z,a9bb25d9-9dde-4e84-9845-22ca6726c469,Water flow,BUD2LPC10.CF301.XJ01,105.71138534969765,m³/h
2026-07-02T20:00:00Z,a9bb25d9-9dde-4e84-9845-22ca6726c469,Water flow,BUD2LPC10.CF301.XJ01,122.08932429843486,m³/h
2026-07-02T19:00:00Z,a9bb25d9-9dde-4e84-9845-22ca6726c469,Water flow,BUD2LPC10.CF301.XJ01,99.93326733059361,m³/h
2026-07-02T18:00:00Z,a9bb25d9-9dde-4e84-9845-22ca6726c469,Water flow,BUD2LPC10.CF301.XJ01,100.44712854597293,m³/h
2026-07-02T17:00:00Z,a9bb25d9-9dde-4e84-9845-22ca6726c469,Water flow,BUD2LPC10.CF301.XJ01,98.00919417911106,m³/h
2026-07-02T16:00:00Z,a9bb25d9-9dde-4e84-9845-22ca6726c469,Water flow,BUD2LPC10.CF301.XJ01,102.78940081278485,m³/h
2026-07-02T15:00:00Z,a9bb25d9-9dde-4e84-9845-22ca6726c469,Water flow,BUD2LPC10.CF301.XJ01,103.63730175442142,m³/h
2026-07-02T14:00:00Z,a9bb25d9-9dde-4e84-9845-22ca6726c469,Water flow,BUD2LPC10.CF301.XJ01,94.19576030731207,m³/h
2026-07-02T13:00:00Z,a9bb25d9-9dde-4e84-9845-22ca6726c469,Water flow,BUD2LPC10.CF301.XJ01,107.49796743854142,m³/h
2026-07-02T12:00:00Z,a9bb25d9-9dde-4e84-9845-22ca6726c469,Water flow,BUD2LPC10.CF301.XJ01,107.33762463463663,m³/h
2026-07-02T11:00:00Z,a9bb25d9-9dde-4e84-9845-22ca6726c469,Water flow,BUD2LPC10.CF301.XJ01,116.72784484863276,m³/h
2026-07-02T10:00:00Z,a9bb25d9-9dde-4e84-9845-22ca6726c469,Water flow,BUD2LPC10.CF301.XJ01,112.73115456899012,m³/h
2026-07-02T09:00:00Z,a9bb25d9-9dde-4e84-9845-22ca6726c469,Water flow,BUD2LPC10.CF301.XJ01,111.8239110438029,m³/h
2026-07-02T08:00:00Z,a9bb25d9-9dde-4e84-9845-22ca6726c469,Water flow,BUD2LPC10.CF301.XJ01,132.98636523352727,m³/h
2026-07-02T07:00:00Z,a9bb25d9-9dde-4e84-9845-22ca6726c469,Water flow,BUD2LPC10.CF301.XJ01,104.44735121409107,m³/h
2026-07-02T06:00:00Z,a9bb25d9-9dde-4e84-9845-22ca6726c469,Water flow,BUD2LPC10.CF301.XJ01,96.53724255649279,m³/h
2026-07-02T05:00:00Z,a9bb25d9-9dde-4e84-9845-22ca6726c469,Water flow,BUD2LPC10.CF301.XJ01,105.99248430887874,m³/h
2026-07-02T04:00:00Z,a9bb25d9-9dde-4e84-9845-22ca6726c469,Water flow,BUD2LPC10.CF301.XJ01,104.05515450795487,m³/h
2026-07-02T03:00:00Z,a9bb25d9-9dde-4e84-9845-22ca6726c469,Water flow,BUD2LPC10.CF301.XJ01,106.21635723802397,m³/h
2026-07-02T02:00:00Z,a9bb25d9-9dde-4e84-9845-22ca6726c469,Water flow,BUD2LPC10.CF301.XJ01,109.21742639329692,m³/h
2026-07-02T01:00:00Z,a9bb25d9-9dde-4e84-9845-22ca6726c469,Water flow,BUD2LPC10.CF301.XJ01,108.98161333719887,m³/h
2026-07-02T00:00:00Z,a9bb25d9-9dde-4e84-9845-22ca6726c469,Water flow,BUD2LPC10.CF301.XJ01,107.92408475510061,m³/h
2026-07-01T23:00:00Z,a9bb25d9-9dde-4e84-9845-22ca6726c469,Water flow,BUD2LPC10.CF301.XJ01,116.41637424466866,m³/h
2026-07-01T22:00:00Z,a9bb25d9-9dde-4e84-9845-22ca6726c469,Water flow,BUD2LPC10.CF301.XJ01,110.52374433729392,m³/h
2026-07-01T21:00:00Z,a9bb25d9-9dde-4e84-9845-22ca6726c469,Water flow,BUD2LPC10.CF301.XJ01,114.11907792833111,m³/h
2026-07-01T20:00:00Z,a9bb25d9-9dde-4e84-9845-22ca6726c469,Water flow,BUD2LPC10.CF301.XJ01,118.12650763193774,m³/h
2026-07-01T19:00:00Z,a9bb25d9-9dde-4e84-9845-22ca6726c469,Water flow,BUD2LPC10.CF301.XJ01,138.3730717660056,m³/h
2026-07-01T18:00:00Z,a9bb25d9-9dde-4e84-9845-22ca6726c469,Water flow,BUD2LPC10.CF301.XJ01,140.31894914415145,m³/h
2026-07-01T17:00:00Z,a9bb25d9-9dde-4e84-9845-22ca6726c469,Water flow,BUD2LPC10.CF301.XJ01,140.13891393025716,m³/h
2026-07-01T16:00:00Z,a9bb25d9-9dde-4e84-9845-22ca6726c469,Water flow,BUD2LPC10.CF301.XJ01,140.30614104157067,m³/h
2026-07-01T15:00:00Z,a9bb25d9-9dde-4e84-9845-22ca6726c469,Water flow,BUD2LPC10.CF301.XJ01,139.43011048210988,m³/h
2026-07-01T14:00:00Z,a9bb25d9-9dde-4e84-9845-22ca6726c469,Water flow,BUD2LPC10.CF301.XJ01,117.29821902381059,m³/h
2026-07-01T13:00:00Z,a9bb25d9-9dde-4e84-9845-22ca6726c469,Water flow,BUD2LPC10.CF301.XJ01,107.95420253429256,m³/h
2026-07-01T12:00:00Z,a9bb25d9-9dde-4e84-9845-22ca6726c469,Water flow,BUD2LPC10.CF301.XJ01,108.10857602013492,m³/h
2026-07-01T11:00:00Z,a9bb25d9-9dde-4e84-9845-22ca6726c469,Water flow,BUD2LPC10.CF301.XJ01,106.60681159553309,m³/h
2026-07-01T10:00:00Z,a9bb25d9-9dde-4e84-9845-22ca6726c469,Water flow,BUD2LPC10.CF301.XJ01,104.62865116727296,m³/h
2026-07-01T09:00:00Z,a9bb25d9-9dde-4e84-9845-22ca6726c469,Water flow,BUD2LPC10.CF301.XJ01,106.89906609171045,m³/h
2026-07-01T08:00:00Z,a9bb25d9-9dde-4e84-9845-22ca6726c469,Water flow,BUD2LPC10.CF301.XJ01,99.52837390486177,m³/h
2026-07-01T07:00:00Z,a9bb25d9-9dde-4e84-9845-22ca6726c469,Water flow,BUD2LPC10.CF301.XJ01,106.65735713583399,m³/h
2026-07-01T06:00:00Z,a9bb25d9-9dde-4e84-9845-22ca6726c469,Water flow,BUD2LPC10.CF301.XJ01,62.55724004533563,m³/h
2026-07-01T05:00:00Z,a9bb25d9-9dde-4e84-9845-22ca6726c469,Water flow,BUD2LPC10.CF301.XJ01,61.0307557965436,m³/h
2026-07-01T04:00:00Z,a9bb25d9-9dde-4e84-9845-22ca6726c469,Water flow,BUD2LPC10.CF301.XJ01,61.075516039530406,m³/h
2026-07-01T03:00:00Z,a9bb25d9-9dde-4e84-9845-22ca6726c469,Water flow,BUD2LPC10.CF301.XJ01,61.07099505091055,m³/h
2026-07-01T02:00:00Z,a9bb25d9-9dde-4e84-9845-22ca6726c469,Water flow,BUD2LPC10.CF301.XJ01,62.55051851272582,m³/h
2026-07-01T01:00:00Z,a9bb25d9-9dde-4e84-9845-22ca6726c469,Water flow,BUD2LPC10.CF301.XJ01,65.50048829819481,m³/h
2026-07-01T00:00:00Z,a9bb25d9-9dde-4e84-9845-22ca6726c469,Water flow,BUD2LPC10.CF301.XJ01,71.26546029234375,m³/h
2026-06-30T23:00:00Z,a9bb25d9-9dde-4e84-9845-22ca6726c469,Water flow,BUD2LPC10.CF301.XJ01,85.14677628835032,m³/h
2026-06-30T22:00:00Z,a9bb25d9-9dde-4e84-9845-22ca6726c469,Water flow,BUD2LPC10.CF301.XJ01,102.40856544494618,m³/h
2026-06-30T21:00:00Z,a9bb25d9-9dde-4e84-9845-22ca6726c469,Water flow,BUD2LPC10.CF301.XJ01,99.39520596398265,m³/h
2026-06-30T20:00:00Z,a9bb25d9-9dde-4e84-9845-22ca6726c469,Water flow,BUD2LPC10.CF301.XJ01,114.08939614330396,m³/h
2026-06-30T19:00:00Z,a9bb25d9-9dde-4e84-9845-22ca6726c469,Water flow,BUD2LPC10.CF301.XJ01,100.70716694392888,m³/h
2026-06-30T18:00:00Z,a9bb25d9-9dde-4e84-9845-22ca6726c469,Water flow,BUD2LPC10.CF301.XJ01,101.59156978183334,m³/h
2026-06-30T17:00:00Z,a9bb25d9-9dde-4e84-9845-22ca6726c469,Water flow,BUD2LPC10.CF301.XJ01,107.52103565639919,m³/h
2026-06-30T16:00:00Z,a9bb25d9-9dde-4e84-9845-22ca6726c469,Water flow,BUD2LPC10.CF301.XJ01,108.25861769358319,m³/h
2026-06-30T15:00:00Z,a9bb25d9-9dde-4e84-9845-22ca6726c469,Water flow,BUD2LPC10.CF301.XJ01,109.84041165854937,m³/h
2026-06-30T14:00:00Z,a9bb25d9-9dde-4e84-9845-22ca6726c469,Water flow,BUD2LPC10.CF301.XJ01,107.90333896448446,m³/h
2026-06-30T13:00:00Z,a9bb25d9-9dde-4e84-9845-22ca6726c469,Water flow,BUD2LPC10.CF301.XJ01,99.22580830891944,m³/h
2026-06-30T12:00:00Z,a9bb25d9-9dde-4e84-9845-22ca6726c469,Water flow,BUD2LPC10.CF301.XJ01,96.86315759870746,m³/h
2026-06-30T11:00:00Z,a9bb25d9-9dde-4e84-9845-22ca6726c469,Water flow,BUD2LPC10.CF301.XJ01,118.95159617366228,m³/h
2026-06-30T10:00:00Z,a9bb25d9-9dde-4e84-9845-22ca6726c469,Water flow,BUD2LPC10.CF301.XJ01,106.25352385626908,m³/h
2026-06-30T09:00:00Z,a9bb25d9-9dde-4e84-9845-22ca6726c469,Water flow,BUD2LPC10.CF301.XJ01,80.88306586047318,m³/h
2026-07-30T09:00:00Z,eb54fc4b-5408-449d-ba7b-521d0f40b752,Active power,BUD2BAC10.GU004.XJ57,30.195036076374368,MW
2026-07-30T08:00:00Z,eb54fc4b-5408-449d-ba7b-521d0f40b752,Active power,BUD2BAC10.GU004.XJ57,30.45534321783383,MW
2026-07-30T07:00:00Z,eb54fc4b-5408-449d-ba7b-521d0f40b752,Active power,BUD2BAC10.GU004.XJ57,30.158411596828802,MW
2026-07-30T06:00:00Z,eb54fc4b-5408-449d-ba7b-521d0f40b752,Active power,BUD2BAC10.GU004.XJ57,30.16055097256587,MW
2026-07-30T05:00:00Z,eb54fc4b-5408-449d-ba7b-521d0f40b752,Active power,BUD2BAC10.GU004.XJ57,30.160599009054756,MW
2026-07-30T04:00:00Z,eb54fc4b-5408-449d-ba7b-521d0f40b752,Active power,BUD2BAC10.GU004.XJ57,30.1600102015904,MW
2026-07-30T03:00:00Z,eb54fc4b-5408-449d-ba7b-521d0f40b752,Active power,BUD2BAC10.GU004.XJ57,21.93768572807312,MW
2026-07-30T02:00:00Z,eb54fc4b-5408-449d-ba7b-521d0f40b752,Active power,BUD2BAC10.GU004.XJ57,20.140919165322355,MW
2026-07-30T01:00:00Z,eb54fc4b-5408-449d-ba7b-521d0f40b752,Active power,BUD2BAC10.GU004.XJ57,20.139539647632173,MW
2026-07-30T00:00:00Z,eb54fc4b-5408-449d-ba7b-521d0f40b752,Active power,BUD2BAC10.GU004.XJ57,20.137880562676326,MW
2026-07-29T23:00:00Z,eb54fc4b-5408-449d-ba7b-521d0f40b752,Active power,BUD2BAC10.GU004.XJ57,21.075788742837275,MW
2026-07-29T22:00:00Z,eb54fc4b-5408-449d-ba7b-521d0f40b752,Active power,BUD2BAC10.GU004.XJ57,26.277560183207196,MW
2026-07-29T21:00:00Z,eb54fc4b-5408-449d-ba7b-521d0f40b752,Active power,BUD2BAC10.GU004.XJ57,29.83497646331787,MW
2026-07-29T20:00:00Z,eb54fc4b-5408-449d-ba7b-521d0f40b752,Active power,BUD2BAC10.GU004.XJ57,31.45044227544966,MW
2026-07-29T19:00:00Z,eb54fc4b-5408-449d-ba7b-521d0f40b752,Active power,BUD2BAC10.GU004.XJ57,33.64170997318859,MW
2026-07-29T18:00:00Z,eb54fc4b-5408-449d-ba7b-521d0f40b752,Active power,BUD2BAC10.GU004.XJ57,33.21544874019432,MW
2026-07-29T17:00:00Z,eb54fc4b-5408-449d-ba7b-521d0f40b752,Active power,BUD2BAC10.GU004.XJ57,29.20506778717041,MW
2026-07-29T16:00:00Z,eb54fc4b-5408-449d-ba7b-521d0f40b752,Active power,BUD2BAC10.GU004.XJ57,30.083407771938965,MW
2026-07-29T15:00:00Z,eb54fc4b-5408-449d-ba7b-521d0f40b752,Active power,BUD2BAC10.GU004.XJ57,30.17628260612488,MW
2026-07-29T14:00:00Z,eb54fc4b-5408-449d-ba7b-521d0f40b752,Active power,BUD2BAC10.GU004.XJ57,31.257445689307318,MW
2026-07-29T13:00:00Z,eb54fc4b-5408-449d-ba7b-521d0f40b752,Active power,BUD2BAC10.GU004.XJ57,37.01959573089447,MW
2026-07-29T12:00:00Z,eb54fc4b-5408-449d-ba7b-521d0f40b752,Active power,BUD2BAC10.GU004.XJ57,36.6847585550944,MW
2026-07-29T11:00:00Z,eb54fc4b-5408-449d-ba7b-521d0f40b752,Active power,BUD2BAC10.GU004.XJ57,32.69991706542799,MW
2026-07-29T10:00:00Z,eb54fc4b-5408-449d-ba7b-521d0f40b752,Active power,BUD2BAC10.GU004.XJ57,30.86286986033122,MW
2026-07-29T09:00:00Z,eb54fc4b-5408-449d-ba7b-521d0f40b752,Active power,BUD2BAC10.GU004.XJ57,36.26405321545071,MW
2026-07-29T08:00:00Z,eb54fc4b-5408-449d-ba7b-521d0f40b752,Active power,BUD2BAC10.GU004.XJ57,32.52974285867479,MW
2026-07-29T07:00:00Z,eb54fc4b-5408-449d-ba7b-521d0f40b752,Active power,BUD2BAC10.GU004.XJ57,34.6663487540351,MW
2026-07-29T06:00:00Z,eb54fc4b-5408-449d-ba7b-521d0f40b752,Active power,BUD2BAC10.GU004.XJ57,35.2981705294715,MW
2026-07-29T05:00:00Z,eb54fc4b-5408-449d-ba7b-521d0f40b752,Active power,BUD2BAC10.GU004.XJ57,21.678435364785656,MW
2026-07-29T04:00:00Z,eb54fc4b-5408-449d-ba7b-521d0f40b752,Active power,BUD2BAC10.GU004.XJ57,20.144043981764053,MW
2026-07-29T03:00:00Z,eb54fc4b-5408-449d-ba7b-521d0f40b752,Active power,BUD2BAC10.GU004.XJ57,21.52288443353441,MW
2026-07-29T02:00:00Z,eb54fc4b-5408-449d-ba7b-521d0f40b752,Active power,BUD2BAC10.GU004.XJ57,27.71025156656901,MW
2026-07-29T01:00:00Z,eb54fc4b-5408-449d-ba7b-521d0f40b752,Active power,BUD2BAC10.GU004.XJ57,29.73952582359314,MW
2026-07-29T00:00:00Z,eb54fc4b-5408-449d-ba7b-521d0f40b752,Active power,BUD2BAC10.GU004.XJ57,33.50873508665297,MW
2026-07-28T23:00:00Z,eb54fc4b-5408-449d-ba7b-521d0f40b752,Active power,BUD2BAC10.GU004.XJ57,36.95621754116482,MW
2026-07-28T22:00:00Z,eb54fc4b-5408-449d-ba7b-521d0f40b752,Active power,BUD2BAC10.GU004.XJ57,36.53076164029319,MW
2026-07-28T21:00:00Z,eb54fc4b-5408-449d-ba7b-521d0f40b752,Active power,BUD2BAC10.GU004.XJ57,36.8044563208686,MW
2026-07-28T20:00:00Z,eb54fc4b-5408-449d-ba7b-521d0f40b752,Active power,BUD2BAC10.GU004.XJ57,30.15769870700868,MW
2026-07-28T19:00:00Z,eb54fc4b-5408-449d-ba7b-521d0f40b752,Active power,BUD2BAC10.GU004.XJ57,30.41431194835239,MW
2026-07-28T18:00:00Z,eb54fc4b-5408-449d-ba7b-521d0f40b752,Active power,BUD2BAC10.GU004.XJ57,31.34175066947937,MW
2026-07-28T17:00:00Z,eb54fc4b-5408-449d-ba7b-521d0f40b752,Active power,BUD2BAC10.GU004.XJ57,23.19579530821906,MW
2026-07-28T16:00:00Z,eb54fc4b-5408-449d-ba7b-521d0f40b752,Active power,BUD2BAC10.GU004.XJ57,28.89262795037465,MW
2026-07-28T15:00:00Z,eb54fc4b-5408-449d-ba7b-521d0f40b752,Active power,BUD2BAC10.GU004.XJ57,29.22009681913588,MW
2026-07-28T14:00:00Z,eb54fc4b-5408-449d-ba7b-521d0f40b752,Active power,BUD2BAC10.GU004.XJ57,33.75286039635497,MW
2026-07-28T13:00:00Z,eb54fc4b-5408-449d-ba7b-521d0f40b752,Active power,BUD2BAC10.GU004.XJ57,38.60043865121251,MW
2026-07-28T12:00:00Z,eb54fc4b-5408-449d-ba7b-521d0f40b752,Active power,BUD2BAC10.GU004.XJ57,40.72555532232673,MW
2026-07-28T11:00:00Z,eb54fc4b-5408-449d-ba7b-521d0f40b752,Active power,BUD2BAC10.GU004.XJ57,36.42692196316189,MW
2026-07-28T10:00:00Z,eb54fc4b-5408-449d-ba7b-521d0f40b752,Active power,BUD2BAC10.GU004.XJ57,32.05620194116875,MW
2026-07-28T09:00:00Z,eb54fc4b-5408-449d-ba7b-521d0f40b752,Active power,BUD2BAC10.GU004.XJ57,29.924086938434176,MW
2026-07-28T08:00:00Z,eb54fc4b-5408-449d-ba7b-521d0f40b752,Active power,BUD2BAC10.GU004.XJ57,36.65427388715506,MW
2026-07-28T07:00:00Z,eb54fc4b-5408-449d-ba7b-521d0f40b752,Active power,BUD2BAC10.GU004.XJ57,34.102474958631724,MW
2026-07-28T06:00:00Z,eb54fc4b-5408-449d-ba7b-521d0f40b752,Active power,BUD2BAC10.GU004.XJ57,32.386618209720126,MW
2026-07-28T05:00:00Z,eb54fc4b-5408-449d-ba7b-521d0f40b752,Active power,BUD2BAC10.GU004.XJ57,30.96348724577162,MW
2026-07-28T04:00:00Z,eb54fc4b-5408-449d-ba7b-521d0f40b752,Active power,BUD2BAC10.GU004.XJ57,28.971571316189237,MW
2026-07-28T03:00:00Z,eb54fc4b-5408-449d-ba7b-521d0f40b752,Active power,BUD2BAC10.GU004.XJ57,22.520536954372478,MW
2026-07-28T02:00:00Z,eb54fc4b-5408-449d-ba7b-521d0f40b752,Active power,BUD2BAC10.GU004.XJ57,21.593881644143,MW
2026-07-28T01:00:00Z,eb54fc4b-5408-449d-ba7b-521d0f40b752,Active power,BUD2BAC10.GU004.XJ57,20.70391856511434,MW
2026-07-28T00:00:00Z,eb54fc4b-5408-449d-ba7b-521d0f40b752,Active power,BUD2BAC10.GU004.XJ57,21.13519452186741,MW
2026-07-27T23:00:00Z,eb54fc4b-5408-449d-ba7b-521d0f40b752,Active power,BUD2BAC10.GU004.XJ57,20.14575981563992,MW
2026-07-27T22:00:00Z,eb54fc4b-5408-449d-ba7b-521d0f40b752,Active power,BUD2BAC10.GU004.XJ57,20.14687294960022,MW
2026-07-27T21:00:00Z,eb54fc4b-5408-449d-ba7b-521d0f40b752,Active power,BUD2BAC10.GU004.XJ57,24.894784259796143,MW
2026-07-27T20:00:00Z,eb54fc4b-5408-449d-ba7b-521d0f40b752,Active power,BUD2BAC10.GU004.XJ57,26.71480869677015,MW
2026-07-27T19:00:00Z,eb54fc4b-5408-449d-ba7b-521d0f40b752,Active power,BUD2BAC10.GU004.XJ57,23.819301517274646,MW
2026-07-27T18:00:00Z,eb54fc4b-5408-449d-ba7b-521d0f40b752,Active power,BUD2BAC10.GU004.XJ57,22.627916657308397,MW
2026-07-27T17:00:00Z,eb54fc4b-5408-449d-ba7b-521d0f40b752,Active power,BUD2BAC10.GU004.XJ57,21.00647708665934,MW
2026-07-27T16:00:00Z,eb54fc4b-5408-449d-ba7b-521d0f40b752,Active power,BUD2BAC10.GU004.XJ57,25.031584548950196,MW
2026-07-27T15:00:00Z,eb54fc4b-5408-449d-ba7b-521d0f40b752,Active power,BUD2BAC10.GU004.XJ57,27.303304317262437,MW
2026-07-27T14:00:00Z,eb54fc4b-5408-449d-ba7b-521d0f40b752,Active power,BUD2BAC10.GU004.XJ57,28.383282982508344,MW
2026-07-27T13:00:00Z,eb54fc4b-5408-449d-ba7b-521d0f40b752,Active power,BUD2BAC10.GU004.XJ57,44.00247416178385,MW
2026-07-27T12:00:00Z,eb54fc4b-5408-449d-ba7b-521d0f40b752,Active power,BUD2BAC10.GU004.XJ57,35.56574713918897,MW
2026-07-27T11:00:00Z,eb54fc4b-5408-449d-ba7b-521d0f40b752,Active power,BUD2BAC10.GU004.XJ57,27.268480155732895,MW
2026-07-27T10:00:00Z,eb54fc4b-5408-449d-ba7b-521d0f40b752,Active power,BUD2BAC10.GU004.XJ57,29.819713747236463,MW
2026-07-27T09:00:00Z,eb54fc4b-5408-449d-ba7b-521d0f40b752,Active power,BUD2BAC10.GU004.XJ57,36.01830697165595,MW
2026-07-27T08:00:00Z,eb54fc4b-5408-449d-ba7b-521d0f40b752,Active power,BUD2BAC10.GU004.XJ57,29.51757571856181,MW
2026-07-27T07:00:00Z,eb54fc4b-5408-449d-ba7b-521d0f40b752,Active power,BUD2BAC10.GU004.XJ57,20.232278560002644,MW
2026-07-27T06:00:00Z,eb54fc4b-5408-449d-ba7b-521d0f40b752,Active power,BUD2BAC10.GU004.XJ57,20.137407325108846,MW
2026-07-27T05:00:00Z,eb54fc4b-5408-449d-ba7b-521d0f40b752,Active power,BUD2BAC10.GU004.XJ57,20.14252047644721,MW
2026-07-27T04:00:00Z,eb54fc4b-5408-449d-ba7b-521d0f40b752,Active power,BUD2BAC10.GU004.XJ57,20.145423828760784,MW
2026-07-27T03:00:00Z,eb54fc4b-5408-449d-ba7b-521d0f40b752,Active power,BUD2BAC10.GU004.XJ57,20.143285444047716,MW
2026-07-27T02:00:00Z,eb54fc4b-5408-449d-ba7b-521d0f40b752,Active power,BUD2BAC10.GU004.XJ57,20.138793590333727,MW
2026-07-27T01:00:00Z,eb54fc4b-5408-449d-ba7b-521d0f40b752,Active power,BUD2BAC10.GU004.XJ57,20.14111811898934,MW
2026-07-27T00:00:00Z,eb54fc4b-5408-449d-ba7b-521d0f40b752,Active power,BUD2BAC10.GU004.XJ57,20.1921999973721,MW
2026-07-26T23:00:00Z,eb54fc4b-5408-449d-ba7b-521d0f40b752,Active power,BUD2BAC10.GU004.XJ57,28.130688683191934,MW
2026-07-26T22:00:00Z,eb54fc4b-5408-449d-ba7b-521d0f40b752,Active power,BUD2BAC10.GU004.XJ57,26.551998607847427,MW
2026-07-26T21:00:00Z,eb54fc4b-5408-449d-ba7b-521d0f40b752,Active power,BUD2BAC10.GU004.XJ57,32.762814319398665,MW
2026-07-26T20:00:00Z,eb54fc4b-5408-449d-ba7b-521d0f40b752,Active power,BUD2BAC10.GU004.XJ57,32.34304412735833,MW
2026-07-26T19:00:00Z,eb54fc4b-5408-449d-ba7b-521d0f40b752,Active power,BUD2BAC10.GU004.XJ57,26.019737380421645,MW
2026-07-26T18:00:00Z,eb54fc4b-5408-449d-ba7b-521d0f40b752,Active power,BUD2BAC10.GU004.XJ57,25.7378712410397,MW
2026-07-26T17:00:00Z,eb54fc4b-5408-449d-ba7b-521d0f40b752,Active power,BUD2BAC10.GU004.XJ57,23.12650939767529,MW
2026-07-26T16:00:00Z,eb54fc4b-5408-449d-ba7b-521d0f40b752,Active power,BUD2BAC10.GU004.XJ57,24.19716901673211,MW
2026-07-26T15:00:00Z,eb54fc4b-5408-449d-ba7b-521d0f40b752,Active power,BUD2BAC10.GU004.XJ57,34.62333585687184,MW
2026-07-26T14:00:00Z,eb54fc4b-5408-449d-ba7b-521d0f40b752,Active power,BUD2BAC10.GU004.XJ57,37.57546926922269,MW
2026-07-26T13:00:00Z,eb54fc4b-5408-449d-ba7b-521d0f40b752,Active power,BUD2BAC10.GU004.XJ57,47.1673499446445,MW
2026-07-26T12:00:00Z,eb54fc4b-5408-449d-ba7b-521d0f40b752,Active power,BUD2BAC10.GU004.XJ57,47.19483255810208,MW
2026-07-26T11:00:00Z,eb54fc4b-5408-449d-ba7b-521d0f40b752,Active power,BUD2BAC10.GU004.XJ57,37.37537862565783,MW
2026-07-26T10:00:00Z,eb54fc4b-5408-449d-ba7b-521d0f40b752,Active power,BUD2BAC10.GU004.XJ57,35.18141737408108,MW
2026-07-26T09:00:00Z,eb54fc4b-5408-449d-ba7b-521d0f40b752,Active power,BUD2BAC10.GU004.XJ57,35.17619430118137,MW
2026-07-26T08:00:00Z,eb54fc4b-5408-449d-ba7b-521d0f40b752,Active power,BUD2BAC10.GU004.XJ57,32.58025659455193,MW
2026-07-26T07:00:00Z,eb54fc4b-5408-449d-ba7b-521d0f40b752,Active power,BUD2BAC10.GU004.XJ57,28.896084337234498,MW
2026-07-26T06:00:00Z,eb54fc4b-5408-449d-ba7b-521d0f40b752,Active power,BUD2BAC10.GU004.XJ57,28.176305208206177,MW
2026-07-26T05:00:00Z,eb54fc4b-5408-449d-ba7b-521d0f40b752,Active power,BUD2BAC10.GU004.XJ57,26.88484092606439,MW
2026-07-26T04:00:00Z,eb54fc4b-5408-449d-ba7b-521d0f40b752,Active power,BUD2BAC10.GU004.XJ57,26.88358446545071,MW
2026-07-26T03:00:00Z,eb54fc4b-5408-449d-ba7b-521d0f40b752,Active power,BUD2BAC10.GU004.XJ57,33.05752048386468,MW
2026-07-26T02:00:00Z,eb54fc4b-5408-449d-ba7b-521d0f40b752,Active power,BUD2BAC10.GU004.XJ57,33.16711449318293,MW
2026-07-26T01:00:00Z,eb54fc4b-5408-449d-ba7b-521d0f40b752,Active power,BUD2BAC10.GU004.XJ57,34.58972198910183,MW
2026-07-26T00:00:00Z,eb54fc4b-5408-449d-ba7b-521d0f40b752,Active power,BUD2BAC10.GU004.XJ57,34.67810499721103,MW
2026-07-25T23:00:00Z,eb54fc4b-5408-449d-ba7b-521d0f40b752,Active power,BUD2BAC10.GU004.XJ57,36.17951573907237,MW
2026-07-25T22:00:00Z,eb54fc4b-5408-449d-ba7b-521d0f40b752,Active power,BUD2BAC10.GU004.XJ57,36.34779951849403,MW
2026-07-25T21:00:00Z,eb54fc4b-5408-449d-ba7b-521d0f40b752,Active power,BUD2BAC10.GU004.XJ57,40.07919448080694,MW
2026-07-25T20:00:00Z,eb54fc4b-5408-449d-ba7b-521d0f40b752,Active power,BUD2BAC10.GU004.XJ57,38.62512299643622,MW
2026-07-25T19:00:00Z,eb54fc4b-5408-449d-ba7b-521d0f40b752,Active power,BUD2BAC10.GU004.XJ57,36.98314076317681,MW
2026-07-25T18:00:00Z,eb54fc4b-5408-449d-ba7b-521d0f40b752,Active power,BUD2BAC10.GU004.XJ57,36.1790547964308,MW
2026-07-25T17:00:00Z,eb54fc4b-5408-449d-ba7b-521d0f40b752,Active power,BUD2BAC10.GU004.XJ57,36.17812414169312,MW
2026-07-25T16:00:00Z,eb54fc4b-5408-449d-ba7b-521d0f40b752,Active power,BUD2BAC10.GU004.XJ57,36.17456359863281,MW
2026-07-25T15:00:00Z,eb54fc4b-5408-449d-ba7b-521d0f40b752,Active power,BUD2BAC10.GU004.XJ57,36.417822132110594,MW
2026-07-25T14:00:00Z,eb54fc4b-5408-449d-ba7b-521d0f40b752,Active power,BUD2BAC10.GU004.XJ57,37.59382741990654,MW
2026-07-25T13:00:00Z,eb54fc4b-5408-449d-ba7b-521d0f40b752,Active power,BUD2BAC10.GU004.XJ57,37.63290098485215,MW
2026-07-25T12:00:00Z,eb54fc4b-5408-449d-ba7b-521d0f40b752,Active power,BUD2BAC10.GU004.XJ57,42.68448672843284,MW
2026-07-25T11:00:00Z,eb54fc4b-5408-449d-ba7b-521d0f40b752,Active power,BUD2BAC10.GU004.XJ57,43.187031008402506,MW
2026-07-25T10:00:00Z,eb54fc4b-5408-449d-ba7b-521d0f40b752,Active power,BUD2BAC10.GU004.XJ57,33.02024946106805,MW
2026-07-25T09:00:00Z,eb54fc4b-5408-449d-ba7b-521d0f40b752,Active power,BUD2BAC10.GU004.XJ57,21.14072391933865,MW
2026-07-25T08:00:00Z,eb54fc4b-5408-449d-ba7b-521d0f40b752,Active power,BUD2BAC10.GU004.XJ57,21.139548409779866,MW
2026-07-25T07:00:00Z,eb54fc4b-5408-449d-ba7b-521d0f40b752,Active power,BUD2BAC10.GU004.XJ57,21.141625322765776,MW
2026-07-25T06:00:00Z,eb54fc4b-5408-449d-ba7b-521d0f40b752,Active power,BUD2BAC10.GU004.XJ57,21.144440357787136,MW
2026-07-25T05:00:00Z,eb54fc4b-5408-449d-ba7b-521d0f40b752,Active power,BUD2BAC10.GU004.XJ57,21.145856206681994,MW
2026-07-25T04:00:00Z,eb54fc4b-5408-449d-ba7b-521d0f40b752,Active power,BUD2BAC10.GU004.XJ57,20.973566495292115,MW
2026-07-25T03:00:00Z,eb54fc4b-5408-449d-ba7b-521d0f40b752,Active power,BUD2BAC10.GU004.XJ57,23.66649277581109,MW
2026-07-25T02:00:00Z,eb54fc4b-5408-449d-ba7b-521d0f40b752,Active power,BUD2BAC10.GU004.XJ57,23.054266417821246,MW
2026-07-25T01:00:00Z,eb54fc4b-5408-449d-ba7b-521d0f40b752,Active power,BUD2BAC10.GU004.XJ57,23.06492442671228,MW
2026-07-25T00:00:00Z,eb54fc4b-5408-449d-ba7b-521d0f40b752,Active power,BUD2BAC10.GU004.XJ57,24.1110436852773,MW
2026-07-24T23:00:00Z,eb54fc4b-5408-449d-ba7b-521d0f40b752,Active power,BUD2BAC10.GU004.XJ57,25.84688607957628,MW
2026-07-24T22:00:00Z,eb54fc4b-5408-449d-ba7b-521d0f40b752,Active power,BUD2BAC10.GU004.XJ57,31.853960892359417,MW
2026-07-24T21:00:00Z,eb54fc4b-5408-449d-ba7b-521d0f40b752,Active power,BUD2BAC10.GU004.XJ57,31.90815230823648,MW
2026-07-24T20:00:00Z,eb54fc4b-5408-449d-ba7b-521d0f40b752,Active power,BUD2BAC10.GU004.XJ57,31.952017048729793,MW
2026-07-24T19:00:00Z,eb54fc4b-5408-449d-ba7b-521d0f40b752,Active power,BUD2BAC10.GU004.XJ57,36.842196220821805,MW
2026-07-24T18:00:00Z,eb54fc4b-5408-449d-ba7b-521d0f40b752,Active power,BUD2BAC10.GU004.XJ57,41.8383235051408,MW
2026-07-24T17:00:00Z,eb54fc4b-5408-449d-ba7b-521d0f40b752,Active power,BUD2BAC10.GU004.XJ57,39.81968276129828,MW
2026-07-24T16:00:00Z,eb54fc4b-5408-449d-ba7b-521d0f40b752,Active power,BUD2BAC10.GU004.XJ57,32.25342764112685,MW
2026-07-24T15:00:00Z,eb54fc4b-5408-449d-ba7b-521d0f40b752,Active power,BUD2BAC10.GU004.XJ57,31.589870116103032,MW
2026-07-24T14:00:00Z,eb54fc4b-5408-449d-ba7b-521d0f40b752,Active power,BUD2BAC10.GU004.XJ57,35.77138059192234,MW
2026-07-24T13:00:00Z,eb54fc4b-5408-449d-ba7b-521d0f40b752,Active power,BUD2BAC10.GU004.XJ57,40.16349334038252,MW
2026-07-24T12:00:00Z,eb54fc4b-5408-449d-ba7b-521d0f40b752,Active power,BUD2BAC10.GU004.XJ57,40.11970693491884,MW
2026-07-24T11:00:00Z,eb54fc4b-5408-449d-ba7b-521d0f40b752,Active power,BUD2BAC10.GU004.XJ57,41.96176583184136,MW
2026-07-24T10:00:00Z,eb54fc4b-5408-449d-ba7b-521d0f40b752,Active power,BUD2BAC10.GU004.XJ57,42.36829821728149,MW
2026-07-24T09:00:00Z,eb54fc4b-5408-449d-ba7b-521d0f40b752,Active power,BUD2BAC10.GU004.XJ57,40.96739608976576,MW
2026-07-24T08:00:00Z,eb54fc4b-5408-449d-ba7b-521d0f40b752,Active power,BUD2BAC10.GU004.XJ57,44.62106993305743,MW
2026-07-24T07:00:00Z,eb54fc4b-5408-449d-ba7b-521d0f40b752,Active power,BUD2BAC10.GU004.XJ57,32.67003068500095,MW
2026-07-24T06:00:00Z,eb54fc4b-5408-449d-ba7b-521d0f40b752,Active power,BUD2BAC10.GU004.XJ57,28.07617055469089,MW
2026-07-24T05:00:00Z,eb54fc4b-5408-449d-ba7b-521d0f40b752,Active power,BUD2BAC10.GU004.XJ57,27.323102488245055,MW
2026-07-24T04:00:00Z,eb54fc4b-5408-449d-ba7b-521d0f40b752,Active power,BUD2BAC10.GU004.XJ57,26.182504818174575,MW
2026-07-24T03:00:00Z,eb54fc4b-5408-449d-ba7b-521d0f40b752,Active power,BUD2BAC10.GU004.XJ57,27.219965506951763,MW
2026-07-24T02:00:00Z,eb54fc4b-5408-449d-ba7b-521d0f40b752,Active power,BUD2BAC10.GU004.XJ57,26.581728515328468,MW
2026-07-24T01:00:00Z,eb54fc4b-5408-449d-ba7b-521d0f40b752,Active power,BUD2BAC10.GU004.XJ57,26.901494075987074,MW
2026-07-24T00:00:00Z,eb54fc4b-5408-449d-ba7b-521d0f40b752,Active power,BUD2BAC10.GU004.XJ57,27.89094457096524,MW
2026-07-23T23:00:00Z,eb54fc4b-5408-449d-ba7b-521d0f40b752,Active power,BUD2BAC10.GU004.XJ57,29.540881547927857,MW
2026-07-23T22:00:00Z,eb54fc4b-5408-449d-ba7b-521d0f40b752,Active power,BUD2BAC10.GU004.XJ57,34.69720859782468,MW
2026-07-23T21:00:00Z,eb54fc4b-5408-449d-ba7b-521d0f40b752,Active power,BUD2BAC10.GU004.XJ57,37.42563290701972,MW
2026-07-23T20:00:00Z,eb54fc4b-5408-449d-ba7b-521d0f40b752,Active power,BUD2BAC10.GU004.XJ57,40.8665010939704,MW
2026-07-23T19:00:00Z,eb54fc4b-5408-449d-ba7b-521d0f40b752,Active power,BUD2BAC10.GU004.XJ57,46.88447152476123,MW
2026-07-23T18:00:00Z,eb54fc4b-5408-449d-ba7b-521d0f40b752,Active power,BUD2BAC10.GU004.XJ57,46.92505726284451,MW
2026-07-23T17:00:00Z,eb54fc4b-5408-449d-ba7b-521d0f40b752,Active power,BUD2BAC10.GU004.XJ57,46.149417777535916,MW
2026-07-23T16:00:00Z,eb54fc4b-5408-449d-ba7b-521d0f40b752,Active power,BUD2BAC10.GU004.XJ57,42.173067636792034,MW
2026-07-23T15:00:00Z,eb54fc4b-5408-449d-ba7b-521d0f40b752,Active power,BUD2BAC10.GU004.XJ57,43.87301060358683,MW
2026-07-23T14:00:00Z,eb54fc4b-5408-449d-ba7b-521d0f40b752,Active power,BUD2BAC10.GU004.XJ57,45.1757168367174,MW
2026-07-23T13:00:00Z,eb54fc4b-5408-449d-ba7b-521d0f40b752,Active power,BUD2BAC10.GU004.XJ57,45.40147798326281,MW
2026-07-23T12:00:00Z,eb54fc4b-5408-449d-ba7b-521d0f40b752,Active power,BUD2BAC10.GU004.XJ57,47.17534660127428,MW
2026-07-23T11:00:00Z,eb54fc4b-5408-449d-ba7b-521d0f40b752,Active power,BUD2BAC10.GU004.XJ57,47.18349603441027,MW
2026-07-23T10:00:00Z,eb54fc4b-5408-449d-ba7b-521d0f40b752,Active power,BUD2BAC10.GU004.XJ57,47.0561166480225,MW
2026-07-23T09:00:00Z,eb54fc4b-5408-449d-ba7b-521d0f40b752,Active power,BUD2BAC10.GU004.XJ57,35.02434253533593,MW
2026-07-23T08:00:00Z,eb54fc4b-5408-449d-ba7b-521d0f40b752,Active power,BUD2BAC10.GU004.XJ57,37.446002813893735,MW
2026-07-23T07:00:00Z,eb54fc4b-5408-449d-ba7b-521d0f40b752,Active power,BUD2BAC10.GU004.XJ57,33.29893634372287,MW
2026-07-23T06:00:00Z,eb54fc4b-5408-449d-ba7b-521d0f40b752,Active power,BUD2BAC10.GU004.XJ57,32.06472276581658,MW
2026-07-23T05:00:00Z,eb54fc4b-5408-449d-ba7b-521d0f40b752,Active power,BUD2BAC10.GU004.XJ57,25.750733473036025,MW
2026-07-23T04:00:00Z,eb54fc4b-5408-449d-ba7b-521d0f40b752,Active power,BUD2BAC10.GU004.XJ57,23.03567226515876,MW
2026-07-23T03:00:00Z,eb54fc4b-5408-449d-ba7b-521d0f40b752,Active power,BUD2BAC10.GU004.XJ57,24.47131660249498,MW
2026-07-23T02:00:00Z,eb54fc4b-5408-449d-ba7b-521d0f40b752,Active power,BUD2BAC10.GU004.XJ57,29.433300688374104,MW
2026-07-23T01:00:00Z,eb54fc4b-5408-449d-ba7b-521d0f40b752,Active power,BUD2BAC10.GU004.XJ57,35.7574977238973,MW
2026-07-23T00:00:00Z,eb54fc4b-5408-449d-ba7b-521d0f40b752,Active power,BUD2BAC10.GU004.XJ57,47.0570774714152,MW
2026-07-22T23:00:00Z,eb54fc4b-5408-449d-ba7b-521d0f40b752,Active power,BUD2BAC10.GU004.XJ57,41.82278274866924,MW
2026-07-22T22:00:00Z,eb54fc4b-5408-449d-ba7b-521d0f40b752,Active power,BUD2BAC10.GU004.XJ57,36.83703088230557,MW
2026-07-22T21:00:00Z,eb54fc4b-5408-449d-ba7b-521d0f40b752,Active power,BUD2BAC10.GU004.XJ57,25.616831686231826,MW
2026-07-22T20:00:00Z,eb54fc4b-5408-449d-ba7b-521d0f40b752,Active power,BUD2BAC10.GU004.XJ57,39.66424742481853,MW
2026-07-22T19:00:00Z,eb54fc4b-5408-449d-ba7b-521d0f40b752,Active power,BUD2BAC10.GU004.XJ57,41.9742852168613,MW
2026-07-22T18:00:00Z,eb54fc4b-5408-449d-ba7b-521d0f40b752,Active power,BUD2BAC10.GU004.XJ57,44.90163910335965,MW
2026-07-22T17:00:00Z,eb54fc4b-5408-449d-ba7b-521d0f40b752,Active power,BUD2BAC10.GU004.XJ57,47.16909244204812,MW
2026-07-22T16:00:00Z,eb54fc4b-5408-449d-ba7b-521d0f40b752,Active power,BUD2BAC10.GU004.XJ57,47.17457838694254,MW
2026-07-22T15:00:00Z,eb54fc4b-5408-449d-ba7b-521d0f40b752,Active power,BUD2BAC10.GU004.XJ57,40.220838265792736,MW
2026-07-22T14:00:00Z,eb54fc4b-5408-449d-ba7b-521d0f40b752,Active power,BUD2BAC10.GU004.XJ57,35.18376815372043,MW
2026-07-22T13:00:00Z,eb54fc4b-5408-449d-ba7b-521d0f40b752,Active power,BUD2BAC10.GU004.XJ57,36.040983833736846,MW
2026-07-22T12:00:00Z,eb54fc4b-5408-449d-ba7b-521d0f40b752,Active power,BUD2BAC10.GU004.XJ57,47.04868800750105,MW
2026-07-22T11:00:00Z,eb54fc4b-5408-449d-ba7b-521d0f40b752,Active power,BUD2BAC10.GU004.XJ57,33.71919811990526,MW
2026-07-22T10:00:00Z,eb54fc4b-5408-449d-ba7b-521d0f40b752,Active power,BUD2BAC10.GU004.XJ57,29.376936774783662,MW
2026-07-22T09:00:00Z,eb54fc4b-5408-449d-ba7b-521d0f40b752,Active power,BUD2BAC10.GU004.XJ57,31.6178937180837,MW
2026-07-22T08:00:00Z,eb54fc4b-5408-449d-ba7b-521d0f40b752,Active power,BUD2BAC10.GU004.XJ57,31.625210801230534,MW
2026-07-22T07:00:00Z,eb54fc4b-5408-449d-ba7b-521d0f40b752,Active power,BUD2BAC10.GU004.XJ57,20.247777993974584,MW
2026-07-22T06:00:00Z,eb54fc4b-5408-449d-ba7b-521d0f40b752,Active power,BUD2BAC10.GU004.XJ57,20.14293747838833,MW
2026-07-22T05:00:00Z,eb54fc4b-5408-449d-ba7b-521d0f40b752,Active power,BUD2BAC10.GU004.XJ57,20.151273594962223,MW
2026-07-22T04:00:00Z,eb54fc4b-5408-449d-ba7b-521d0f40b752,Active power,BUD2BAC10.GU004.XJ57,20.16437610034614,MW
2026-07-22T03:00:00Z,eb54fc4b-5408-449d-ba7b-521d0f40b752,Active power,BUD2BAC10.GU004.XJ57,20.14900566313002,MW
2026-07-22T02:00:00Z,eb54fc4b-5408-449d-ba7b-521d0f40b752,Active power,BUD2BAC10.GU004.XJ57,20.15207368320889,MW
2026-07-22T01:00:00Z,eb54fc4b-5408-449d-ba7b-521d0f40b752,Active power,BUD2BAC10.GU004.XJ57,20.169883601860317,MW
2026-07-22T00:00:00Z,eb54fc4b-5408-449d-ba7b-521d0f40b752,Active power,BUD2BAC10.GU004.XJ57,20.700140023761325,MW
2026-07-21T23:00:00Z,eb54fc4b-5408-449d-ba7b-521d0f40b752,Active power,BUD2BAC10.GU004.XJ57,35.23366277588738,MW
2026-07-21T22:00:00Z,eb54fc4b-5408-449d-ba7b-521d0f40b752,Active power,BUD2BAC10.GU004.XJ57,37.03671935399374,MW
2026-07-21T21:00:00Z,eb54fc4b-5408-449d-ba7b-521d0f40b752,Active power,BUD2BAC10.GU004.XJ57,37.01417658276028,MW
2026-07-21T20:00:00Z,eb54fc4b-5408-449d-ba7b-521d0f40b752,Active power,BUD2BAC10.GU004.XJ57,39.82305865770452,MW
2026-07-21T19:00:00Z,eb54fc4b-5408-449d-ba7b-521d0f40b752,Active power,BUD2BAC10.GU004.XJ57,40.07691442913479,MW
2026-07-21T18:00:00Z,eb54fc4b-5408-449d-ba7b-521d0f40b752,Active power,BUD2BAC10.GU004.XJ57,46.21464045630561,MW
2026-07-21T17:00:00Z,eb54fc4b-5408-449d-ba7b-521d0f40b752,Active power,BUD2BAC10.GU004.XJ57,28.196265176137288,MW
2026-07-21T16:00:00Z,eb54fc4b-5408-449d-ba7b-521d0f40b752,Active power,BUD2BAC10.GU004.XJ57,21.968708958095974,MW
2026-07-21T15:00:00Z,eb54fc4b-5408-449d-ba7b-521d0f40b752,Active power,BUD2BAC10.GU004.XJ57,27.070140354637303,MW
2026-07-21T14:00:00Z,eb54fc4b-5408-449d-ba7b-521d0f40b752,Active power,BUD2BAC10.GU004.XJ57,31.35605511665344,MW
2026-07-21T13:00:00Z,eb54fc4b-5408-449d-ba7b-521d0f40b752,Active power,BUD2BAC10.GU004.XJ57,21.26456682735019,MW
2026-07-21T12:00:00Z,eb54fc4b-5408-449d-ba7b-521d0f40b752,Active power,BUD2BAC10.GU004.XJ57,20.51603900379605,MW
2026-07-21T11:00:00Z,eb54fc4b-5408-449d-ba7b-521d0f40b752,Active power,BUD2BAC10.GU004.XJ57,43.48682240804037,MW
2026-07-21T10:00:00Z,eb54fc4b-5408-449d-ba7b-521d0f40b752,Active power,BUD2BAC10.GU004.XJ57,43.62112965989338,MW
2026-07-21T09:00:00Z,eb54fc4b-5408-449d-ba7b-521d0f40b752,Active power,BUD2BAC10.GU004.XJ57,40.59552517573039,MW
2026-07-21T08:00:00Z,eb54fc4b-5408-449d-ba7b-521d0f40b752,Active power,BUD2BAC10.GU004.XJ57,34.71017646365696,MW
2026-07-21T07:00:00Z,eb54fc4b-5408-449d-ba7b-521d0f40b752,Active power,BUD2BAC10.GU004.XJ57,29.001438297695586,MW
2026-07-21T06:00:00Z,eb54fc4b-5408-449d-ba7b-521d0f40b752,Active power,BUD2BAC10.GU004.XJ57,26.577017736434936,MW
2026-07-21T05:00:00Z,eb54fc4b-5408-449d-ba7b-521d0f40b752,Active power,BUD2BAC10.GU004.XJ57,20.21820519804093,MW
2026-07-21T04:00:00Z,eb54fc4b-5408-449d-ba7b-521d0f40b752,Active power,BUD2BAC10.GU004.XJ57,20.146712537341646,MW
2026-07-21T03:00:00Z,eb54fc4b-5408-449d-ba7b-521d0f40b752,Active power,BUD2BAC10.GU004.XJ57,20.181801998350355,MW
2026-07-21T02:00:00Z,eb54fc4b-5408-449d-ba7b-521d0f40b752,Active power,BUD2BAC10.GU004.XJ57,25.92782413482666,MW
2026-07-21T01:00:00Z,eb54fc4b-5408-449d-ba7b-521d0f40b752,Active power,BUD2BAC10.GU004.XJ57,23.439183865653142,MW
2026-07-21T00:00:00Z,eb54fc4b-5408-449d-ba7b-521d0f40b752,Active power,BUD2BAC10.GU004.XJ57,23.51458460334409,MW
2026-07-20T23:00:00Z,eb54fc4b-5408-449d-ba7b-521d0f40b752,Active power,BUD2BAC10.GU004.XJ57,36.90591197755602,MW
2026-07-20T22:00:00Z,eb54fc4b-5408-449d-ba7b-521d0f40b752,Active power,BUD2BAC10.GU004.XJ57,43.40519024319119,MW
2026-07-20T21:00:00Z,eb54fc4b-5408-449d-ba7b-521d0f40b752,Active power,BUD2BAC10.GU004.XJ57,47.118372544828595,MW
2026-07-20T20:00:00Z,eb54fc4b-5408-449d-ba7b-521d0f40b752,Active power,BUD2BAC10.GU004.XJ57,42.38227223502265,MW
2026-07-20T19:00:00Z,eb54fc4b-5408-449d-ba7b-521d0f40b752,Active power,BUD2BAC10.GU004.XJ57,42.3173965771993,MW
2026-07-20T18:00:00Z,eb54fc4b-5408-449d-ba7b-521d0f40b752,Active power,BUD2BAC10.GU004.XJ57,40.53523884243435,MW
2026-07-20T17:00:00Z,eb54fc4b-5408-449d-ba7b-521d0f40b752,Active power,BUD2BAC10.GU004.XJ57,24.407134188546078,MW
2026-07-20T16:00:00Z,eb54fc4b-5408-449d-ba7b-521d0f40b752,Active power,BUD2BAC10.GU004.XJ57,31.894372381634184,MW
2026-07-20T15:00:00Z,eb54fc4b-5408-449d-ba7b-521d0f40b752,Active power,BUD2BAC10.GU004.XJ57,33.72968386332194,MW
2026-07-20T14:00:00Z,eb54fc4b-5408-449d-ba7b-521d0f40b752,Active power,BUD2BAC10.GU004.XJ57,35.87740797728814,MW
2026-07-20T13:00:00Z,eb54fc4b-5408-449d-ba7b-521d0f40b752,Active power,BUD2BAC10.GU004.XJ57,38.59718634075589,MW
2026-07-20T12:00:00Z,eb54fc4b-5408-449d-ba7b-521d0f40b752,Active power,BUD2BAC10.GU004.XJ57,39.693446720971,MW
2026-07-20T11:00:00Z,eb54fc4b-5408-449d-ba7b-521d0f40b752,Active power,BUD2BAC10.GU004.XJ57,44.09146362728543,MW
2026-07-20T10:00:00Z,eb54fc4b-5408-449d-ba7b-521d0f40b752,Active power,BUD2BAC10.GU004.XJ57,47.07095134847367,MW
2026-07-20T09:00:00Z,eb54fc4b-5408-449d-ba7b-521d0f40b752,Active power,BUD2BAC10.GU004.XJ57,37.92115956836277,MW
2026-07-20T08:00:00Z,eb54fc4b-5408-449d-ba7b-521d0f40b752,Active power,BUD2BAC10.GU004.XJ57,28.214675019090873,MW
2026-07-20T07:00:00Z,eb54fc4b-5408-449d-ba7b-521d0f40b752,Active power,BUD2BAC10.GU004.XJ57,37.82600393507215,MW
2026-07-20T06:00:00Z,eb54fc4b-5408-449d-ba7b-521d0f40b752,Active power,BUD2BAC10.GU004.XJ57,20.31151334263761,MW
2026-07-20T05:00:00Z,eb54fc4b-5408-449d-ba7b-521d0f40b752,Active power,BUD2BAC10.GU004.XJ57,20.82311068864765,MW
2026-07-20T04:00:00Z,eb54fc4b-5408-449d-ba7b-521d0f40b752,Active power,BUD2BAC10.GU004.XJ57,36.52491183174981,MW
2026-07-20T03:00:00Z,eb54fc4b-5408-449d-ba7b-521d0f40b752,Active power,BUD2BAC10.GU004.XJ57,38.5086384700058,MW
2026-07-20T02:00:00Z,eb54fc4b-5408-449d-ba7b-521d0f40b752,Active power,BUD2BAC10.GU004.XJ57,20.77348198890686,MW
2026-07-20T01:00:00Z,eb54fc4b-5408-449d-ba7b-521d0f40b752,Active power,BUD2BAC10.GU004.XJ57,20.821063913769194,MW
2026-07-20T00:00:00Z,eb54fc4b-5408-449d-ba7b-521d0f40b752,Active power,BUD2BAC10.GU004.XJ57,24.529349833594427,MW
2026-07-19T23:00:00Z,eb54fc4b-5408-449d-ba7b-521d0f40b752,Active power,BUD2BAC10.GU004.XJ57,30.518914262983532,MW
2026-07-19T22:00:00Z,eb54fc4b-5408-449d-ba7b-521d0f40b752,Active power,BUD2BAC10.GU004.XJ57,30.491936851700785,MW
2026-07-19T21:00:00Z,eb54fc4b-5408-449d-ba7b-521d0f40b752,Active power,BUD2BAC10.GU004.XJ57,32.2199130429162,MW
2026-07-19T20:00:00Z,eb54fc4b-5408-449d-ba7b-521d0f40b752,Active power,BUD2BAC10.GU004.XJ57,38.48183535841159,MW
2026-07-19T19:00:00Z,eb54fc4b-5408-449d-ba7b-521d0f40b752,Active power,BUD2BAC10.GU004.XJ57,35.18004711574979,MW
2026-07-19T18:00:00Z,eb54fc4b-5408-449d-ba7b-521d0f40b752,Active power,BUD2BAC10.GU004.XJ57,30.454147840354626,MW
2026-07-19T17:00:00Z,eb54fc4b-5408-449d-ba7b-521d0f40b752,Active power,BUD2BAC10.GU004.XJ57,25.277776225407916,MW
2026-07-19T16:00:00Z,eb54fc4b-5408-449d-ba7b-521d0f40b752,Active power,BUD2BAC10.GU004.XJ57,23.12717835744222,MW
2026-07-19T15:00:00Z,eb54fc4b-5408-449d-ba7b-521d0f40b752,Active power,BUD2BAC10.GU004.XJ57,27.989523657692803,MW
2026-07-19T14:00:00Z,eb54fc4b-5408-449d-ba7b-521d0f40b752,Active power,BUD2BAC10.GU004.XJ57,28.140828737876337,MW
2026-07-19T13:00:00Z,eb54fc4b-5408-449d-ba7b-521d0f40b752,Active power,BUD2BAC10.GU004.XJ57,28.14049233542548,MW
2026-07-19T12:00:00Z,eb54fc4b-5408-449d-ba7b-521d0f40b752,Active power,BUD2BAC10.GU004.XJ57,27.788879328797165,MW
2026-07-19T11:00:00Z,eb54fc4b-5408-449d-ba7b-521d0f40b752,Active power,BUD2BAC10.GU004.XJ57,25.004336340181307,MW
2026-07-19T10:00:00Z,eb54fc4b-5408-449d-ba7b-521d0f40b752,Active power,BUD2BAC10.GU004.XJ57,24.139527576906673,MW
2026-07-19T09:00:00Z,eb54fc4b-5408-449d-ba7b-521d0f40b752,Active power,BUD2BAC10.GU004.XJ57,26.04248135305656,MW
2026-07-19T08:00:00Z,eb54fc4b-5408-449d-ba7b-521d0f40b752,Active power,BUD2BAC10.GU004.XJ57,26.15368807898627,MW
2026-07-19T07:00:00Z,eb54fc4b-5408-449d-ba7b-521d0f40b752,Active power,BUD2BAC10.GU004.XJ57,35.4485813149351,MW
2026-07-19T06:00:00Z,eb54fc4b-5408-449d-ba7b-521d0f40b752,Active power,BUD2BAC10.GU004.XJ57,39.17876141067344,MW
2026-07-19T05:00:00Z,eb54fc4b-5408-449d-ba7b-521d0f40b752,Active power,BUD2BAC10.GU004.XJ57,39.17896050860843,MW
2026-07-19T04:00:00Z,eb54fc4b-5408-449d-ba7b-521d0f40b752,Active power,BUD2BAC10.GU004.XJ57,37.9477939330207,MW
2026-07-19T03:00:00Z,eb54fc4b-5408-449d-ba7b-521d0f40b752,Active power,BUD2BAC10.GU004.XJ57,35.45667858653598,MW
2026-07-19T02:00:00Z,eb54fc4b-5408-449d-ba7b-521d0f40b752,Active power,BUD2BAC10.GU004.XJ57,21.00339146508111,MW
2026-07-19T01:00:00Z,eb54fc4b-5408-449d-ba7b-521d0f40b752,Active power,BUD2BAC10.GU004.XJ57,20.142850224177042,MW
2026-07-19T00:00:00Z,eb54fc4b-5408-449d-ba7b-521d0f40b752,Active power,BUD2BAC10.GU004.XJ57,20.14232053327322,MW
2026-07-18T23:00:00Z,eb54fc4b-5408-449d-ba7b-521d0f40b752,Active power,BUD2BAC10.GU004.XJ57,20.159991918306492,MW
2026-07-18T22:00:00Z,eb54fc4b-5408-449d-ba7b-521d0f40b752,Active power,BUD2BAC10.GU004.XJ57,24.302962999343872,MW
2026-07-18T21:00:00Z,eb54fc4b-5408-449d-ba7b-521d0f40b752,Active power,BUD2BAC10.GU004.XJ57,24.46346492035777,MW
2026-07-18T20:00:00Z,eb54fc4b-5408-449d-ba7b-521d0f40b752,Active power,BUD2BAC10.GU004.XJ57,31.14485484510743,MW
2026-07-18T19:00:00Z,eb54fc4b-5408-449d-ba7b-521d0f40b752,Active power,BUD2BAC10.GU004.XJ57,32.1483531973097,MW
2026-07-18T18:00:00Z,eb54fc4b-5408-449d-ba7b-521d0f40b752,Active power,BUD2BAC10.GU004.XJ57,36.47615066324757,MW
2026-07-18T17:00:00Z,eb54fc4b-5408-449d-ba7b-521d0f40b752,Active power,BUD2BAC10.GU004.XJ57,28.75448903873323,MW
2026-07-18T16:00:00Z,eb54fc4b-5408-449d-ba7b-521d0f40b752,Active power,BUD2BAC10.GU004.XJ57,28.14387765460544,MW
2026-07-18T15:00:00Z,eb54fc4b-5408-449d-ba7b-521d0f40b752,Active power,BUD2BAC10.GU004.XJ57,28.148042334067544,MW
2026-07-18T14:00:00Z,eb54fc4b-5408-449d-ba7b-521d0f40b752,Active power,BUD2BAC10.GU004.XJ57,28.24806424988641,MW
2026-07-18T13:00:00Z,eb54fc4b-5408-449d-ba7b-521d0f40b752,Active power,BUD2BAC10.GU004.XJ57,30.38480423953283,MW
2026-07-18T12:00:00Z,eb54fc4b-5408-449d-ba7b-521d0f40b752,Active power,BUD2BAC10.GU004.XJ57,32.1526531791687,MW
2026-07-18T11:00:00Z,eb54fc4b-5408-449d-ba7b-521d0f40b752,Active power,BUD2BAC10.GU004.XJ57,27.202509568532307,MW
2026-07-18T10:00:00Z,eb54fc4b-5408-449d-ba7b-521d0f40b752,Active power,BUD2BAC10.GU004.XJ57,22.807361424763997,MW
2026-07-18T09:00:00Z,eb54fc4b-5408-449d-ba7b-521d0f40b752,Active power,BUD2BAC10.GU004.XJ57,21.106644061192878,MW
2026-07-18T08:00:00Z,eb54fc4b-5408-449d-ba7b-521d0f40b752,Active power,BUD2BAC10.GU004.XJ57,22.666725397109985,MW
2026-07-18T07:00:00Z,eb54fc4b-5408-449d-ba7b-521d0f40b752,Active power,BUD2BAC10.GU004.XJ57,21.036213142606947,MW
2026-07-18T06:00:00Z,eb54fc4b-5408-449d-ba7b-521d0f40b752,Active power,BUD2BAC10.GU004.XJ57,21.3400259092119,MW
2026-07-18T05:00:00Z,eb54fc4b-5408-449d-ba7b-521d0f40b752,Active power,BUD2BAC10.GU004.XJ57,21.328794112735324,MW
2026-07-18T04:00:00Z,eb54fc4b-5408-449d-ba7b-521d0f40b752,Active power,BUD2BAC10.GU004.XJ57,21.223213458591037,MW
2026-07-18T03:00:00Z,eb54fc4b-5408-449d-ba7b-521d0f40b752,Active power,BUD2BAC10.GU004.XJ57,23.294712594350177,MW
2026-07-18T02:00:00Z,eb54fc4b-5408-449d-ba7b-521d0f40b752,Active power,BUD2BAC10.GU004.XJ57,21.98261813269721,MW
2026-07-18T01:00:00Z,eb54fc4b-5408-449d-ba7b-521d0f40b752,Active power,BUD2BAC10.GU004.XJ57,21.705164185757766,MW
2026-07-18T00:00:00Z,eb54fc4b-5408-449d-ba7b-521d0f40b752,Active power,BUD2BAC10.GU004.XJ57,25.14282694498698,MW
2026-07-17T23:00:00Z,eb54fc4b-5408-449d-ba7b-521d0f40b752,Active power,BUD2BAC10.GU004.XJ57,20.15287240028381,MW
2026-07-17T22:00:00Z,eb54fc4b-5408-449d-ba7b-521d0f40b752,Active power,BUD2BAC10.GU004.XJ57,21.438734538820054,MW
2026-07-17T21:00:00Z,eb54fc4b-5408-449d-ba7b-521d0f40b752,Active power,BUD2BAC10.GU004.XJ57,24.918019592132485,MW
2026-07-17T20:00:00Z,eb54fc4b-5408-449d-ba7b-521d0f40b752,Active power,BUD2BAC10.GU004.XJ57,26.196965619639904,MW
2026-07-17T19:00:00Z,eb54fc4b-5408-449d-ba7b-521d0f40b752,Active power,BUD2BAC10.GU004.XJ57,29.526116274727716,MW
2026-07-17T18:00:00Z,eb54fc4b-5408-449d-ba7b-521d0f40b752,Active power,BUD2BAC10.GU004.XJ57,35.76273658328586,MW
2026-07-17T17:00:00Z,eb54fc4b-5408-449d-ba7b-521d0f40b752,Active power,BUD2BAC10.GU004.XJ57,35.10639514287313,MW
2026-07-17T16:00:00Z,eb54fc4b-5408-449d-ba7b-521d0f40b752,Active power,BUD2BAC10.GU004.XJ57,46.38654387580024,MW
2026-07-17T15:00:00Z,eb54fc4b-5408-449d-ba7b-521d0f40b752,Active power,BUD2BAC10.GU004.XJ57,46.2142099931505,MW
2026-07-17T14:00:00Z,eb54fc4b-5408-449d-ba7b-521d0f40b752,Active power,BUD2BAC10.GU004.XJ57,39.29294226776904,MW
2026-07-17T13:00:00Z,eb54fc4b-5408-449d-ba7b-521d0f40b752,Active power,BUD2BAC10.GU004.XJ57,46.85080286449856,MW
2026-07-17T12:00:00Z,eb54fc4b-5408-449d-ba7b-521d0f40b752,Active power,BUD2BAC10.GU004.XJ57,38.88227619894218,MW
2026-07-17T11:00:00Z,eb54fc4b-5408-449d-ba7b-521d0f40b752,Active power,BUD2BAC10.GU004.XJ57,27.847818405363295,MW
2026-07-17T10:00:00Z,eb54fc4b-5408-449d-ba7b-521d0f40b752,Active power,BUD2BAC10.GU004.XJ57,29.11263083775838,MW
2026-07-17T09:00:00Z,eb54fc4b-5408-449d-ba7b-521d0f40b752,Active power,BUD2BAC10.GU004.XJ57,35.11603529612223,MW
2026-07-17T08:00:00Z,eb54fc4b-5408-449d-ba7b-521d0f40b752,Active power,BUD2BAC10.GU004.XJ57,26.71475242190891,MW
2026-07-17T07:00:00Z,eb54fc4b-5408-449d-ba7b-521d0f40b752,Active power,BUD2BAC10.GU004.XJ57,28.445309277311555,MW
2026-07-17T06:00:00Z,eb54fc4b-5408-449d-ba7b-521d0f40b752,Active power,BUD2BAC10.GU004.XJ57,20.91980501492818,MW
2026-07-17T05:00:00Z,eb54fc4b-5408-449d-ba7b-521d0f40b752,Active power,BUD2BAC10.GU004.XJ57,20.70828287548489,MW
2026-07-17T04:00:00Z,eb54fc4b-5408-449d-ba7b-521d0f40b752,Active power,BUD2BAC10.GU004.XJ57,20.13756542099847,MW
2026-07-17T03:00:00Z,eb54fc4b-5408-449d-ba7b-521d0f40b752,Active power,BUD2BAC10.GU004.XJ57,20.17955130789015,MW
2026-07-17T02:00:00Z,eb54fc4b-5408-449d-ba7b-521d0f40b752,Active power,BUD2BAC10.GU004.XJ57,20.583807650672064,MW
2026-07-17T01:00:00Z,eb54fc4b-5408-449d-ba7b-521d0f40b752,Active power,BUD2BAC10.GU004.XJ57,20.54818371348911,MW
2026-07-17T00:00:00Z,eb54fc4b-5408-449d-ba7b-521d0f40b752,Active power,BUD2BAC10.GU004.XJ57,22.890988194591273,MW
2026-07-16T23:00:00Z,eb54fc4b-5408-449d-ba7b-521d0f40b752,Active power,BUD2BAC10.GU004.XJ57,24.550378993352254,MW
2026-07-16T22:00:00Z,eb54fc4b-5408-449d-ba7b-521d0f40b752,Active power,BUD2BAC10.GU004.XJ57,27.60851630634732,MW
2026-07-16T21:00:00Z,eb54fc4b-5408-449d-ba7b-521d0f40b752,Active power,BUD2BAC10.GU004.XJ57,29.97699944496155,MW
2026-07-16T20:00:00Z,eb54fc4b-5408-449d-ba7b-521d0f40b752,Active power,BUD2BAC10.GU004.XJ57,33.0620690536499,MW
2026-07-16T19:00:00Z,eb54fc4b-5408-449d-ba7b-521d0f40b752,Active power,BUD2BAC10.GU004.XJ57,36.37254988988241,MW
2026-07-16T18:00:00Z,eb54fc4b-5408-449d-ba7b-521d0f40b752,Active power,BUD2BAC10.GU004.XJ57,31.52691843032837,MW
2026-07-16T17:00:00Z,eb54fc4b-5408-449d-ba7b-521d0f40b752,Active power,BUD2BAC10.GU004.XJ57,37.78798892247538,MW
2026-07-16T16:00:00Z,eb54fc4b-5408-449d-ba7b-521d0f40b752,Active power,BUD2BAC10.GU004.XJ57,34.83785216826884,MW
2026-07-16T15:00:00Z,eb54fc4b-5408-449d-ba7b-521d0f40b752,Active power,BUD2BAC10.GU004.XJ57,33.255132274627684,MW
2026-07-16T14:00:00Z,eb54fc4b-5408-449d-ba7b-521d0f40b752,Active power,BUD2BAC10.GU004.XJ57,41.27098584493002,MW
2026-07-16T13:00:00Z,eb54fc4b-5408-449d-ba7b-521d0f40b752,Active power,BUD2BAC10.GU004.XJ57,31.859178633160063,MW
2026-07-16T12:00:00Z,eb54fc4b-5408-449d-ba7b-521d0f40b752,Active power,BUD2BAC10.GU004.XJ57,40.24265413708157,MW
2026-07-16T11:00:00Z,eb54fc4b-5408-449d-ba7b-521d0f40b752,Active power,BUD2BAC10.GU004.XJ57,39.90521525912815,MW
2026-07-16T10:00:00Z,eb54fc4b-5408-449d-ba7b-521d0f40b752,Active power,BUD2BAC10.GU004.XJ57,38.53702995724148,MW
2026-07-16T09:00:00Z,eb54fc4b-5408-449d-ba7b-521d0f40b752,Active power,BUD2BAC10.GU004.XJ57,39.14393113030328,MW
2026-07-16T08:00:00Z,eb54fc4b-5408-449d-ba7b-521d0f40b752,Active power,BUD2BAC10.GU004.XJ57,27.17883643044366,MW
2026-07-16T07:00:00Z,eb54fc4b-5408-449d-ba7b-521d0f40b752,Active power,BUD2BAC10.GU004.XJ57,27.05777196794036,MW
2026-07-16T06:00:00Z,eb54fc4b-5408-449d-ba7b-521d0f40b752,Active power,BUD2BAC10.GU004.XJ57,24.87441585752699,MW
2026-07-16T05:00:00Z,eb54fc4b-5408-449d-ba7b-521d0f40b752,Active power,BUD2BAC10.GU004.XJ57,20.238624345058206,MW
2026-07-16T04:00:00Z,eb54fc4b-5408-449d-ba7b-521d0f40b752,Active power,BUD2BAC10.GU004.XJ57,20.72601924366421,MW
2026-07-16T03:00:00Z,eb54fc4b-5408-449d-ba7b-521d0f40b752,Active power,BUD2BAC10.GU004.XJ57,22.075295270715177,MW
2026-07-16T02:00:00Z,eb54fc4b-5408-449d-ba7b-521d0f40b752,Active power,BUD2BAC10.GU004.XJ57,23.13334946314494,MW
2026-07-16T01:00:00Z,eb54fc4b-5408-449d-ba7b-521d0f40b752,Active power,BUD2BAC10.GU004.XJ57,24.892016252941556,MW
2026-07-16T00:00:00Z,eb54fc4b-5408-449d-ba7b-521d0f40b752,Active power,BUD2BAC10.GU004.XJ57,25.884132165908813,MW
2026-07-15T23:00:00Z,eb54fc4b-5408-449d-ba7b-521d0f40b752,Active power,BUD2BAC10.GU004.XJ57,27.102035472657946,MW
2026-07-15T22:00:00Z,eb54fc4b-5408-449d-ba7b-521d0f40b752,Active power,BUD2BAC10.GU004.XJ57,28.597225897440715,MW
2026-07-15T21:00:00Z,eb54fc4b-5408-449d-ba7b-521d0f40b752,Active power,BUD2BAC10.GU004.XJ57,30.344453224605985,MW
2026-07-15T20:00:00Z,eb54fc4b-5408-449d-ba7b-521d0f40b752,Active power,BUD2BAC10.GU004.XJ57,33.07789680798848,MW
2026-07-15T19:00:00Z,eb54fc4b-5408-449d-ba7b-521d0f40b752,Active power,BUD2BAC10.GU004.XJ57,37.93657511933238,MW
2026-07-15T18:00:00Z,eb54fc4b-5408-449d-ba7b-521d0f40b752,Active power,BUD2BAC10.GU004.XJ57,36.761948926713735,MW
2026-07-15T17:00:00Z,eb54fc4b-5408-449d-ba7b-521d0f40b752,Active power,BUD2BAC10.GU004.XJ57,35.54647687382168,MW
2026-07-15T16:00:00Z,eb54fc4b-5408-449d-ba7b-521d0f40b752,Active power,BUD2BAC10.GU004.XJ57,28.645095245251063,MW
2026-07-15T15:00:00Z,eb54fc4b-5408-449d-ba7b-521d0f40b752,Active power,BUD2BAC10.GU004.XJ57,37.52916100607978,MW
2026-07-15T14:00:00Z,eb54fc4b-5408-449d-ba7b-521d0f40b752,Active power,BUD2BAC10.GU004.XJ57,32.55502152442932,MW
2026-07-15T13:00:00Z,eb54fc4b-5408-449d-ba7b-521d0f40b752,Active power,BUD2BAC10.GU004.XJ57,29.28315250184801,MW
2026-07-15T12:00:00Z,eb54fc4b-5408-449d-ba7b-521d0f40b752,Active power,BUD2BAC10.GU004.XJ57,34.18486011922857,MW
2026-07-15T11:00:00Z,eb54fc4b-5408-449d-ba7b-521d0f40b752,Active power,BUD2BAC10.GU004.XJ57,37.68111206054687,MW
2026-07-15T10:00:00Z,eb54fc4b-5408-449d-ba7b-521d0f40b752,Active power,BUD2BAC10.GU004.XJ57,37.44167105021114,MW
2026-07-15T09:00:00Z,eb54fc4b-5408-449d-ba7b-521d0f40b752,Active power,BUD2BAC10.GU004.XJ57,41.1784958881802,MW
2026-07-15T08:00:00Z,eb54fc4b-5408-449d-ba7b-521d0f40b752,Active power,BUD2BAC10.GU004.XJ57,36.09670120663113,MW
2026-07-15T07:00:00Z,eb54fc4b-5408-449d-ba7b-521d0f40b752,Active power,BUD2BAC10.GU004.XJ57,30.628929884583503,MW
2026-07-15T06:00:00Z,eb54fc4b-5408-449d-ba7b-521d0f40b752,Active power,BUD2BAC10.GU004.XJ57,23.375676894717746,MW
2026-07-15T05:00:00Z,eb54fc4b-5408-449d-ba7b-521d0f40b752,Active power,BUD2BAC10.GU004.XJ57,21.22946754888139,MW
2026-07-15T04:00:00Z,eb54fc4b-5408-449d-ba7b-521d0f40b752,Active power,BUD2BAC10.GU004.XJ57,20.116556236440776,MW
2026-07-15T03:00:00Z,eb54fc4b-5408-449d-ba7b-521d0f40b752,Active power,BUD2BAC10.GU004.XJ57,21.09948231762214,MW
2026-07-15T02:00:00Z,eb54fc4b-5408-449d-ba7b-521d0f40b752,Active power,BUD2BAC10.GU004.XJ57,21.172824063830905,MW
2026-07-15T01:00:00Z,eb54fc4b-5408-449d-ba7b-521d0f40b752,Active power,BUD2BAC10.GU004.XJ57,23.96369429906209,MW
2026-07-15T00:00:00Z,eb54fc4b-5408-449d-ba7b-521d0f40b752,Active power,BUD2BAC10.GU004.XJ57,24.666391534895418,MW
2026-07-14T23:00:00Z,eb54fc4b-5408-449d-ba7b-521d0f40b752,Active power,BUD2BAC10.GU004.XJ57,24.0951153689984,MW
2026-07-14T22:00:00Z,eb54fc4b-5408-449d-ba7b-521d0f40b752,Active power,BUD2BAC10.GU004.XJ57,29.388662717396652,MW
2026-07-14T21:00:00Z,eb54fc4b-5408-449d-ba7b-521d0f40b752,Active power,BUD2BAC10.GU004.XJ57,38.03443459510803,MW
2026-07-14T20:00:00Z,eb54fc4b-5408-449d-ba7b-521d0f40b752,Active power,BUD2BAC10.GU004.XJ57,40.1256787552974,MW
2026-07-14T19:00:00Z,eb54fc4b-5408-449d-ba7b-521d0f40b752,Active power,BUD2BAC10.GU004.XJ57,40.09378618131153,MW
2026-07-14T18:00:00Z,eb54fc4b-5408-449d-ba7b-521d0f40b752,Active power,BUD2BAC10.GU004.XJ57,37.54961460712948,MW
2026-07-14T17:00:00Z,eb54fc4b-5408-449d-ba7b-521d0f40b752,Active power,BUD2BAC10.GU004.XJ57,36.69193102214786,MW
2026-07-14T16:00:00Z,eb54fc4b-5408-449d-ba7b-521d0f40b752,Active power,BUD2BAC10.GU004.XJ57,40.574113184611,MW
2026-07-14T15:00:00Z,eb54fc4b-5408-449d-ba7b-521d0f40b752,Active power,BUD2BAC10.GU004.XJ57,34.36468495681194,MW
2026-07-14T14:00:00Z,eb54fc4b-5408-449d-ba7b-521d0f40b752,Active power,BUD2BAC10.GU004.XJ57,35.60996858808729,MW
2026-07-14T13:00:00Z,eb54fc4b-5408-449d-ba7b-521d0f40b752,Active power,BUD2BAC10.GU004.XJ57,39.70729644351535,MW
2026-07-14T12:00:00Z,eb54fc4b-5408-449d-ba7b-521d0f40b752,Active power,BUD2BAC10.GU004.XJ57,43.98471842654079,MW
2026-07-14T11:00:00Z,eb54fc4b-5408-449d-ba7b-521d0f40b752,Active power,BUD2BAC10.GU004.XJ57,28.952414786020917,MW
2026-07-14T10:00:00Z,eb54fc4b-5408-449d-ba7b-521d0f40b752,Active power,BUD2BAC10.GU004.XJ57,42.99504229651557,MW
2026-07-14T09:00:00Z,eb54fc4b-5408-449d-ba7b-521d0f40b752,Active power,BUD2BAC10.GU004.XJ57,37.92166172277941,MW
2026-07-14T08:00:00Z,eb54fc4b-5408-449d-ba7b-521d0f40b752,Active power,BUD2BAC10.GU004.XJ57,30.813140149646333,MW
2026-07-14T07:00:00Z,eb54fc4b-5408-449d-ba7b-521d0f40b752,Active power,BUD2BAC10.GU004.XJ57,27.42056386735704,MW
2026-07-14T06:00:00Z,eb54fc4b-5408-449d-ba7b-521d0f40b752,Active power,BUD2BAC10.GU004.XJ57,21.83412188635932,MW
2026-07-14T05:00:00Z,eb54fc4b-5408-449d-ba7b-521d0f40b752,Active power,BUD2BAC10.GU004.XJ57,20.326770726278664,MW
2026-07-14T04:00:00Z,eb54fc4b-5408-449d-ba7b-521d0f40b752,Active power,BUD2BAC10.GU004.XJ57,20.438396157158746,MW
2026-07-14T03:00:00Z,eb54fc4b-5408-449d-ba7b-521d0f40b752,Active power,BUD2BAC10.GU004.XJ57,20.62009547975328,MW
2026-07-14T02:00:00Z,eb54fc4b-5408-449d-ba7b-521d0f40b752,Active power,BUD2BAC10.GU004.XJ57,21.47686716849641,MW
2026-07-14T01:00:00Z,eb54fc4b-5408-449d-ba7b-521d0f40b752,Active power,BUD2BAC10.GU004.XJ57,28.59334415942017,MW
2026-07-14T00:00:00Z,eb54fc4b-5408-449d-ba7b-521d0f40b752,Active power,BUD2BAC10.GU004.XJ57,32.18977633794149,MW
2026-07-13T23:00:00Z,eb54fc4b-5408-449d-ba7b-521d0f40b752,Active power,BUD2BAC10.GU004.XJ57,23.68598337173462,MW
2026-07-13T22:00:00Z,eb54fc4b-5408-449d-ba7b-521d0f40b752,Active power,BUD2BAC10.GU004.XJ57,25.9670558227573,MW
2026-07-13T21:00:00Z,eb54fc4b-5408-449d-ba7b-521d0f40b752,Active power,BUD2BAC10.GU004.XJ57,23.52531190766229,MW
2026-07-13T20:00:00Z,eb54fc4b-5408-449d-ba7b-521d0f40b752,Active power,BUD2BAC10.GU004.XJ57,39.35519583172268,MW
2026-07-13T19:00:00Z,eb54fc4b-5408-449d-ba7b-521d0f40b752,Active power,BUD2BAC10.GU004.XJ57,46.99057749206984,MW
2026-07-13T18:00:00Z,eb54fc4b-5408-449d-ba7b-521d0f40b752,Active power,BUD2BAC10.GU004.XJ57,40.0178303803338,MW
2026-07-13T17:00:00Z,eb54fc4b-5408-449d-ba7b-521d0f40b752,Active power,BUD2BAC10.GU004.XJ57,38.68096121258206,MW
2026-07-13T16:00:00Z,eb54fc4b-5408-449d-ba7b-521d0f40b752,Active power,BUD2BAC10.GU004.XJ57,37.57124812655979,MW
2026-07-13T15:00:00Z,eb54fc4b-5408-449d-ba7b-521d0f40b752,Active power,BUD2BAC10.GU004.XJ57,31.794476380878024,MW
2026-07-13T14:00:00Z,eb54fc4b-5408-449d-ba7b-521d0f40b752,Active power,BUD2BAC10.GU004.XJ57,37.02942728678385,MW
2026-07-13T13:00:00Z,eb54fc4b-5408-449d-ba7b-521d0f40b752,Active power,BUD2BAC10.GU004.XJ57,38.98211349063449,MW
2026-07-13T12:00:00Z,eb54fc4b-5408-449d-ba7b-521d0f40b752,Active power,BUD2BAC10.GU004.XJ57,38.12804434906787,MW
2026-07-13T11:00:00Z,eb54fc4b-5408-449d-ba7b-521d0f40b752,Active power,BUD2BAC10.GU004.XJ57,36.58190747367011,MW
2026-07-13T10:00:00Z,eb54fc4b-5408-449d-ba7b-521d0f40b752,Active power,BUD2BAC10.GU004.XJ57,34.80091494454278,MW
2026-07-13T09:00:00Z,eb54fc4b-5408-449d-ba7b-521d0f40b752,Active power,BUD2BAC10.GU004.XJ57,31.711170886741076,MW
2026-07-13T08:00:00Z,eb54fc4b-5408-449d-ba7b-521d0f40b752,Active power,BUD2BAC10.GU004.XJ57,31.313031165864732,MW
2026-07-13T07:00:00Z,eb54fc4b-5408-449d-ba7b-521d0f40b752,Active power,BUD2BAC10.GU004.XJ57,35.06353796535068,MW
2026-07-13T06:00:00Z,eb54fc4b-5408-449d-ba7b-521d0f40b752,Active power,BUD2BAC10.GU004.XJ57,23.092751739290026,MW
2026-07-13T05:00:00Z,eb54fc4b-5408-449d-ba7b-521d0f40b752,Active power,BUD2BAC10.GU004.XJ57,21.29774899482727,MW
2026-07-13T04:00:00Z,eb54fc4b-5408-449d-ba7b-521d0f40b752,Active power,BUD2BAC10.GU004.XJ57,21.723863146040173,MW
2026-07-13T03:00:00Z,eb54fc4b-5408-449d-ba7b-521d0f40b752,Active power,BUD2BAC10.GU004.XJ57,21.966721790101793,MW
2026-07-13T02:00:00Z,eb54fc4b-5408-449d-ba7b-521d0f40b752,Active power,BUD2BAC10.GU004.XJ57,22.892444469663833,MW
2026-07-13T01:00:00Z,eb54fc4b-5408-449d-ba7b-521d0f40b752,Active power,BUD2BAC10.GU004.XJ57,23.787988352245755,MW
2026-07-13T00:00:00Z,eb54fc4b-5408-449d-ba7b-521d0f40b752,Active power,BUD2BAC10.GU004.XJ57,29.438840884102717,MW
2026-07-12T23:00:00Z,eb54fc4b-5408-449d-ba7b-521d0f40b752,Active power,BUD2BAC10.GU004.XJ57,36.29986828767479,MW
2026-07-12T22:00:00Z,eb54fc4b-5408-449d-ba7b-521d0f40b752,Active power,BUD2BAC10.GU004.XJ57,30.89050999747382,MW
2026-07-12T21:00:00Z,eb54fc4b-5408-449d-ba7b-521d0f40b752,Active power,BUD2BAC10.GU004.XJ57,36.5532583533393,MW
2026-07-12T20:00:00Z,eb54fc4b-5408-449d-ba7b-521d0f40b752,Active power,BUD2BAC10.GU004.XJ57,42.85655179129706,MW
2026-07-12T19:00:00Z,eb54fc4b-5408-449d-ba7b-521d0f40b752,Active power,BUD2BAC10.GU004.XJ57,28.84899136543274,MW
2026-07-12T18:00:00Z,eb54fc4b-5408-449d-ba7b-521d0f40b752,Active power,BUD2BAC10.GU004.XJ57,30.89713160938687,MW
2026-07-12T17:00:00Z,eb54fc4b-5408-449d-ba7b-521d0f40b752,Active power,BUD2BAC10.GU004.XJ57,37.31987121158176,MW
2026-07-12T16:00:00Z,eb54fc4b-5408-449d-ba7b-521d0f40b752,Active power,BUD2BAC10.GU004.XJ57,32.08517302831014,MW
2026-07-12T15:00:00Z,eb54fc4b-5408-449d-ba7b-521d0f40b752,Active power,BUD2BAC10.GU004.XJ57,31.415699361165363,MW
2026-07-12T14:00:00Z,eb54fc4b-5408-449d-ba7b-521d0f40b752,Active power,BUD2BAC10.GU004.XJ57,34.31759618971083,MW
2026-07-12T13:00:00Z,eb54fc4b-5408-449d-ba7b-521d0f40b752,Active power,BUD2BAC10.GU004.XJ57,36.20071505228678,MW
2026-07-12T12:00:00Z,eb54fc4b-5408-449d-ba7b-521d0f40b752,Active power,BUD2BAC10.GU004.XJ57,36.6450471856859,MW
2026-07-12T11:00:00Z,eb54fc4b-5408-449d-ba7b-521d0f40b752,Active power,BUD2BAC10.GU004.XJ57,31.55065089755588,MW
2026-07-12T10:00:00Z,eb54fc4b-5408-449d-ba7b-521d0f40b752,Active power,BUD2BAC10.GU004.XJ57,25.466120663748846,MW
2026-07-12T09:00:00Z,eb54fc4b-5408-449d-ba7b-521d0f40b752,Active power,BUD2BAC10.GU004.XJ57,28.39088931948245,MW
2026-07-12T08:00:00Z,eb54fc4b-5408-449d-ba7b-521d0f40b752,Active power,BUD2BAC10.GU004.XJ57,22.175706917444867,MW
2026-07-12T07:00:00Z,eb54fc4b-5408-449d-ba7b-521d0f40b752,Active power,BUD2BAC10.GU004.XJ57,21.927843805948893,MW
2026-07-12T06:00:00Z,eb54fc4b-5408-449d-ba7b-521d0f40b752,Active power,BUD2BAC10.GU004.XJ57,30.008788143793744,MW
2026-07-12T05:00:00Z,eb54fc4b-5408-449d-ba7b-521d0f40b752,Active power,BUD2BAC10.GU004.XJ57,23.49233032650418,MW
2026-07-12T04:00:00Z,eb54fc4b-5408-449d-ba7b-521d0f40b752,Active power,BUD2BAC10.GU004.XJ57,24.09226003858778,MW
2026-07-12T03:00:00Z,eb54fc4b-5408-449d-ba7b-521d0f40b752,Active power,BUD2BAC10.GU004.XJ57,24.777708343030877,MW
2026-07-12T02:00:00Z,eb54fc4b-5408-449d-ba7b-521d0f40b752,Active power,BUD2BAC10.GU004.XJ57,29.931627883911133,MW
2026-07-12T01:00:00Z,eb54fc4b-5408-449d-ba7b-521d0f40b752,Active power,BUD2BAC10.GU004.XJ57,26.641736086739435,MW
2026-07-12T00:00:00Z,eb54fc4b-5408-449d-ba7b-521d0f40b752,Active power,BUD2BAC10.GU004.XJ57,27.39925143983629,MW
2026-07-11T23:00:00Z,eb54fc4b-5408-449d-ba7b-521d0f40b752,Active power,BUD2BAC10.GU004.XJ57,33.02164728694492,MW
2026-07-11T22:00:00Z,eb54fc4b-5408-449d-ba7b-521d0f40b752,Active power,BUD2BAC10.GU004.XJ57,35.43327581617567,MW
2026-07-11T21:00:00Z,eb54fc4b-5408-449d-ba7b-521d0f40b752,Active power,BUD2BAC10.GU004.XJ57,41.55941419389513,MW
2026-07-11T20:00:00Z,eb54fc4b-5408-449d-ba7b-521d0f40b752,Active power,BUD2BAC10.GU004.XJ57,38.397280080583364,MW
2026-07-11T19:00:00Z,eb54fc4b-5408-449d-ba7b-521d0f40b752,Active power,BUD2BAC10.GU004.XJ57,32.74407342992404,MW
2026-07-11T18:00:00Z,eb54fc4b-5408-449d-ba7b-521d0f40b752,Active power,BUD2BAC10.GU004.XJ57,38.72969422658285,MW
2026-07-11T17:00:00Z,eb54fc4b-5408-449d-ba7b-521d0f40b752,Active power,BUD2BAC10.GU004.XJ57,31.41888767089674,MW
2026-07-11T16:00:00Z,eb54fc4b-5408-449d-ba7b-521d0f40b752,Active power,BUD2BAC10.GU004.XJ57,28.86152331882053,MW
2026-07-11T15:00:00Z,eb54fc4b-5408-449d-ba7b-521d0f40b752,Active power,BUD2BAC10.GU004.XJ57,27.459183918230394,MW
2026-07-11T14:00:00Z,eb54fc4b-5408-449d-ba7b-521d0f40b752,Active power,BUD2BAC10.GU004.XJ57,30.81429695579181,MW
2026-07-11T13:00:00Z,eb54fc4b-5408-449d-ba7b-521d0f40b752,Active power,BUD2BAC10.GU004.XJ57,30.318162920210096,MW
2026-07-11T12:00:00Z,eb54fc4b-5408-449d-ba7b-521d0f40b752,Active power,BUD2BAC10.GU004.XJ57,30.297812535456984,MW
2026-07-11T11:00:00Z,eb54fc4b-5408-449d-ba7b-521d0f40b752,Active power,BUD2BAC10.GU004.XJ57,28.08612833558486,MW
2026-07-11T10:00:00Z,eb54fc4b-5408-449d-ba7b-521d0f40b752,Active power,BUD2BAC10.GU004.XJ57,20.24064986864726,MW
2026-07-11T09:00:00Z,eb54fc4b-5408-449d-ba7b-521d0f40b752,Active power,BUD2BAC10.GU004.XJ57,29.725700227949353,MW
2026-07-11T08:00:00Z,eb54fc4b-5408-449d-ba7b-521d0f40b752,Active power,BUD2BAC10.GU004.XJ57,20.22970819261339,MW
2026-07-11T07:00:00Z,eb54fc4b-5408-449d-ba7b-521d0f40b752,Active power,BUD2BAC10.GU004.XJ57,20.118166729187315,MW
2026-07-11T06:00:00Z,eb54fc4b-5408-449d-ba7b-521d0f40b752,Active power,BUD2BAC10.GU004.XJ57,20.12190333202589,MW
2026-07-11T05:00:00Z,eb54fc4b-5408-449d-ba7b-521d0f40b752,Active power,BUD2BAC10.GU004.XJ57,20.120823912090724,MW
2026-07-11T04:00:00Z,eb54fc4b-5408-449d-ba7b-521d0f40b752,Active power,BUD2BAC10.GU004.XJ57,20.12273720211453,MW
2026-07-11T03:00:00Z,eb54fc4b-5408-449d-ba7b-521d0f40b752,Active power,BUD2BAC10.GU004.XJ57,20.120860888071363,MW
2026-07-11T02:00:00Z,eb54fc4b-5408-449d-ba7b-521d0f40b752,Active power,BUD2BAC10.GU004.XJ57,20.28702273474799,MW
2026-07-11T01:00:00Z,eb54fc4b-5408-449d-ba7b-521d0f40b752,Active power,BUD2BAC10.GU004.XJ57,20.268481346287285,MW
2026-07-11T00:00:00Z,eb54fc4b-5408-449d-ba7b-521d0f40b752,Active power,BUD2BAC10.GU004.XJ57,20.42601083437602,MW
2026-07-10T23:00:00Z,eb54fc4b-5408-449d-ba7b-521d0f40b752,Active power,BUD2BAC10.GU004.XJ57,34.95068129009671,MW
2026-07-10T22:00:00Z,eb54fc4b-5408-449d-ba7b-521d0f40b752,Active power,BUD2BAC10.GU004.XJ57,36.7853875986735,MW
2026-07-10T21:00:00Z,eb54fc4b-5408-449d-ba7b-521d0f40b752,Active power,BUD2BAC10.GU004.XJ57,36.87216515040676,MW
2026-07-10T20:00:00Z,eb54fc4b-5408-449d-ba7b-521d0f40b752,Active power,BUD2BAC10.GU004.XJ57,35.87277013759592,MW
2026-07-10T19:00:00Z,eb54fc4b-5408-449d-ba7b-521d0f40b752,Active power,BUD2BAC10.GU004.XJ57,39.38736461508155,MW
2026-07-10T18:00:00Z,eb54fc4b-5408-449d-ba7b-521d0f40b752,Active power,BUD2BAC10.GU004.XJ57,46.57834251412295,MW
2026-07-10T17:00:00Z,eb54fc4b-5408-449d-ba7b-521d0f40b752,Active power,BUD2BAC10.GU004.XJ57,46.3214231239815,MW
2026-07-10T16:00:00Z,eb54fc4b-5408-449d-ba7b-521d0f40b752,Active power,BUD2BAC10.GU004.XJ57,46.50643196508396,MW
2026-07-10T15:00:00Z,eb54fc4b-5408-449d-ba7b-521d0f40b752,Active power,BUD2BAC10.GU004.XJ57,45.135509830051,MW
2026-07-10T14:00:00Z,eb54fc4b-5408-449d-ba7b-521d0f40b752,Active power,BUD2BAC10.GU004.XJ57,34.45890545950996,MW
2026-07-10T13:00:00Z,eb54fc4b-5408-449d-ba7b-521d0f40b752,Active power,BUD2BAC10.GU004.XJ57,46.33073105952553,MW
2026-07-10T12:00:00Z,eb54fc4b-5408-449d-ba7b-521d0f40b752,Active power,BUD2BAC10.GU004.XJ57,46.85101810728861,MW
2026-07-10T11:00:00Z,eb54fc4b-5408-449d-ba7b-521d0f40b752,Active power,BUD2BAC10.GU004.XJ57,46.86900753892747,MW
2026-07-10T10:00:00Z,eb54fc4b-5408-449d-ba7b-521d0f40b752,Active power,BUD2BAC10.GU004.XJ57,46.822765144772,MW
2026-07-10T09:00:00Z,eb54fc4b-5408-449d-ba7b-521d0f40b752,Active power,BUD2BAC10.GU004.XJ57,46.9937598723856,MW
2026-07-10T08:00:00Z,eb54fc4b-5408-449d-ba7b-521d0f40b752,Active power,BUD2BAC10.GU004.XJ57,46.913965567673095,MW
2026-07-10T07:00:00Z,eb54fc4b-5408-449d-ba7b-521d0f40b752,Active power,BUD2BAC10.GU004.XJ57,45.19374084472656,MW
2026-07-10T06:00:00Z,eb54fc4b-5408-449d-ba7b-521d0f40b752,Active power,BUD2BAC10.GU004.XJ57,43.96301501803928,MW
2026-07-10T05:00:00Z,eb54fc4b-5408-449d-ba7b-521d0f40b752,Active power,BUD2BAC10.GU004.XJ57,40.34076989537673,MW
2026-07-10T04:00:00Z,eb54fc4b-5408-449d-ba7b-521d0f40b752,Active power,BUD2BAC10.GU004.XJ57,39.027637990598485,MW
2026-07-10T03:00:00Z,eb54fc4b-5408-449d-ba7b-521d0f40b752,Active power,BUD2BAC10.GU004.XJ57,42.07920727774857,MW
2026-07-10T02:00:00Z,eb54fc4b-5408-449d-ba7b-521d0f40b752,Active power,BUD2BAC10.GU004.XJ57,43.24592956331041,MW
2026-07-10T01:00:00Z,eb54fc4b-5408-449d-ba7b-521d0f40b752,Active power,BUD2BAC10.GU004.XJ57,40.25773039499918,MW
2026-07-10T00:00:00Z,eb54fc4b-5408-449d-ba7b-521d0f40b752,Active power,BUD2BAC10.GU004.XJ57,43.92305041815691,MW
2026-07-09T23:00:00Z,eb54fc4b-5408-449d-ba7b-521d0f40b752,Active power,BUD2BAC10.GU004.XJ57,42.72624022063445,MW
2026-07-09T22:00:00Z,eb54fc4b-5408-449d-ba7b-521d0f40b752,Active power,BUD2BAC10.GU004.XJ57,45.487863995486855,MW
2026-07-09T21:00:00Z,eb54fc4b-5408-449d-ba7b-521d0f40b752,Active power,BUD2BAC10.GU004.XJ57,46.617265955607095,MW
2026-07-09T20:00:00Z,eb54fc4b-5408-449d-ba7b-521d0f40b752,Active power,BUD2BAC10.GU004.XJ57,36.26849554271931,MW
2026-07-09T19:00:00Z,eb54fc4b-5408-449d-ba7b-521d0f40b752,Active power,BUD2BAC10.GU004.XJ57,36.927840320220724,MW
2026-07-09T18:00:00Z,eb54fc4b-5408-449d-ba7b-521d0f40b752,Active power,BUD2BAC10.GU004.XJ57,38.6290896542867,MW
2026-07-09T17:00:00Z,eb54fc4b-5408-449d-ba7b-521d0f40b752,Active power,BUD2BAC10.GU004.XJ57,36.42782627953424,MW
2026-07-09T16:00:00Z,eb54fc4b-5408-449d-ba7b-521d0f40b752,Active power,BUD2BAC10.GU004.XJ57,32.483312623765734,MW
2026-07-09T15:00:00Z,eb54fc4b-5408-449d-ba7b-521d0f40b752,Active power,BUD2BAC10.GU004.XJ57,34.6322782029046,MW
2026-07-09T14:00:00Z,eb54fc4b-5408-449d-ba7b-521d0f40b752,Active power,BUD2BAC10.GU004.XJ57,29.9892906888326,MW
2026-07-09T13:00:00Z,eb54fc4b-5408-449d-ba7b-521d0f40b752,Active power,BUD2BAC10.GU004.XJ57,44.97924542321099,MW
2026-07-09T12:00:00Z,eb54fc4b-5408-449d-ba7b-521d0f40b752,Active power,BUD2BAC10.GU004.XJ57,44.91492249170939,MW
2026-07-09T11:00:00Z,eb54fc4b-5408-449d-ba7b-521d0f40b752,Active power,BUD2BAC10.GU004.XJ57,44.37441948784723,MW
2026-07-09T10:00:00Z,eb54fc4b-5408-449d-ba7b-521d0f40b752,Active power,BUD2BAC10.GU004.XJ57,44.53126393774604,MW
2026-07-09T09:00:00Z,eb54fc4b-5408-449d-ba7b-521d0f40b752,Active power,BUD2BAC10.GU004.XJ57,44.52269856073272,MW
2026-07-09T08:00:00Z,eb54fc4b-5408-449d-ba7b-521d0f40b752,Active power,BUD2BAC10.GU004.XJ57,44.74148541344537,MW
2026-07-09T07:00:00Z,eb54fc4b-5408-449d-ba7b-521d0f40b752,Active power,BUD2BAC10.GU004.XJ57,43.66356506559583,MW
2026-07-09T06:00:00Z,eb54fc4b-5408-449d-ba7b-521d0f40b752,Active power,BUD2BAC10.GU004.XJ57,38.36573379304674,MW
2026-07-09T05:00:00Z,eb54fc4b-5408-449d-ba7b-521d0f40b752,Active power,BUD2BAC10.GU004.XJ57,40.25730432934231,MW
2026-07-09T04:00:00Z,eb54fc4b-5408-449d-ba7b-521d0f40b752,Active power,BUD2BAC10.GU004.XJ57,40.30764534208509,MW
2026-07-09T03:00:00Z,eb54fc4b-5408-449d-ba7b-521d0f40b752,Active power,BUD2BAC10.GU004.XJ57,41.98190238952637,MW
2026-07-09T02:00:00Z,eb54fc4b-5408-449d-ba7b-521d0f40b752,Active power,BUD2BAC10.GU004.XJ57,43.35694009506285,MW
2026-07-09T01:00:00Z,eb54fc4b-5408-449d-ba7b-521d0f40b752,Active power,BUD2BAC10.GU004.XJ57,44.07063743803236,MW
2026-07-09T00:00:00Z,eb54fc4b-5408-449d-ba7b-521d0f40b752,Active power,BUD2BAC10.GU004.XJ57,39.53461645866793,MW
2026-07-08T23:00:00Z,eb54fc4b-5408-449d-ba7b-521d0f40b752,Active power,BUD2BAC10.GU004.XJ57,46.37337235911961,MW
2026-07-08T22:00:00Z,eb54fc4b-5408-449d-ba7b-521d0f40b752,Active power,BUD2BAC10.GU004.XJ57,45.96097532890451,MW
2026-07-08T21:00:00Z,eb54fc4b-5408-449d-ba7b-521d0f40b752,Active power,BUD2BAC10.GU004.XJ57,45.76396277745565,MW
2026-07-08T20:00:00Z,eb54fc4b-5408-449d-ba7b-521d0f40b752,Active power,BUD2BAC10.GU004.XJ57,45.0104491827223,MW
2026-07-08T19:00:00Z,eb54fc4b-5408-449d-ba7b-521d0f40b752,Active power,BUD2BAC10.GU004.XJ57,46.11473670959473,MW
2026-07-08T18:00:00Z,eb54fc4b-5408-449d-ba7b-521d0f40b752,Active power,BUD2BAC10.GU004.XJ57,46.28208126703898,MW
2026-07-08T17:00:00Z,eb54fc4b-5408-449d-ba7b-521d0f40b752,Active power,BUD2BAC10.GU004.XJ57,45.28718216790094,MW
2026-07-08T16:00:00Z,eb54fc4b-5408-449d-ba7b-521d0f40b752,Active power,BUD2BAC10.GU004.XJ57,45.946550439198816,MW
2026-07-08T15:00:00Z,eb54fc4b-5408-449d-ba7b-521d0f40b752,Active power,BUD2BAC10.GU004.XJ57,46.16878049470265,MW
2026-07-08T14:00:00Z,eb54fc4b-5408-449d-ba7b-521d0f40b752,Active power,BUD2BAC10.GU004.XJ57,46.6722765689426,MW
2026-07-08T13:00:00Z,eb54fc4b-5408-449d-ba7b-521d0f40b752,Active power,BUD2BAC10.GU004.XJ57,46.6622633488973,MW
2026-07-08T12:00:00Z,eb54fc4b-5408-449d-ba7b-521d0f40b752,Active power,BUD2BAC10.GU004.XJ57,45.50028931690362,MW
2026-07-08T11:00:00Z,eb54fc4b-5408-449d-ba7b-521d0f40b752,Active power,BUD2BAC10.GU004.XJ57,47.03814594904581,MW
2026-07-08T10:00:00Z,eb54fc4b-5408-449d-ba7b-521d0f40b752,Active power,BUD2BAC10.GU004.XJ57,46.24088225682577,MW
2026-07-08T09:00:00Z,eb54fc4b-5408-449d-ba7b-521d0f40b752,Active power,BUD2BAC10.GU004.XJ57,43.5145390425788,MW
2026-07-08T08:00:00Z,eb54fc4b-5408-449d-ba7b-521d0f40b752,Active power,BUD2BAC10.GU004.XJ57,39.10154888153076,MW
2026-07-08T07:00:00Z,eb54fc4b-5408-449d-ba7b-521d0f40b752,Active power,BUD2BAC10.GU004.XJ57,39.52718564775255,MW
2026-07-08T06:00:00Z,eb54fc4b-5408-449d-ba7b-521d0f40b752,Active power,BUD2BAC10.GU004.XJ57,39.16681506050958,MW
2026-07-08T05:00:00Z,eb54fc4b-5408-449d-ba7b-521d0f40b752,Active power,BUD2BAC10.GU004.XJ57,37.780348716311984,MW
2026-07-08T04:00:00Z,eb54fc4b-5408-449d-ba7b-521d0f40b752,Active power,BUD2BAC10.GU004.XJ57,38.43877176072863,MW
2026-07-08T03:00:00Z,eb54fc4b-5408-449d-ba7b-521d0f40b752,Active power,BUD2BAC10.GU004.XJ57,37.48161043802897,MW
2026-07-08T02:00:00Z,eb54fc4b-5408-449d-ba7b-521d0f40b752,Active power,BUD2BAC10.GU004.XJ57,37.88694606357151,MW
2026-07-08T01:00:00Z,eb54fc4b-5408-449d-ba7b-521d0f40b752,Active power,BUD2BAC10.GU004.XJ57,39.19437838236491,MW
2026-07-08T00:00:00Z,eb54fc4b-5408-449d-ba7b-521d0f40b752,Active power,BUD2BAC10.GU004.XJ57,39.89933006286621,MW
2026-07-07T23:00:00Z,eb54fc4b-5408-449d-ba7b-521d0f40b752,Active power,BUD2BAC10.GU004.XJ57,45.89142244974772,MW
2026-07-07T22:00:00Z,eb54fc4b-5408-449d-ba7b-521d0f40b752,Active power,BUD2BAC10.GU004.XJ57,46.45254992379083,MW
2026-07-07T21:00:00Z,eb54fc4b-5408-449d-ba7b-521d0f40b752,Active power,BUD2BAC10.GU004.XJ57,43.22451796865834,MW
2026-07-07T20:00:00Z,eb54fc4b-5408-449d-ba7b-521d0f40b752,Active power,BUD2BAC10.GU004.XJ57,46.86658454047309,MW
2026-07-07T19:00:00Z,eb54fc4b-5408-449d-ba7b-521d0f40b752,Active power,BUD2BAC10.GU004.XJ57,46.87948530409071,MW
2026-07-07T18:00:00Z,eb54fc4b-5408-449d-ba7b-521d0f40b752,Active power,BUD2BAC10.GU004.XJ57,46.87682553185357,MW
2026-07-07T17:00:00Z,eb54fc4b-5408-449d-ba7b-521d0f40b752,Active power,BUD2BAC10.GU004.XJ57,46.54416806326972,MW
2026-07-07T16:00:00Z,eb54fc4b-5408-449d-ba7b-521d0f40b752,Active power,BUD2BAC10.GU004.XJ57,46.68868099973889,MW
2026-07-07T15:00:00Z,eb54fc4b-5408-449d-ba7b-521d0f40b752,Active power,BUD2BAC10.GU004.XJ57,46.85707559633282,MW
2026-07-07T14:00:00Z,eb54fc4b-5408-449d-ba7b-521d0f40b752,Active power,BUD2BAC10.GU004.XJ57,47.15195441775852,MW
2026-07-07T13:00:00Z,eb54fc4b-5408-449d-ba7b-521d0f40b752,Active power,BUD2BAC10.GU004.XJ57,47.15043765104591,MW
2026-07-07T12:00:00Z,eb54fc4b-5408-449d-ba7b-521d0f40b752,Active power,BUD2BAC10.GU004.XJ57,47.1467296288635,MW
2026-07-07T11:00:00Z,eb54fc4b-5408-449d-ba7b-521d0f40b752,Active power,BUD2BAC10.GU004.XJ57,43.315759633382164,MW
2026-07-07T10:00:00Z,eb54fc4b-5408-449d-ba7b-521d0f40b752,Active power,BUD2BAC10.GU004.XJ57,41.34933368682861,MW
2026-07-07T09:00:00Z,eb54fc4b-5408-449d-ba7b-521d0f40b752,Active power,BUD2BAC10.GU004.XJ57,44.41501450644599,MW
2026-07-07T08:00:00Z,eb54fc4b-5408-449d-ba7b-521d0f40b752,Active power,BUD2BAC10.GU004.XJ57,41.4972337436676,MW
2026-07-07T07:00:00Z,eb54fc4b-5408-449d-ba7b-521d0f40b752,Active power,BUD2BAC10.GU004.XJ57,21.58785130182902,MW
2026-07-07T06:00:00Z,eb54fc4b-5408-449d-ba7b-521d0f40b752,Active power,BUD2BAC10.GU004.XJ57,35.98463785257387,MW
2026-07-07T05:00:00Z,eb54fc4b-5408-449d-ba7b-521d0f40b752,Active power,BUD2BAC10.GU004.XJ57,29.10429141970725,MW
2026-07-07T04:00:00Z,eb54fc4b-5408-449d-ba7b-521d0f40b752,Active power,BUD2BAC10.GU004.XJ57,27.32388776249356,MW
2026-07-07T03:00:00Z,eb54fc4b-5408-449d-ba7b-521d0f40b752,Active power,BUD2BAC10.GU004.XJ57,29.13606244828966,MW
2026-07-07T02:00:00Z,eb54fc4b-5408-449d-ba7b-521d0f40b752,Active power,BUD2BAC10.GU004.XJ57,33.457665031221175,MW
2026-07-07T01:00:00Z,eb54fc4b-5408-449d-ba7b-521d0f40b752,Active power,BUD2BAC10.GU004.XJ57,36.21320983886719,MW
2026-07-07T00:00:00Z,eb54fc4b-5408-449d-ba7b-521d0f40b752,Active power,BUD2BAC10.GU004.XJ57,37.42879001772225,MW
2026-07-06T23:00:00Z,eb54fc4b-5408-449d-ba7b-521d0f40b752,Active power,BUD2BAC10.GU004.XJ57,38.183474174075656,MW
2026-07-06T22:00:00Z,eb54fc4b-5408-449d-ba7b-521d0f40b752,Active power,BUD2BAC10.GU004.XJ57,35.9894905895657,MW
2026-07-06T21:00:00Z,eb54fc4b-5408-449d-ba7b-521d0f40b752,Active power,BUD2BAC10.GU004.XJ57,36.533197220696344,MW
2026-07-06T20:00:00Z,eb54fc4b-5408-449d-ba7b-521d0f40b752,Active power,BUD2BAC10.GU004.XJ57,42.51112816280789,MW
2026-07-06T19:00:00Z,eb54fc4b-5408-449d-ba7b-521d0f40b752,Active power,BUD2BAC10.GU004.XJ57,44.52410338719686,MW
2026-07-06T18:00:00Z,eb54fc4b-5408-449d-ba7b-521d0f40b752,Active power,BUD2BAC10.GU004.XJ57,45.9701196331448,MW
2026-07-06T17:00:00Z,eb54fc4b-5408-449d-ba7b-521d0f40b752,Active power,BUD2BAC10.GU004.XJ57,45.68217281873786,MW
2026-07-06T16:00:00Z,eb54fc4b-5408-449d-ba7b-521d0f40b752,Active power,BUD2BAC10.GU004.XJ57,42.801353689829504,MW
2026-07-06T15:00:00Z,eb54fc4b-5408-449d-ba7b-521d0f40b752,Active power,BUD2BAC10.GU004.XJ57,45.7221555519104,MW
2026-07-06T14:00:00Z,eb54fc4b-5408-449d-ba7b-521d0f40b752,Active power,BUD2BAC10.GU004.XJ57,43.152609028286406,MW
2026-07-06T13:00:00Z,eb54fc4b-5408-449d-ba7b-521d0f40b752,Active power,BUD2BAC10.GU004.XJ57,44.74383977254232,MW
2026-07-06T12:00:00Z,eb54fc4b-5408-449d-ba7b-521d0f40b752,Active power,BUD2BAC10.GU004.XJ57,43.78557856029934,MW
2026-07-06T11:00:00Z,eb54fc4b-5408-449d-ba7b-521d0f40b752,Active power,BUD2BAC10.GU004.XJ57,46.37306537479989,MW
2026-07-06T10:00:00Z,eb54fc4b-5408-449d-ba7b-521d0f40b752,Active power,BUD2BAC10.GU004.XJ57,46.84331888407718,MW
2026-07-06T09:00:00Z,eb54fc4b-5408-449d-ba7b-521d0f40b752,Active power,BUD2BAC10.GU004.XJ57,45.89032897821991,MW
2026-07-06T08:00:00Z,eb54fc4b-5408-449d-ba7b-521d0f40b752,Active power,BUD2BAC10.GU004.XJ57,39.37653976075509,MW
2026-07-06T07:00:00Z,eb54fc4b-5408-449d-ba7b-521d0f40b752,Active power,BUD2BAC10.GU004.XJ57,39.1576421462165,MW
2026-07-06T06:00:00Z,eb54fc4b-5408-449d-ba7b-521d0f40b752,Active power,BUD2BAC10.GU004.XJ57,37.20317788682733,MW
2026-07-06T05:00:00Z,eb54fc4b-5408-449d-ba7b-521d0f40b752,Active power,BUD2BAC10.GU004.XJ57,35.13559672567579,MW
2026-07-06T04:00:00Z,eb54fc4b-5408-449d-ba7b-521d0f40b752,Active power,BUD2BAC10.GU004.XJ57,28.101537610107556,MW
2026-07-06T03:00:00Z,eb54fc4b-5408-449d-ba7b-521d0f40b752,Active power,BUD2BAC10.GU004.XJ57,28.102149171829225,MW
2026-07-06T02:00:00Z,eb54fc4b-5408-449d-ba7b-521d0f40b752,Active power,BUD2BAC10.GU004.XJ57,28.104210055755733,MW
2026-07-06T01:00:00Z,eb54fc4b-5408-449d-ba7b-521d0f40b752,Active power,BUD2BAC10.GU004.XJ57,28.100013747753337,MW
2026-07-06T00:00:00Z,eb54fc4b-5408-449d-ba7b-521d0f40b752,Active power,BUD2BAC10.GU004.XJ57,28.097450948291353,MW
2026-07-05T23:00:00Z,eb54fc4b-5408-449d-ba7b-521d0f40b752,Active power,BUD2BAC10.GU004.XJ57,30.258372690412735,MW
2026-07-05T22:00:00Z,eb54fc4b-5408-449d-ba7b-521d0f40b752,Active power,BUD2BAC10.GU004.XJ57,34.02707002743731,MW
2026-07-05T21:00:00Z,eb54fc4b-5408-449d-ba7b-521d0f40b752,Active power,BUD2BAC10.GU004.XJ57,40.99069824854533,MW
2026-07-05T20:00:00Z,eb54fc4b-5408-449d-ba7b-521d0f40b752,Active power,BUD2BAC10.GU004.XJ57,43.59237318446675,MW
2026-07-05T19:00:00Z,eb54fc4b-5408-449d-ba7b-521d0f40b752,Active power,BUD2BAC10.GU004.XJ57,45.18693966759576,MW
2026-07-05T18:00:00Z,eb54fc4b-5408-449d-ba7b-521d0f40b752,Active power,BUD2BAC10.GU004.XJ57,45.17126041790004,MW
2026-07-05T17:00:00Z,eb54fc4b-5408-449d-ba7b-521d0f40b752,Active power,BUD2BAC10.GU004.XJ57,42.00163292355008,MW
2026-07-05T16:00:00Z,eb54fc4b-5408-449d-ba7b-521d0f40b752,Active power,BUD2BAC10.GU004.XJ57,40.51708298365275,MW
2026-07-05T15:00:00Z,eb54fc4b-5408-449d-ba7b-521d0f40b752,Active power,BUD2BAC10.GU004.XJ57,38.57941876305474,MW
2026-07-05T14:00:00Z,eb54fc4b-5408-449d-ba7b-521d0f40b752,Active power,BUD2BAC10.GU004.XJ57,39.36845610394602,MW
2026-07-05T13:00:00Z,eb54fc4b-5408-449d-ba7b-521d0f40b752,Active power,BUD2BAC10.GU004.XJ57,39.88962400860257,MW
2026-07-05T12:00:00Z,eb54fc4b-5408-449d-ba7b-521d0f40b752,Active power,BUD2BAC10.GU004.XJ57,38.63528494333942,MW
2026-07-05T11:00:00Z,eb54fc4b-5408-449d-ba7b-521d0f40b752,Active power,BUD2BAC10.GU004.XJ57,43.06930509355333,MW
2026-07-05T10:00:00Z,eb54fc4b-5408-449d-ba7b-521d0f40b752,Active power,BUD2BAC10.GU004.XJ57,30.8810483208701,MW
2026-07-05T08:00:00Z,eb54fc4b-5408-449d-ba7b-521d0f40b752,Active power,BUD2BAC10.GU004.XJ57,29.240062033534524,MW
2026-07-05T07:00:00Z,eb54fc4b-5408-449d-ba7b-521d0f40b752,Active power,BUD2BAC10.GU004.XJ57,32.69772737264633,MW
2026-07-05T06:00:00Z,eb54fc4b-5408-449d-ba7b-521d0f40b752,Active power,BUD2BAC10.GU004.XJ57,27.694180810716418,MW
2026-07-05T05:00:00Z,eb54fc4b-5408-449d-ba7b-521d0f40b752,Active power,BUD2BAC10.GU004.XJ57,27.5686023373074,MW
2026-07-05T04:00:00Z,eb54fc4b-5408-449d-ba7b-521d0f40b752,Active power,BUD2BAC10.GU004.XJ57,27.383885475794475,MW
2026-07-05T03:00:00Z,eb54fc4b-5408-449d-ba7b-521d0f40b752,Active power,BUD2BAC10.GU004.XJ57,27.849440004560684,MW
2026-07-05T02:00:00Z,eb54fc4b-5408-449d-ba7b-521d0f40b752,Active power,BUD2BAC10.GU004.XJ57,36.48170500437418,MW
2026-07-05T01:00:00Z,eb54fc4b-5408-449d-ba7b-521d0f40b752,Active power,BUD2BAC10.GU004.XJ57,33.29426013098823,MW
2026-07-05T00:00:00Z,eb54fc4b-5408-449d-ba7b-521d0f40b752,Active power,BUD2BAC10.GU004.XJ57,39.37817994647556,MW
2026-07-04T23:00:00Z,eb54fc4b-5408-449d-ba7b-521d0f40b752,Active power,BUD2BAC10.GU004.XJ57,25.957309298573666,MW
2026-07-04T22:00:00Z,eb54fc4b-5408-449d-ba7b-521d0f40b752,Active power,BUD2BAC10.GU004.XJ57,30.36560387428703,MW
2026-07-04T21:00:00Z,eb54fc4b-5408-449d-ba7b-521d0f40b752,Active power,BUD2BAC10.GU004.XJ57,37.71660953074313,MW
2026-07-04T20:00:00Z,eb54fc4b-5408-449d-ba7b-521d0f40b752,Active power,BUD2BAC10.GU004.XJ57,43.32395466486613,MW
2026-07-04T19:00:00Z,eb54fc4b-5408-449d-ba7b-521d0f40b752,Active power,BUD2BAC10.GU004.XJ57,42.08469489682311,MW
2026-07-04T18:00:00Z,eb54fc4b-5408-449d-ba7b-521d0f40b752,Active power,BUD2BAC10.GU004.XJ57,33.389960553910996,MW
2026-07-04T17:00:00Z,eb54fc4b-5408-449d-ba7b-521d0f40b752,Active power,BUD2BAC10.GU004.XJ57,34.41296750280592,MW
2026-07-04T16:00:00Z,eb54fc4b-5408-449d-ba7b-521d0f40b752,Active power,BUD2BAC10.GU004.XJ57,38.33312974710342,MW
2026-07-04T15:00:00Z,eb54fc4b-5408-449d-ba7b-521d0f40b752,Active power,BUD2BAC10.GU004.XJ57,33.26380329227501,MW
2026-07-04T14:00:00Z,eb54fc4b-5408-449d-ba7b-521d0f40b752,Active power,BUD2BAC10.GU004.XJ57,43.5325311357373,MW
2026-07-04T13:00:00Z,eb54fc4b-5408-449d-ba7b-521d0f40b752,Active power,BUD2BAC10.GU004.XJ57,44.45790773603651,MW
2026-07-04T12:00:00Z,eb54fc4b-5408-449d-ba7b-521d0f40b752,Active power,BUD2BAC10.GU004.XJ57,37.43717879655956,MW
2026-07-04T11:00:00Z,eb54fc4b-5408-449d-ba7b-521d0f40b752,Active power,BUD2BAC10.GU004.XJ57,35.38626886367798,MW
2026-07-04T10:00:00Z,eb54fc4b-5408-449d-ba7b-521d0f40b752,Active power,BUD2BAC10.GU004.XJ57,33.11496619330512,MW
2026-07-04T09:00:00Z,eb54fc4b-5408-449d-ba7b-521d0f40b752,Active power,BUD2BAC10.GU004.XJ57,42.21615440156725,MW
2026-07-04T08:00:00Z,eb54fc4b-5408-449d-ba7b-521d0f40b752,Active power,BUD2BAC10.GU004.XJ57,32.45048813607958,MW
2026-07-04T07:00:00Z,eb54fc4b-5408-449d-ba7b-521d0f40b752,Active power,BUD2BAC10.GU004.XJ57,34.1818998486118,MW
2026-07-04T06:00:00Z,eb54fc4b-5408-449d-ba7b-521d0f40b752,Active power,BUD2BAC10.GU004.XJ57,28.63264448483785,MW
2026-07-04T05:00:00Z,eb54fc4b-5408-449d-ba7b-521d0f40b752,Active power,BUD2BAC10.GU004.XJ57,28.292339867485897,MW
2026-07-04T04:00:00Z,eb54fc4b-5408-449d-ba7b-521d0f40b752,Active power,BUD2BAC10.GU004.XJ57,27.567327084840834,MW
2026-07-04T03:00:00Z,eb54fc4b-5408-449d-ba7b-521d0f40b752,Active power,BUD2BAC10.GU004.XJ57,27.88123160150316,MW
2026-07-04T02:00:00Z,eb54fc4b-5408-449d-ba7b-521d0f40b752,Active power,BUD2BAC10.GU004.XJ57,27.839497326875836,MW
2026-07-04T01:00:00Z,eb54fc4b-5408-449d-ba7b-521d0f40b752,Active power,BUD2BAC10.GU004.XJ57,35.63590074115329,MW
2026-07-04T00:00:00Z,eb54fc4b-5408-449d-ba7b-521d0f40b752,Active power,BUD2BAC10.GU004.XJ57,28.66696392589145,MW
2026-07-03T23:00:00Z,eb54fc4b-5408-449d-ba7b-521d0f40b752,Active power,BUD2BAC10.GU004.XJ57,36.91638431337145,MW
2026-07-03T22:00:00Z,eb54fc4b-5408-449d-ba7b-521d0f40b752,Active power,BUD2BAC10.GU004.XJ57,43.28517331541612,MW
2026-07-03T21:00:00Z,eb54fc4b-5408-449d-ba7b-521d0f40b752,Active power,BUD2BAC10.GU004.XJ57,45.65270643902568,MW
2026-07-03T20:00:00Z,eb54fc4b-5408-449d-ba7b-521d0f40b752,Active power,BUD2BAC10.GU004.XJ57,38.2057110786438,MW
2026-07-03T19:00:00Z,eb54fc4b-5408-449d-ba7b-521d0f40b752,Active power,BUD2BAC10.GU004.XJ57,41.37830160352919,MW
2026-07-03T18:00:00Z,eb54fc4b-5408-449d-ba7b-521d0f40b752,Active power,BUD2BAC10.GU004.XJ57,45.94363601260715,MW
2026-07-03T17:00:00Z,eb54fc4b-5408-449d-ba7b-521d0f40b752,Active power,BUD2BAC10.GU004.XJ57,44.54565455769088,MW
2026-07-03T16:00:00Z,eb54fc4b-5408-449d-ba7b-521d0f40b752,Active power,BUD2BAC10.GU004.XJ57,41.39895968967014,MW
2026-07-03T15:00:00Z,eb54fc4b-5408-449d-ba7b-521d0f40b752,Active power,BUD2BAC10.GU004.XJ57,35.93399134953817,MW
2026-07-03T14:00:00Z,eb54fc4b-5408-449d-ba7b-521d0f40b752,Active power,BUD2BAC10.GU004.XJ57,31.113342990875243,MW
2026-07-03T13:00:00Z,eb54fc4b-5408-449d-ba7b-521d0f40b752,Active power,BUD2BAC10.GU004.XJ57,32.59756108613197,MW
2026-07-03T12:00:00Z,eb54fc4b-5408-449d-ba7b-521d0f40b752,Active power,BUD2BAC10.GU004.XJ57,32.66368076748318,MW
2026-07-03T11:00:00Z,eb54fc4b-5408-449d-ba7b-521d0f40b752,Active power,BUD2BAC10.GU004.XJ57,43.54809177186754,MW
2026-07-03T10:00:00Z,eb54fc4b-5408-449d-ba7b-521d0f40b752,Active power,BUD2BAC10.GU004.XJ57,34.92350444581774,MW
2026-07-03T09:00:00Z,eb54fc4b-5408-449d-ba7b-521d0f40b752,Active power,BUD2BAC10.GU004.XJ57,33.3566868548923,MW
2026-07-03T08:00:00Z,eb54fc4b-5408-449d-ba7b-521d0f40b752,Active power,BUD2BAC10.GU004.XJ57,29.625307046042547,MW
2026-07-03T07:00:00Z,eb54fc4b-5408-449d-ba7b-521d0f40b752,Active power,BUD2BAC10.GU004.XJ57,35.691160373687744,MW
2026-07-03T06:00:00Z,eb54fc4b-5408-449d-ba7b-521d0f40b752,Active power,BUD2BAC10.GU004.XJ57,33.69742646111383,MW
2026-07-03T05:00:00Z,eb54fc4b-5408-449d-ba7b-521d0f40b752,Active power,BUD2BAC10.GU004.XJ57,31.359354323281185,MW
2026-07-03T04:00:00Z,eb54fc4b-5408-449d-ba7b-521d0f40b752,Active power,BUD2BAC10.GU004.XJ57,30.616672818925647,MW
2026-07-03T03:00:00Z,eb54fc4b-5408-449d-ba7b-521d0f40b752,Active power,BUD2BAC10.GU004.XJ57,30.184658818568483,MW
2026-07-03T02:00:00Z,eb54fc4b-5408-449d-ba7b-521d0f40b752,Active power,BUD2BAC10.GU004.XJ57,27.80358520931668,MW
2026-07-03T01:00:00Z,eb54fc4b-5408-449d-ba7b-521d0f40b752,Active power,BUD2BAC10.GU004.XJ57,32.206756273905434,MW
2026-07-03T00:00:00Z,eb54fc4b-5408-449d-ba7b-521d0f40b752,Active power,BUD2BAC10.GU004.XJ57,34.42829640070597,MW
2026-07-02T23:00:00Z,eb54fc4b-5408-449d-ba7b-521d0f40b752,Active power,BUD2BAC10.GU004.XJ57,39.20332324133979,MW
2026-07-02T22:00:00Z,eb54fc4b-5408-449d-ba7b-521d0f40b752,Active power,BUD2BAC10.GU004.XJ57,34.31711000860467,MW
2026-07-02T21:00:00Z,eb54fc4b-5408-449d-ba7b-521d0f40b752,Active power,BUD2BAC10.GU004.XJ57,36.93533003277249,MW
2026-07-02T20:00:00Z,eb54fc4b-5408-449d-ba7b-521d0f40b752,Active power,BUD2BAC10.GU004.XJ57,42.10260677549574,MW
2026-07-02T19:00:00Z,eb54fc4b-5408-449d-ba7b-521d0f40b752,Active power,BUD2BAC10.GU004.XJ57,35.22654571321276,MW
2026-07-02T18:00:00Z,eb54fc4b-5408-449d-ba7b-521d0f40b752,Active power,BUD2BAC10.GU004.XJ57,35.26652241388957,MW
2026-07-02T17:00:00Z,eb54fc4b-5408-449d-ba7b-521d0f40b752,Active power,BUD2BAC10.GU004.XJ57,34.42062712563409,MW
2026-07-02T16:00:00Z,eb54fc4b-5408-449d-ba7b-521d0f40b752,Active power,BUD2BAC10.GU004.XJ57,35.95882618162367,MW
2026-07-02T15:00:00Z,eb54fc4b-5408-449d-ba7b-521d0f40b752,Active power,BUD2BAC10.GU004.XJ57,36.3046228006151,MW
2026-07-02T14:00:00Z,eb54fc4b-5408-449d-ba7b-521d0f40b752,Active power,BUD2BAC10.GU004.XJ57,33.160669904606024,MW
2026-07-02T13:00:00Z,eb54fc4b-5408-449d-ba7b-521d0f40b752,Active power,BUD2BAC10.GU004.XJ57,37.49775517894667,MW
2026-07-02T12:00:00Z,eb54fc4b-5408-449d-ba7b-521d0f40b752,Active power,BUD2BAC10.GU004.XJ57,37.270298642052545,MW
2026-07-02T11:00:00Z,eb54fc4b-5408-449d-ba7b-521d0f40b752,Active power,BUD2BAC10.GU004.XJ57,40.1636173318266,MW
2026-07-02T10:00:00Z,eb54fc4b-5408-449d-ba7b-521d0f40b752,Active power,BUD2BAC10.GU004.XJ57,38.96891428629557,MW
2026-07-02T09:00:00Z,eb54fc4b-5408-449d-ba7b-521d0f40b752,Active power,BUD2BAC10.GU004.XJ57,38.58030436197917,MW
2026-07-02T08:00:00Z,eb54fc4b-5408-449d-ba7b-521d0f40b752,Active power,BUD2BAC10.GU004.XJ57,44.76778080834283,MW
2026-07-02T07:00:00Z,eb54fc4b-5408-449d-ba7b-521d0f40b752,Active power,BUD2BAC10.GU004.XJ57,36.51705757141113,MW
2026-07-02T06:00:00Z,eb54fc4b-5408-449d-ba7b-521d0f40b752,Active power,BUD2BAC10.GU004.XJ57,33.89126210957517,MW
2026-07-02T05:00:00Z,eb54fc4b-5408-449d-ba7b-521d0f40b752,Active power,BUD2BAC10.GU004.XJ57,36.94228524949816,MW
2026-07-02T04:00:00Z,eb54fc4b-5408-449d-ba7b-521d0f40b752,Active power,BUD2BAC10.GU004.XJ57,36.35934760623508,MW
2026-07-02T03:00:00Z,eb54fc4b-5408-449d-ba7b-521d0f40b752,Active power,BUD2BAC10.GU004.XJ57,36.95184276820156,MW
2026-07-02T02:00:00Z,eb54fc4b-5408-449d-ba7b-521d0f40b752,Active power,BUD2BAC10.GU004.XJ57,38.04443406185,MW
2026-07-02T01:00:00Z,eb54fc4b-5408-449d-ba7b-521d0f40b752,Active power,BUD2BAC10.GU004.XJ57,38.04141264809503,MW
2026-07-02T00:00:00Z,eb54fc4b-5408-449d-ba7b-521d0f40b752,Active power,BUD2BAC10.GU004.XJ57,37.62834467312705,MW
2026-07-01T23:00:00Z,eb54fc4b-5408-449d-ba7b-521d0f40b752,Active power,BUD2BAC10.GU004.XJ57,40.205813444435165,MW
2026-07-01T22:00:00Z,eb54fc4b-5408-449d-ba7b-521d0f40b752,Active power,BUD2BAC10.GU004.XJ57,38.39073016908434,MW
2026-07-01T21:00:00Z,eb54fc4b-5408-449d-ba7b-521d0f40b752,Active power,BUD2BAC10.GU004.XJ57,39.49916859531879,MW
2026-07-01T20:00:00Z,eb54fc4b-5408-449d-ba7b-521d0f40b752,Active power,BUD2BAC10.GU004.XJ57,40.64548582712809,MW
2026-07-01T19:00:00Z,eb54fc4b-5408-449d-ba7b-521d0f40b752,Active power,BUD2BAC10.GU004.XJ57,46.34135372549908,MW
2026-07-01T18:00:00Z,eb54fc4b-5408-449d-ba7b-521d0f40b752,Active power,BUD2BAC10.GU004.XJ57,46.93159076039694,MW
2026-07-01T17:00:00Z,eb54fc4b-5408-449d-ba7b-521d0f40b752,Active power,BUD2BAC10.GU004.XJ57,46.94451950709025,MW
2026-07-01T16:00:00Z,eb54fc4b-5408-449d-ba7b-521d0f40b752,Active power,BUD2BAC10.GU004.XJ57,46.94183727054712,MW
2026-07-01T15:00:00Z,eb54fc4b-5408-449d-ba7b-521d0f40b752,Active power,BUD2BAC10.GU004.XJ57,46.78702299541897,MW
2026-07-01T14:00:00Z,eb54fc4b-5408-449d-ba7b-521d0f40b752,Active power,BUD2BAC10.GU004.XJ57,40.62597035725912,MW
2026-07-01T13:00:00Z,eb54fc4b-5408-449d-ba7b-521d0f40b752,Active power,BUD2BAC10.GU004.XJ57,37.72615542366744,MW
2026-07-01T12:00:00Z,eb54fc4b-5408-449d-ba7b-521d0f40b752,Active power,BUD2BAC10.GU004.XJ57,37.698861107296416,MW
2026-07-01T11:00:00Z,eb54fc4b-5408-449d-ba7b-521d0f40b752,Active power,BUD2BAC10.GU004.XJ57,37.20329199849797,MW
2026-07-01T10:00:00Z,eb54fc4b-5408-449d-ba7b-521d0f40b752,Active power,BUD2BAC10.GU004.XJ57,36.51243984851488,MW
2026-07-01T09:00:00Z,eb54fc4b-5408-449d-ba7b-521d0f40b752,Active power,BUD2BAC10.GU004.XJ57,37.26829024776609,MW
2026-07-01T08:00:00Z,eb54fc4b-5408-449d-ba7b-521d0f40b752,Active power,BUD2BAC10.GU004.XJ57,34.8049006904742,MW
2026-07-01T07:00:00Z,eb54fc4b-5408-449d-ba7b-521d0f40b752,Active power,BUD2BAC10.GU004.XJ57,37.21122508237202,MW
2026-07-01T06:00:00Z,eb54fc4b-5408-449d-ba7b-521d0f40b752,Active power,BUD2BAC10.GU004.XJ57,21.90797041575114,MW
2026-07-01T05:00:00Z,eb54fc4b-5408-449d-ba7b-521d0f40b752,Active power,BUD2BAC10.GU004.XJ57,21.262363949595127,MW
2026-07-01T04:00:00Z,eb54fc4b-5408-449d-ba7b-521d0f40b752,Active power,BUD2BAC10.GU004.XJ57,21.260001683764987,MW
2026-07-01T03:00:00Z,eb54fc4b-5408-449d-ba7b-521d0f40b752,Active power,BUD2BAC10.GU004.XJ57,21.256894519290636,MW
2026-07-01T02:00:00Z,eb54fc4b-5408-449d-ba7b-521d0f40b752,Active power,BUD2BAC10.GU004.XJ57,21.84169448216756,MW
2026-07-01T01:00:00Z,eb54fc4b-5408-449d-ba7b-521d0f40b752,Active power,BUD2BAC10.GU004.XJ57,22.90175036229669,MW
2026-07-01T00:00:00Z,eb54fc4b-5408-449d-ba7b-521d0f40b752,Active power,BUD2BAC10.GU004.XJ57,25.06319685051138,MW
2026-06-30T23:00:00Z,eb54fc4b-5408-449d-ba7b-521d0f40b752,Active power,BUD2BAC10.GU004.XJ57,29.993985629611544,MW
2026-06-30T22:00:00Z,eb54fc4b-5408-449d-ba7b-521d0f40b752,Active power,BUD2BAC10.GU004.XJ57,35.71145673164138,MW
2026-06-30T21:00:00Z,eb54fc4b-5408-449d-ba7b-521d0f40b752,Active power,BUD2BAC10.GU004.XJ57,34.80935634189182,MW
2026-06-30T20:00:00Z,eb54fc4b-5408-449d-ba7b-521d0f40b752,Active power,BUD2BAC10.GU004.XJ57,39.46764002699796,MW
2026-06-30T19:00:00Z,eb54fc4b-5408-449d-ba7b-521d0f40b752,Active power,BUD2BAC10.GU004.XJ57,35.326914139683545,MW
2026-06-30T18:00:00Z,eb54fc4b-5408-449d-ba7b-521d0f40b752,Active power,BUD2BAC10.GU004.XJ57,35.56932895872328,MW
2026-06-30T17:00:00Z,eb54fc4b-5408-449d-ba7b-521d0f40b752,Active power,BUD2BAC10.GU004.XJ57,37.44826497607761,MW
2026-06-30T16:00:00Z,eb54fc4b-5408-449d-ba7b-521d0f40b752,Active power,BUD2BAC10.GU004.XJ57,37.63200178146362,MW
2026-06-30T15:00:00Z,eb54fc4b-5408-449d-ba7b-521d0f40b752,Active power,BUD2BAC10.GU004.XJ57,38.1337720288907,MW
2026-06-30T14:00:00Z,eb54fc4b-5408-449d-ba7b-521d0f40b752,Active power,BUD2BAC10.GU004.XJ57,37.563219056666924,MW
2026-06-30T13:00:00Z,eb54fc4b-5408-449d-ba7b-521d0f40b752,Active power,BUD2BAC10.GU004.XJ57,34.78981493208143,MW
2026-06-30T12:00:00Z,eb54fc4b-5408-449d-ba7b-521d0f40b752,Active power,BUD2BAC10.GU004.XJ57,33.87380025015937,MW
2026-06-30T11:00:00Z,eb54fc4b-5408-449d-ba7b-521d0f40b752,Active power,BUD2BAC10.GU004.XJ57,40.95881308470254,MW
2026-06-30T10:00:00Z,eb54fc4b-5408-449d-ba7b-521d0f40b752,Active power,BUD2BAC10.GU004.XJ57,37.11589895445725,MW
2026-06-30T09:00:00Z,eb54fc4b-5408-449d-ba7b-521d0f40b752,Active power,BUD2BAC10.GU004.XJ57,28.544859219045147,MW
